"text","category"
"I need to pack for Rishikesh this afternoon.","Travel"
"The train to Shimla was surprisingly comfortable.","Travel"
"mere dost ne bola specialist ko dikhao acidity ke liye.","Health"
"Shor ki wajah se the semester project pe concentrate nahi kar paaya.","Education"
"I've been dealing with body aches today.","Health"
"I'm not sure whether to take a road trip or drive to Goa.","Travel"
"kal dinner mein pav bhaji order kiya.","Food"
"The train to Darjeeling was surprisingly comfortable.","Travel"
"The road trip to Udaipur was surprisingly comfortable, so i'm not sure whether to take a local train or drive to Kolkata.","Travel"
"I can't figure out why my smartwatch app is so slow for the past three days.","Technology"
"raat se thoda time a documentary I watched sambhalne mein laga","General/Other"
"a study lamp ki delivery late ho rahi hai is mahine aur a formal shirt ki delivery late ho rahi hai subah se.","Shopping"
"Our road trip to Dubai got delayed this morning.","Travel"
"I finally cleared my mutual fund investment these days.","Finance"
"My order got delayed.","Shopping"
"I spent some time dealing with the community meeting since last night.","General/Other"
"mere manager ne bola specialist ko dikhao badan dard ke liye.","Health"
"mere cousin ne bola my bank statement review karo par boss ne bola my monthly budget review karo.","Finance"
"i tried making tacos at home since last week","Food"
"I feel like a running nose is getting worse since Monday, so my friend suggested I see a specialist because of a migraine.","Health"
"my browser suddenly stopped working these days.","Technology"
"kal work from home karke budget proposal complete karunga par hamari team marketing plan pe atki hui hai do din se.","Work/Office"
"We're staying at a small hotel near Delhi even though our itinerary for Kerala includes a lot of sightseeing.","Travel"
"I need to pack for Kolkata these days but i finally booked a train ticket to Kolkata.","Travel"
"pichle teen din se the group presentation submit karna hai.","Education"
"My monthly budget got auto-debited by Friday.","Finance"
"My this month's rent got auto-debited today","Finance"
"aaj shaam ko online a laptop bag order kiya","Shopping"
"parso online a backpack order kiya.","Shopping"
"abhi online a backpack order kiya.","Shopping"
"mere bhai ne the weather ka zikr kiya baat cheet mein.","General/Other"
"I need to pay the tax filing this afternoon, because i finally cleared the loan application this weekend.","Finance"
"Aakhirkar the personal loan EMI clear kar diya aaj.","Finance"
"I have to submit the chemistry lab report today so i'm nervous about the group presentation scheduled since last night.","Education"
"I have to submit the online course next week.","Education"
"Friday tak ghar pe a vegetable stir fry banane ki koshish ki.","Food"
"It's hard to explain but I feel a little low after hearing the news while there's a strange feeling of being a little low after getting that message.","Mood/Emotion"
"Ghar pe sab the family gathering this weekend ke baare mein baat kar rahe the abhi.","General/Other"
"It's been a quiet day, mostly thinking about an old photo album since i spent some time dealing with the community meeting just now.","General/Other"
"Everyone at home was discussing the garden we're planting for the past three days, while everyone at home was discussing an old photo album for a couple of hours.","General/Other"
"do din se dost aa rahe hain aur momos banane ka plan hai.","Food"
"kal raat se online a kitchen mixer order kiya.","Shopping"
"Aakhirkar the tax filing clear kar diya pichle teen din se.","Finance"
"I'll be working from home this month to complete the budget proposal.","Work/Office"
"abhi the entrance exam submit karna hai.","Education"
"I took a half day these days to catch up on the client presentation.","Work/Office"
"papa ne ek jagah bataayi jahan ka rajma chawal zabardast hai.","Food"
"dopahar se leadership ke saamne client presentation present karna hai","Work/Office"
"Our team is stuck on the hiring paperwork by Friday.","Work/Office"
"subah se a fixed deposit pay karna hai kyunki kal raat se my salary pay karna hai.","Finance"
"kal online sunglasses order kiya.","Shopping"
"raat se this month's rent pay karna hai isliye aakhirkar my savings account clear kar diya Friday tak.","Finance"
"Ghar pe sab the long queue at the grocery store ke baare mein baat kar rahe the aaj.","General/Other"
"Aajkal kaafi khush feel ho raha hai kuch bhi thik nahi ho raha isliye.","Mood/Emotion"
"pasta ki delivery aane mein ek ghanta lag gaya.","Food"
"I tried making idli sambar at home since last night.","Food"
"I need to pay my credit score for the past three days and i need to pay my credit score since last night.","Finance"
"i noticed the traffic on the way home while walking today","General/Other"
"Aajkal thoda low feel ho raha hai us baat cheet ke baad","Mood/Emotion"
"I need to finish the client presentation before since noon, and my roommate asked me to revise the budget proposal for the past three days.","Work/Office"
"is mahine dost aa rahe hain aur dosa banane ka plan hai.","Food"
"I couldn't finish my plate of pasta, it was too spicy, and on top of that we ordered idli sambar for dinner from tomorrow.","Food"
"my manager recommended a place that serves amazing biryani","Food"
"mere manager ne bola thoda rest kar badan dard thik ho jayega, kyunki landlord ne bola specialist ko dikhao aankhon mein dhundhlapan ke liye.","Health"
"Store mein a new smartphone pe badi sale lagi hai kal","Shopping"
"raat se half day liya budget proposal complete karne ke liye halaanki abhi leadership ke saamne audit checklist present karna hai.","Work/Office"
"the company website keeps crashing next month.","Technology"
"I tried making tacos at home this evening.","Food"
"the company website suddenly stopped working since Monday.","Technology"
"agle mahine ghar pe biryani banane ki koshish ki","Food"
"the office printer won't connect to the internet in a while.","Technology"
"The store had a huge sale on a winter jacket tomorrow because the a kitchen mixer I ordered arrived damaged.","Shopping"
"mere manager ne bola project timeline revise karo aaj shaam ko","Work/Office"
"Pet mein dard ho raha hai.","Health"
"a running nose has been bothering me next week, but i've been dealing with a running nose this month.","Health"
"news sunne ke baad, bas ek ajeeb sa bahut motivated feeling aa rahi hai.","Mood/Emotion"
"I have to submit the group presentation for a couple of hours.","Education"
"i need to pay my bank statement this month","Finance"
"mere dost ne the online course samjhaane mein madad ki","Education"
"Bangalore wali train Monday se delay ho gayi.","Travel"
"I took a half day this month to catch up on the marketing plan, since we finally closed the status update this afternoon.","Work/Office"
"pichle hafte se takhne mein sujan thik nahi ho raha.","Health"
"pichle hafte se walk karte waqt the long queue at the grocery store dikha.","General/Other"
"the power cut yesterday came up randomly in conversation since last night.","General/Other"
"There's a strange feeling of being content after a long day.","Mood/Emotion"
"I woke up feeling overwhelmed because of everything going on lately.","Mood/Emotion"
"I need to finish the vendor contract before next month","Work/Office"
"We finally closed the hiring paperwork for a couple of hours","Work/Office"
"the office server internet se connect hi nahi ho raha pichle teen din se halaanki my browser internet se connect hi nahi ho raha kal raat se.","Technology"
"my mother scheduled a call about the audit checklist this evening.","Work/Office"
"aaj my browser reinstall karna pada.","Technology"
"my manager suggested I see a specialist because of chest tightness.","Health"
"kuch ghanton se the literature essay submit karna hai.","Education"
"subah se the community meeting ke baare mein baat hui","General/Other"
"the community meeting came up randomly in conversation by Friday while i noticed the neighbor's new dog while walking right now.","General/Other"
"Mujhe kuch ghanton se migraine ho raha hai, lekin thodi der mein se kamzori thik nahi ho raha.","Health"
"my manager advised me to review my credit card bill.","Finance"
"I've been feeling pretty disappointed after finishing the task finally.","Mood/Emotion"
"Aakhirkar hotel pahunch gaye.","Travel"
"My credit card bill got auto-debited next week.","Finance"
"I finally booked a train ticket to Delhi","Travel"
"the mobile app keeps crashing in a while.","Technology"
"the practical exam ke liye ek study group join kiya","Education"
"Everyone at home was discussing the power cut yesterday next month","General/Other"
"Aakhirkar Ladakh ke liye flight ki ticket book kar li.","Travel"
"abhi my savings account pay karna hai","Finance"
"I'm not sure whether to take a local train or drive to Darjeeling.","Travel"
"Sach kahoon toh aakhirkar kaam khatam karne ke baad, mann bahut restless hai.","Mood/Emotion"
"i tried making grilled sandwiches at home in a while","Food"
"I noticed the weekend plans while walking today.","General/Other"
"mere colleague ne ek jagah bataayi jahan ka butter chicken zabardast hai lekin kal raat se ghar pe pasta banane ki koshish ki.","Food"
"my father scheduled a call about the sales deck last night and we finally closed the sprint review last night.","Work/Office"
"I'm planning a trip to Darjeeling today.","Travel"
"store mein a pair of jeans pe badi sale lagi hai Monday se","Shopping"
"the loan application check kiya toh kuch ajeeb laga halaanki mere neighbor ne bola my credit card bill review karo.","Finance"
"my boss helped me understand the coding assignment better.","Education"
"I tried making pancakes at home today.","Food"
"My the insurance premium got auto-debited since Monday.","Finance"
"Monday se the class test submit karna hai.","Education"
"kal raat se random mein the long queue at the grocery store ki baat chal padi.","General/Other"
"kerala wali train pichle teen din se delay ho gayi isliye is weekend Delhi ghumne ka plan bana raha hoon.","Travel"
"Ghar pe sab an old photo album ke baare mein baat kar rahe the kal se.","General/Other"
"I'm not sure whether to take a cab or drive to Kolkata.","Travel"
"The delivery for a smartwatch is delayed this weekend, but my cousin recommended a good brand for a pair of sneakers.","Shopping"
"status update ko lekar meeting hai do din se.","Work/Office"
"Yeh poori tarah drained wala feeling jaa hi nahi raha aakhirkar kaam khatam karne ke baad","Mood/Emotion"
"we're hosting friends since two days and planning to make biryani and i tried making momos at home since yesterday.","Food"
"my roommate asked me to revise the vendor contract this afternoon.","Work/Office"
"my colleague scheduled a call about the marketing plan tomorrow.","Work/Office"
"is weekend a fixed deposit pay karna hai.","Finance"
"do din se leadership ke saamne performance review present karna hai.","Work/Office"
"i finally cleared the personal loan EMI since yesterday, though i finally cleared my credit card bill in a while.","Finance"
"We ordered pancakes for dinner since yesterday.","Food"
"We finally closed the hiring paperwork next month.","Work/Office"
"is weekend dost aa rahe hain aur grilled sandwiches banane ka plan hai.","Food"
"mere colleague ne the coding assignment samjhaane mein madad ki par kuch ghanton se wale the literature essay ko lekar nervous hoon.","Education"
"my sister recommended a place that serves amazing pasta.","Food"
"Samajh nahi aa raha connecting flight loon ya khud drive karke Varanasi jaaun, isliye thodi der mein Udaipur ke liye packing karni hai.","Travel"
"mere colleague ne ek achi brand suggest ki a formal shirt ke liye, par a dining table ke refund ka wait kar raha hoon.","Shopping"
"Ghar pe sab the noisy construction nearby ke baare mein baat kar rahe the thodi der mein.","General/Other"
"I'm not sure whether to take a road trip or drive to Shimla.","Travel"
"Ghar pe sab the weather ke baare mein baat kar rahe the dopahar se.","General/Other"
"kal se Mumbai ghumne ka plan bana raha hoon, uske upar se dopahar se Delhi ke liye packing karni hai.","Travel"
"my external hard drive keeps crashing today.","Technology"
"my online banking auto-debit ho gaya kal raat se","Finance"
"After months of planning, we finally booked our flights to Kerala and I can't stop looking at pictures of the backwaters we're going to visit.","Travel"
"the teacher recommended a place that serves amazing paneer tikka","Food"
"Lately I feel really happy after that conversation, and I don't know why.","Mood/Emotion"
"I'll be working from home right now to complete the status update.","Work/Office"
"I took a half day this month to catch up on the vendor contract.","Work/Office"
"I'm not sure whether to take a flight or drive to Kerala, since i'm not sure whether to take a train or drive to Mumbai.","Travel"
"Ghar pe sab the long queue at the grocery store ke baare mein baat kar rahe the is weekend.","General/Other"
"I took a half day since noon to catch up on the budget proposal.","Work/Office"
"the shopkeeper helped me understand the group presentation better.","Education"
"landlord ne ek achi brand suggest ki a new smartphone ke liye","Shopping"
"Mujhe kal se jee michlana ho raha hai.","Health"
"Monday se leadership ke saamne performance review present karna hai, uske upar se hamari team status update pe atki hui hai kuch ghanton se.","Work/Office"
"Friday tak ghar pe noodles banane ki koshish ki, jabki kal raat se ghar pe a vegetable stir fry banane ki koshish ki.","Food"
"We talked about the neighbor's new dog for a while right now.","General/Other"
"Friday tak ghar pe tacos banane ki koshish ki.","Food"
"my manager recommended a place that serves amazing a cheese pizza.","Food"
"my appointment for a migraine got rescheduled","Health"
"the history assignment expectation se zyada tough nikal raha hai","Education"
"the delivery for a set of headphones is delayed next month","Shopping"
"I finally cleared this month's rent since last night.","Finance"
"kal se the chemistry lab report submit karna hai kyunki poori raat jaagkar the coding assignment complete kiya.","Education"
"Abhi Mumbai wali local train ke liye check-in kar liya.","Travel"
"I can't shake off this really excited feeling since the plans got cancelled.","Mood/Emotion"
"I've started taking medicine for nausea","Health"
"i had to reinstall my external hard drive last night, since i had to reinstall my browser this morning.","Technology"
"I'm planning a trip to Bangalore right now plus we're renting a car once we reach Darjeeling.","Travel"
"abhi ghar pe butter chicken banane ki koshish ki.","Food"
"mere colleague ne bola specialist ko dikhao sar dard ke liye.","Health"
"I tried making a vegetable stir fry at home for the past three days but we're hosting friends this weekend and planning to make a vegetable stir fry.","Food"
"I ordered a handbag online this morning.","Shopping"
"Monday se thoda time the noisy construction nearby sambhalne mein laga","General/Other"
"Honestly, I feel unusually calm since things didn't go as planned.","Mood/Emotion"
"my brother recommended a good brand for a dining table, while i ordered a pair of jeans online last night.","Shopping"
"I can't stop coughing.","Health"
"after that conversation, I've just been feeling very motivated.","Mood/Emotion"
"I need to finish the code review before since last week, and our team is stuck on the performance review next month.","Work/Office"
"abhi wale the class test ko lekar nervous hoon.","Education"
"I think I need a checkup for blurry vision.","Health"
"my password manager internet se connect hi nahi ho raha is hafte, par my external hard drive internet se connect hi nahi ho raha pichle hafte se.","Technology"
"There's a meeting about the budget proposal scheduled these days.","Work/Office"
"our train to Kolkata got delayed since Monday","Travel"
"Our team is stuck on the marketing plan since morning but i'll be working from home since yesterday to complete the quarterly report.","Work/Office"
"aaj half day liya sales deck complete karne ke liye, par abhi half day liya performance review complete karne ke liye.","Work/Office"
"pet dard ki wajah se is hafte kaam pe nahi ja paaya.","Health"
"I need to exchange a winter jacket for a different size.","Shopping"
"I had to reinstall my external hard drive since noon.","Technology"
"It's hard to explain but I feel emotionally exhausted after that argument.","Mood/Emotion"
"kuch minute pehle wale the history assignment ko lekar nervous hoon uske alawa dopahar se wale the thesis draft ko lekar nervous hoon.","Education"
"I'm planning a trip to Delhi tomorrow.","Travel"
"Aajkal demotivated feel ho raha hai us baat cheet ke baad","Mood/Emotion"
"I feel like swelling in my ankle is getting worse since last night since i feel like a headache is getting worse just now.","Health"
"Our teacher gave extra homework for the final exams so i have to submit the coding assignment this morning.","Education"
"aaj shaam ko the office printer reinstall karna pada, kyunki customer support wale ne my smartwatch app fix karne mein madad ki.","Technology"
"Our connecting flight to Udaipur got delayed for a couple of hours, though i finally booked a local train ticket to Goa.","Travel"
"i've started taking medicine for blurry vision","Health"
"Friday tak the class test submit karna hai, isliye subah se wale the practical exam ko lekar nervous hoon.","Education"
"I'm planning a trip to Ooty this afternoon.","Travel"
"my mother recommended a place that serves amazing a vegetable stir fry because i tried making pav bhaji at home in a while.","Food"
"Abhi Goa wali connecting flight ke liye check-in kar liya.","Travel"
"my sister advised me to review my credit score","Finance"
"I compared prices for a pair of sneakers across three websites while the delivery for a smartwatch is delayed from tomorrow.","Shopping"
"i need to pay my savings account a few minutes ago, but the shopkeeper advised me to review a fixed deposit.","Finance"
"doctor ne the traffic on the way home ka zikr kiya baat cheet mein.","General/Other"
"We talked about the power cut yesterday for a while since yesterday but the neighbor's new dog came up randomly in conversation tomorrow.","General/Other"
"i had to skip work due to a headache by Friday though i've been dealing with a running nose this evening.","Health"
"landlord ne bola specialist ko dikhao takhne mein sujan ke liye.","Health"
"We're hosting friends this afternoon and planning to make tacos.","Food"
"It's hard to explain but I feel demotivated after that conversation.","Mood/Emotion"
"The power went out for almost four hours yesterday because of the storm, so we ended up playing board games by candlelight the whole evening.","General/Other"
"Aakhirkar marketing plan close kar diya abhi.","Work/Office"
"is weekend online a backpack order kiya.","Shopping"
"The delivery for a handbag is delayed from tomorrow.","Shopping"
"I had to reinstall my email account right now","Technology"
"Our local train to Jaipur got delayed last night.","Travel"
"The delivery for a backpack is delayed from tomorrow.","Shopping"
"I need to finish the onboarding documents before since last week.","Work/Office"
"aaj shaam ko dost aa rahe hain aur momos banane ka plan hai halaanki agle hafte dost aa rahe hain aur tacos banane ka plan hai.","Food"
"mummy ne ek achi brand suggest ki a dining table ke liye.","Shopping"
"Friday tak walk karte waqt the weekend plans dikha","General/Other"
"kuch ghanton se the operating system reinstall karna pada.","Technology"
"my friend helped me fix my laptop.","Technology"
"landlord ne ek jagah bataayi jahan ka idli sambar zabardast hai.","Food"
"Monday se a documentary I watched ke baare mein baat hui.","General/Other"
"My the loan application got auto-debited since noon.","Finance"
"I ordered a dining table online tomorrow.","Shopping"
"Darjeeling wali flight subah se delay ho gayi jabki abhi Delhi wali flight ke liye check-in kar liya.","Travel"
"i noticed the power cut yesterday while walking since morning, so i noticed the festival preparations while walking since two days.","General/Other"
"Our train to Darjeeling got delayed from tomorrow","Travel"
"The delivery for a laptop bag is delayed by Friday.","Shopping"
"I noticed the neighbor's new dog while walking these days","General/Other"
"Just bought a new bag.","Shopping"
"i noticed the neighbor's new dog while walking since yesterday","General/Other"
"mummy ne mathematics samjhaane mein madad ki.","Education"
"I finally decided to switch to a new laptop after the old one kept overheating and shutting down randomly during important video calls.","Technology"
"Bataana mushkil hai lekin wo message padhne ke baad bahut akela hoon","Mood/Emotion"
"sab kuch ek saath ho raha hai isliye bas ek ajeeb sa thoda low feeling aa rahi hai","Mood/Emotion"
"I'm still preparing for the thesis draft.","Education"
"Aakhirkar physics ka result aa gaya","Education"
"I ordered a winter jacket online just now, while the delivery for a dining table is delayed this afternoon.","Shopping"
"the loan application auto-debit ho gaya abhi.","Finance"
"my brother mentioned the power cut yesterday during our chat.","General/Other"
"the company website achanak kaam karna band kar diya is weekend uske alawa the new software update kiya aur ab kuch bhi thik se kaam nahi kar raha.","Technology"
"I can't shake off this extremely stressed feeling thinking about the future.","Mood/Emotion"
"teen websites pe a winter jacket ka price compare kiya","Shopping"
"kal se Kolkata ke liye packing karni hai.","Travel"
"I'm nervous about physics scheduled tomorrow.","Education"
"customer support helped me fix the new software update.","Technology"
"raat se the operating system reinstall karna pada.","Technology"
"the garden we're planting ke baare mein batana bhool gaya tha","General/Other"
"my password manager keeps crashing since morning.","Technology"
"monday se mathematics submit karna hai","Education"
"parso thoda time the neighborhood cat sambhalne mein laga","General/Other"
"I spent some time dealing with the garden we're planting since last week.","General/Other"
"Kolkata wali road trip is mahine delay ho gayi.","Travel"
"my neighbor recommended a place that serves amazing pancakes","Food"
"The flight to Ooty was surprisingly comfortable.","Travel"
"I've been feeling irritated after hearing the news.","Mood/Emotion"
"parso dinner mein idli sambar order kiya","Food"
"I feel like joint pain is getting worse since two days, and an ear infection has been bothering me next month.","Health"
"Aakhirkar the electricity bill clear kar diya parso, uske upar se aakhirkar the loan application clear kar diya subah se.","Finance"
"udaipur wali overnight bus kuch ghanton se delay ho gayi, aur is hafte Singapore ke liye packing karni hai.","Travel"
"Abhi bhi the group presentation ki taiyari kar raha hoon uske alawa abhi wale the scholarship application ko lekar nervous hoon.","Education"
"Aakhirkar the electricity bill clear kar diya subah se.","Finance"
"The delivery for a set of headphones is delayed this morning and the delivery for a new smartphone is delayed today.","Shopping"
"aaj online a handbag order kiya.","Shopping"
"I need to pack for Rishikesh since morning, and our local train to Ladakh got delayed since two days.","Travel"
"Ghar pe sab the neighbor's new dog ke baare mein baat kar rahe the is mahine","General/Other"
"Mujhe pichle teen din se sar dard ho raha hai.","Health"
"i have to submit physics in a while","Education"
"my phone baar crash ho raha hai kal raat se.","Technology"
"the Wi-Fi router keeps crashing a few minutes ago","Technology"
"my browser suddenly stopped working since last week","Technology"
"I tried making rajma chawal at home by Friday.","Food"
"sunglasses ki delivery late ho rahi hai is mahine.","Shopping"
"Main thoda low feel kar raha hoon wo message padhne ke baad","Mood/Emotion"
"Ooty wali train kuch minute pehle delay ho gayi.","Travel"
"abhi the practical exam submit karna hai.","Education"
"Main ajeeb sa calm feel kar raha hoon us bahas ke baad.","Mood/Emotion"
"boss ne ek achi brand suggest ki a pair of jeans ke liye.","Shopping"
"the store had a huge sale on a smartwatch since noon and the delivery for a laptop bag is delayed in a while.","Shopping"
"landlord ne the semester project samjhaane mein madad ki.","Education"
"Goa wali local train kaafi comfortable thi.","Travel"
"agle hafte mathematics submit karna hai","Education"
"The deadline for the quarterly report got moved up since last night.","Work/Office"
"my browser baar crash ho raha hai kal isliye teacher ne my external hard drive fix karne mein madad ki.","Technology"
"chakkar ki wajah se subah se kaam pe nahi ja paaya.","Health"
"abhi dinner mein butter chicken order kiya.","Food"
"I spent some time dealing with the weekend plans just now.","General/Other"
"The delivery for a dining table is delayed this month.","Shopping"
"Lately I feel quite anxious since I've been so busy, and I don't know why.","Mood/Emotion"
"aakhirkar Jaipur ke liye cab ki ticket book kar li","Travel"
"I have to submit the scholarship application this weekend.","Education"
"I couldn't sleep properly because of dizziness a few minutes ago.","Health"
"it's hard to explain but I feel hopeful because I miss my old friends","Mood/Emotion"
"my salary mein kuch mismatch hai jise sort karna hai, kyunki mere manager ne bola my online banking review karo.","Finance"
"Pata nahi kyun par us baat cheet ke baad bahut irritated lag raha hoon.","Mood/Emotion"
"Samajh nahi aa raha cab loon ya khud drive karke Udaipur jaaun halaanki abhi Jaipur ghumne ka plan bana raha hoon.","Travel"
"a dining table pe zabardast discount mila.","Shopping"
"mere dost ne ek achi brand suggest ki a study lamp ke liye","Shopping"
"this month's rent auto-debit ho gaya kal raat se.","Finance"
"I need to pack for Singapore this evening but our local train to Singapore got delayed right now.","Travel"
"papa ne the final exams samjhaane mein madad ki.","Education"
"agle mahine dost aa rahe hain aur rajma chawal banane ka plan hai.","Food"
"I finally got my results for the final exams, while i have to submit the group presentation from tomorrow.","Education"
"Technician ne my smartwatch app dekha lekin issue nahi mila.","Technology"
"Hamari team audit checklist pe atki hui hai dopahar se.","Work/Office"
"kal raat se Udaipur ke liye packing karni hai, par ooty wali local train subah se delay ho gayi.","Travel"
"is hafte wale the history assignment ko lekar nervous hoon.","Education"
"I can't figure out why my email account is so slow since morning, while i can't figure out why the office printer is so slow this evening.","Technology"
"Aakhirkar Delhi ke liye train ki ticket book kar li.","Travel"
"I need to pay the tax filing from tomorrow.","Finance"
"there's a meeting about the vendor contract scheduled since Monday, and i need to finish the sprint review before this weekend.","Work/Office"
"pichle teen din se my bank statement pay karna hai, lekin aakhirkar my savings account clear kar diya pichle hafte se.","Finance"
"Yeh kaafi khush wala feeling jaa hi nahi raha purane dosto ki yaad aane se.","Mood/Emotion"
"meri behen ne bola thoda rest kar jee michlana thik ho jayega.","Health"
"Aajkal poori tarah drained feel ho raha hai sab kuch ek saath ho raha hai isliye","Mood/Emotion"
"Mujhe parso se ghutno mein dard ho raha hai, par dhire jee michlana se recover kar raha hoon.","Health"
"my roommate recommended a place that serves amazing rajma chawal.","Food"
"Our road trip to Ooty got delayed by Friday.","Travel"
"the company website internet se connect hi nahi ho raha abhi lekin aaj shaam ko the Wi-Fi router reinstall karna pada.","Technology"
"Mujhe is weekend se kaan mein infection ho raha hai.","Health"
"I'm nervous about the scholarship application scheduled this evening since i'm nervous about the class test scheduled in a while.","Education"
"my colleague scheduled a call about the status update a few minutes ago","Work/Office"
"is hafte dinner mein pancakes order kiya","Food"
"my savings account auto-debit ho gaya abhi.","Finance"
"kal mathematics submit karna hai.","Education"
"pichle hafte se walk karte waqt the new furniture we bought dikha.","General/Other"
"teacher ne bola thoda rest kar acidity thik ho jayega.","Health"
"I can't figure out why the company website is so slow since noon.","Technology"
"Everyone at home was discussing the weather since last night.","General/Other"
"I tried making dosa at home tomorrow.","Food"
"Lately I feel unusually calm without any clear reason, and I don't know why.","Mood/Emotion"
"abhi Rishikesh ke liye packing karni hai.","Travel"
"agle mahine dost aa rahe hain aur a vegetable stir fry banane ka plan hai.","Food"
"There's a strange feeling of being emotionally exhausted after a long day.","Mood/Emotion"
"landlord ne ek achi brand suggest ki a dining table ke liye, isliye hafton sochne ke baad aakhirkar sunglasses khareed liya.","Shopping"
"my mother recommended a place that serves amazing tacos.","Food"
"meri behen ne ek jagah bataayi jahan ka idli sambar zabardast hai.","Food"
"I finally cleared my monthly budget since last night.","Finance"
"i had to reinstall my phone since two days, because my password manager suddenly stopped working this morning.","Technology"
"I tried making noodles at home since two days.","Food"
"do din se random mein the community meeting ki baat chal padi","General/Other"
"i have to submit the group presentation right now, while i have to submit the coding assignment this month.","Education"
"a smartwatch ki delivery late ho rahi hai pichle teen din se par store mein a pair of jeans pe badi sale lagi hai agle mahine.","Shopping"
"raat se thoda time the family gathering this weekend sambhalne mein laga","General/Other"
"I finally booked a cab ticket to Darjeeling so our road trip to Shimla got delayed this afternoon.","Travel"
"my salary auto-debit ho gaya raat se","Finance"
"my smartwatch app achanak kaam karna band kar diya is weekend.","Technology"
"agle mahine se chakkar thik nahi ho raha, uske upar se dhire kaan mein infection se recover kar raha hoon.","Health"
"dopahar se Goa ghumne ka plan bana raha hoon par jaipur wali road trip kuch ghanton se delay ho gayi.","Travel"
"I spent almost two hours on the phone with the internet provider trying to figure out why the Wi-Fi router keeps disconnecting every few minutes.","Technology"
"Restaurant ka butter chicken bahut tasty tha.","Food"
"Sach kahoon toh news sunne ke baad, mann bahut nervous hai.","Mood/Emotion"
"I'm not sure whether to take a flight or drive to Kolkata, but i need to pack for Delhi next week.","Travel"
"customer support wale ne bola the tax filing review karo lekin my mutual fund investment auto-debit ho gaya agle hafte.","Finance"
"is mahine dinner mein butter chicken order kiya.","Food"
"my colleague recommended a good brand for a laptop bag.","Shopping"
"abhi se kaafi khaansi thik nahi ho raha, kyunki mujhe kal raat se halka bukhar ho raha hai.","Health"
"I just checked in for my overnight bus to Delhi since our cab to Kolkata got delayed these days.","Travel"
"kal se my smartwatch app reinstall karna pada uske alawa the office server baar crash ho raha hai aaj shaam ko.","Technology"
"parso wale the coding assignment ko lekar nervous hoon.","Education"
"I noticed the traffic on the way home while walking right now.","General/Other"
"Restaurant ka noodles bahut tasty tha.","Food"
"Recovering slowly from stomach pain since noon.","Health"
"Lately I feel irritated since the plans got cancelled, and I don't know why.","Mood/Emotion"
"I skipped lunch and just had tacos instead.","Food"
"bina kisi wajah ke, bas ek ajeeb sa proud feeling aa rahi hai","Mood/Emotion"
"my mother mentioned the new furniture we bought during our chat","General/Other"
"ghar pe sab the neighborhood cat ke baare mein baat kar rahe the thodi der mein","General/Other"
"my browser internet se connect hi nahi ho raha subah se, aur my smartwatch app achanak kaam karna band kar diya agle mahine.","Technology"
"We ordered a cheese pizza for dinner since last week","Food"
"my smartwatch app won't connect to the internet from tomorrow even though i had to reinstall my laptop since last night.","Technology"
"Aaj clinic jaana hai migraine check karwane.","Health"
"the shopkeeper helped me understand the scholarship application better, but my sister helped me understand the group presentation better.","Education"
"Aakhirkar the tax filing clear kar diya Monday se.","Finance"
"mere colleague ne bola specialist ko dikhao kamzori ke liye.","Health"
"kal se dost aa rahe hain aur butter chicken banane ka plan hai.","Food"
"parso dinner mein noodles order kiya.","Food"
"There's a meeting about the status update scheduled tomorrow.","Work/Office"
"a pair of running shoes ki delivery late ho rahi hai is hafte, par customer support wale ne ek achi brand suggest ki a kitchen mixer ke liye.","Shopping"
"Mumbai wali local train aaj delay ho gayi, kyunki goa ke hotel ne free mein room upgrade kar diya.","Travel"
"mere colleague ne bola thoda rest kar jee michlana thik ho jayega.","Health"
"Aakhirkar a fixed deposit clear kar diya kuch ghanton se, aur bank se my mutual fund investment ke baare mein notification aayi.","Finance"
"kal dinner mein paneer tikka order kiya.","Food"
"I finally booked a train ticket to Udaipur though our overnight bus to Delhi got delayed this weekend.","Travel"
"The delivery for a handbag is delayed for a couple of hours so the store had a huge sale on a dining table a few minutes ago.","Shopping"
"Main demotivated feel kar raha hoon news sunne ke baad.","Mood/Emotion"
"Main thoda low feel kar raha hoon future ke baare mein soch kar.","Mood/Emotion"
"I couldn't sleep properly because of chest tightness this weekend.","Health"
"I had to reinstall the Wi-Fi router right now.","Technology"
"I finally cleared the tax filing by Friday and the teacher advised me to review my monthly budget.","Finance"
"my manager scheduled a call about the audit checklist for a couple of hours","Work/Office"
"papa ne bola my monthly budget review karo","Finance"
"aaj shaam ko online a formal shirt order kiya isliye monday se online a kitchen mixer order kiya.","Shopping"
"We ordered a fruit salad for dinner just now.","Food"
"body aches has been bothering me this weekend.","Health"
"Everyone at home was discussing the new furniture we bought since two days.","General/Other"
"I'm nervous about the online course scheduled last night","Education"
"code review ko lekar meeting hai is hafte jabki kuch ghanton se half day liya sales deck complete karne ke liye.","Work/Office"
"The store had a huge sale on a kitchen mixer since morning.","Shopping"
"Purana laptop baar overheat hoke important video calls ke beech mein band ho jaata tha isliye aakhirkar naya lene ka decide kiya.","Technology"
"abhi the noisy construction nearby ke baare mein baat hui","General/Other"
"We talked about the weather for a while right now.","General/Other"
"my father recommended a place that serves amazing dosa plus we're hosting friends this morning and planning to make paneer tikka.","Food"
"a fixed deposit auto-debit ho gaya abhi.","Finance"
"Friday tak client presentation complete karna hai.","Work/Office"
"the tax filing auto-debit ho gaya aaj shaam ko.","Finance"
"Mujhe lagta hai aankhon mein dhundhlapan badhta ja raha hai.","Health"
"is mahine wale the entrance exam ko lekar nervous hoon.","Education"
"We're hosting friends today and planning to make a cheese pizza since we ordered idli sambar for dinner since last night.","Food"
"the delivery for a handbag is delayed since two days","Shopping"
"butter chicken ki delivery aane mein ek ghanta lag gaya.","Food"
"mere roommate ne the neighbor's new dog ka zikr kiya baat cheet mein.","General/Other"
"Store mein a set of headphones pe badi sale lagi hai aaj shaam ko.","Shopping"
"I have to submit the class test this month.","Education"
"Bataana mushkil hai lekin kuch bhi thik nahi ho raha isliye bahut emotionally thaka hua hoon.","Mood/Emotion"
"kal raat se the class test submit karna hai.","Education"
"mere colleague ne bola thoda rest kar acidity thik ho jayega halaanki aaj clinic jaana hai halka bukhar check karwane.","Health"
"I'm returning a pair of jeans because it didn't fit.","Shopping"
"I can't figure out why the mobile app is so slow for a couple of hours.","Technology"
"My credit score got auto-debited since Monday.","Finance"
"I have a test tomorrow.","Education"
"Store mein sunglasses pe badi sale lagi hai kal.","Shopping"
"Monday se the new furniture we bought ke baare mein baat hui.","General/Other"
"The store had a huge sale on a formal shirt next week.","Shopping"
"Aakhirkar the tax filing clear kar diya do din se.","Finance"
"Store mein a smartwatch pe badi sale lagi hai pichle hafte se, aur kal raat se online a handbag order kiya.","Shopping"
"kuch minute pehle wale the chemistry lab report ko lekar nervous hoon","Education"
"I ordered sunglasses online since two days.","Shopping"
"The delivery for a laptop bag is delayed this evening.","Shopping"
"customer support advised me to review my bank statement, and on top of that the teacher advised me to review the tax filing.","Finance"
"this month's rent auto-debit ho gaya abhi","Finance"
"Power went out again.","General/Other"
"my landlord mentioned the neighborhood cat during our chat.","General/Other"
"I'm nervous about the practical exam scheduled next week because i have to submit the coding assignment for a couple of hours.","Education"
"an old photo album came up randomly in conversation next month while i noticed the weather while walking just now.","General/Other"
"i need to pack for Ladakh since morning","Travel"
"kal se random mein a documentary I watched ki baat chal padi.","General/Other"
"I need to pay my mutual fund investment next month.","Finance"
"do din se the history assignment submit karna hai.","Education"
"my brother advised me to review this month's rent.","Finance"
"Yeh biryani ki khushbu zabardast hai.","Food"
"Pata nahi kyun par itna busy rehne ki wajah se bahut excited lag raha hoon.","Mood/Emotion"
"mere cousin ne bola specialist ko dikhao gale mein kharash ke liye, lekin mujhe pichle teen din se kaan mein infection ho raha hai.","Health"
"is mahine dost aa rahe hain aur a cheese pizza banane ka plan hai.","Food"
"my roommate recommended a place that serves amazing pav bhaji.","Food"
"the scholarship application expectation se zyada tough nikal raha hai.","Education"
"I have to submit the class test for the past three days even though i have to submit the chemistry lab report since yesterday.","Education"
"ghar pe sab the neighbor's new dog ke baare mein baat kar rahe the kuch ghanton se","General/Other"
"is mahine dost aa rahe hain aur pasta banane ka plan hai","Food"
"i'm nervous about the final exams scheduled a few minutes ago, but i have to submit the scholarship application since last week.","Education"
"Lately I feel nervous after that argument, and I don't know why and it's hard to explain but I feel very motivated because I miss my old friends.","Mood/Emotion"
"parso online a formal shirt order kiya.","Shopping"
"We ordered grilled sandwiches for dinner in a while.","Food"
"the new software update internet se connect hi nahi ho raha pichle teen din se.","Technology"
"We're hosting friends since last night and planning to make noodles.","Food"
"agle hafte online a pair of jeans order kiya.","Shopping"
"Monday se dinner mein noodles order kiya","Food"
"the doctor helped me fix the office printer.","Technology"
"Ladakh wali local train kuch minute pehle delay ho gayi kyunki thodi der mein Ooty ghumne ka plan bana raha hoon.","Travel"
"thodi der mein an old photo album ke baare mein baat hui.","General/Other"
"The interview process for the new hire got delayed because two of the panel members had conflicting schedules this week.","Work/Office"
"parso my savings account pay karna hai.","Finance"
"abhi the history assignment submit karna hai","Education"
"a pair of running shoes ki delivery late ho rahi hai abhi aur store mein a winter jacket pe badi sale lagi hai parso.","Shopping"
"I had to skip work due to body aches by Friday.","Health"
"my cousin mentioned the neighborhood cat during our chat.","General/Other"
"mere colleague ne bola specialist ko dikhao kamar dard ke liye","Health"
"I finally booked a flight ticket to Delhi while i just checked in for my train to Udaipur.","Travel"
"Friday tak online a backpack order kiya.","Shopping"
"the long queue at the grocery store came up randomly in conversation a few minutes ago","General/Other"
"Bataana mushkil hai lekin plan cancel hone ke baad bahut motivated hoon.","Mood/Emotion"
"Professor ne mathematics ki deadline badha di.","Education"
"mummy ne my smartwatch app fix karne mein madad ki isliye samajh nahi aa raha the company website itna slow kyun hai aaj shaam ko.","Technology"
"I had to reinstall my smartwatch app since last week.","Technology"
"the shopkeeper helped me fix my password manager, and on top of that i had to reinstall the operating system this month.","Technology"
"The deadline for the performance review got moved up since noon.","Work/Office"
"The deadline for the client presentation got moved up tomorrow.","Work/Office"
"The delivery for a study lamp is delayed since two days, but the delivery for a study lamp is delayed last night.","Shopping"
"boss ne the community meeting ka zikr kiya baat cheet mein.","General/Other"
"aajkal walk karte waqt the weather dikha","General/Other"
"I'm planning a trip to Singapore tomorrow.","Travel"
"my smartwatch app suddenly stopped working this morning.","Technology"
"subah se online a handbag order kiya.","Shopping"
"kerala wali train Monday se delay ho gayi","Travel"
"landlord ne khush nahi hai marketing plan ke result se par dukaandaar ne khush nahi hai team meeting notes ke result se.","Work/Office"
"is hafte thoda time the garden we're planting sambhalne mein laga","General/Other"
"pata nahi kyun par us baat cheet ke baad bahut overwhelmed lag raha hoon","Mood/Emotion"
"the long queue at the grocery store came up randomly in conversation for a couple of hours.","General/Other"
"I finally booked a road trip ticket to Shimla","Travel"
"Samajh nahi aa raha my email account itna slow kyun hai aaj shaam ko.","Technology"
"abhi Varanasi ke liye packing karni hai","Travel"
"the electricity bill ki wajah se budget dobara plan kar raha hoon","Finance"
"my friend scheduled a call about the sales deck since last week.","Work/Office"
"Our itinerary for Bangalore includes a lot of sightseeing.","Travel"
"My credit score got auto-debited by Friday.","Finance"
"I finally cleared the electricity bill these days.","Finance"
"I tried making biryani at home this weekend, but we're hosting friends by Friday and planning to make paneer tikka.","Food"
"teacher ne the semester project ka extra homework de diya, uske upar se pichle teen din se mathematics submit karna hai.","Education"
"Samajh nahi aa raha my email account itna slow kyun hai thodi der mein.","Technology"
"team meeting notes ki deadline aage badh gayi Monday se, uske upar se boss ne code review ke baare mein call rakhi hai kal.","Work/Office"
"I ordered a pair of running shoes online tomorrow, though my neighbor recommended a good brand for a formal shirt.","Shopping"
"papa ne ek achi brand suggest ki a winter jacket ke liye kyunki pichle teen din se online a dining table order kiya.","Shopping"
"I have to submit mathematics this weekend.","Education"
"I'm troubleshooting the operating system right now","Technology"
"Mujhe agle hafte se jee michlana ho raha hai halaanki mujhe thodi der mein se pet dard ho raha hai.","Health"
"the office printer baar crash ho raha hai parso kyunki the operating system internet se connect hi nahi ho raha kuch ghanton se.","Technology"
"Recovering slowly from a headache for a couple of hours.","Health"
"future ke baare mein soch kar, bas ek ajeeb sa ajeeb sa calm feeling aa rahi hai.","Mood/Emotion"
"a fixed deposit auto-debit ho gaya kuch minute pehle","Finance"
"I have to submit the thesis draft for a couple of hours.","Education"
"I've been dealing with a headache next week.","Health"
"Ghar pe sab the community meeting ke baare mein baat kar rahe the Monday se","General/Other"
"the delivery guy recommended a place that serves amazing biryani.","Food"
"Aakhirkar Ladakh ke liye train ki ticket book kar li.","Travel"
"my external hard drive suddenly stopped working since morning, because my external hard drive won't connect to the internet since noon.","Technology"
"kaafi khaansi ki wajah se subah se kaam pe nahi ja paaya.","Health"
"Honestly, I feel unusually calm because I miss my old friends.","Mood/Emotion"
"kuch minute pehle walk karte waqt the noisy construction nearby dikha.","General/Other"
"Pune wali connecting flight dopahar se delay ho gayi.","Travel"
"I'm nervous about the literature essay scheduled in a while.","Education"
"I took a half day for a couple of hours to catch up on the audit checklist.","Work/Office"
"thodi der mein Ladakh ke liye packing karni hai, jabki shimla wali cab aaj shaam ko delay ho gayi.","Travel"
"meri behen ne bola onboarding documents revise karo is mahine","Work/Office"
"I need to finish the client presentation before from tomorrow.","Work/Office"
"my credit score got auto-debited next month","Finance"
"There's a meeting about the sprint review scheduled in a while though my friend asked me to revise the vendor contract since morning.","Work/Office"
"My monthly budget got auto-debited from tomorrow","Finance"
"customer support wale ne ek achi brand suggest ki a smartwatch ke liye, uske upar se landlord ne ek achi brand suggest ki a set of headphones ke liye.","Shopping"
"Samajh nahi aa raha flight loon ya khud drive karke Kerala jaaun.","Travel"
"I feel like body aches is getting worse this afternoon","Health"
"our train to Udaipur got delayed this weekend though we're renting a car once we reach Varanasi.","Travel"
"Recovering slowly from weakness since Monday.","Health"
"I need to pay the electricity bill from tomorrow even though my the loan application got auto-debited next month.","Finance"
"Subah se hi poori tarah drained mehsoos ho raha hai kuch bhi thik nahi ho raha isliye.","Mood/Emotion"
"I'll be working from home in a while to complete the project timeline.","Work/Office"
"I had to reinstall my external hard drive right now.","Technology"
"abhi dinner mein a vegetable stir fry order kiya.","Food"
"aaj shaam ko Kerala ghumne ka plan bana raha hoon, lekin pichle teen din se Ladakh ghumne ka plan bana raha hoon.","Travel"
"kal se thoda time the neighbor's new dog sambhalne mein laga.","General/Other"
"I spent some time dealing with the weekend plans next month.","General/Other"
"We finally closed the client presentation in a while my neighbor scheduled a call about the quarterly report since Monday.","Work/Office"
"my colleague helped me understand the semester project better.","Education"
"my laptop suddenly stopped working in a while.","Technology"
"my credit score got auto-debited right now","Finance"
"I need to pay my online banking last night while my mother advised me to review my salary.","Finance"
"raat se walk karte waqt the family gathering this weekend dikha.","General/Other"
"There's a strange feeling of being a bit lonely because nothing seems to be going right.","Mood/Emotion"
"My the electricity bill got auto-debited this morning.","Finance"
"I have to submit the online course since last week.","Education"
"I ordered a smartwatch online just now.","Shopping"
"teacher ne bola thoda rest kar naak behna thik ho jayega.","Health"
"boss ne bola thoda rest kar halka bukhar thik ho jayega.","Health"
"Bataana mushkil hai lekin news sunne ke baad bahut santusht hoon.","Mood/Emotion"
"dukaandaar ne ek achi brand suggest ki a smartwatch ke liye.","Shopping"
"customer support wale ne khush nahi hai performance review ke result se.","Work/Office"
"I noticed blurry vision since noon and it's not going away while i feel like stomach pain is getting worse today.","Health"
"Subah se hi bahut motivated mehsoos ho raha hai itna busy rehne ki wajah se.","Mood/Emotion"
"the cab to Kolkata was surprisingly comfortable","Travel"
"Singapore wali flight kaafi comfortable thi.","Travel"
"We ordered idli sambar for dinner since morning.","Food"
"kal raat se migraine thik nahi ho raha.","Health"
"agle hafte the operating system reinstall karna pada.","Technology"
"pichle teen din se the class test submit karna hai lekin kal raat se wale the entrance exam ko lekar nervous hoon.","Education"
"the traffic on the way home came up randomly in conversation since two days plus i noticed the festival preparations while walking for the past three days.","General/Other"
"Lately I feel unusually calm because nothing seems to be going right, and I don't know why.","Mood/Emotion"
"the new software update suddenly stopped working just now since the office server suddenly stopped working next month.","Technology"
"I'm planning a trip to Varanasi today","Travel"
"I've been feeling proud after finishing the task finally.","Mood/Emotion"
"mere roommate ne ek jagah bataayi jahan ka paneer tikka zabardast hai.","Food"
"agle hafte dinner mein pancakes order kiya.","Food"
"is mahine online a study lamp order kiya.","Shopping"
"I need to finish the code review before for a couple of hours though the deadline for the vendor contract got moved up since last week.","Work/Office"
"I tried making rajma chawal at home in a while.","Food"
"pichle teen din se dost aa rahe hain aur dosa banane ka plan hai, jabki thodi der mein dinner mein idli sambar order kiya.","Food"
"my phone won't connect to the internet since noon.","Technology"
"agle hafte leadership ke saamne sales deck present karna hai.","Work/Office"
"paneer tikka ki delivery aane mein ek ghanta lag gaya","Food"
"There's a meeting about the client presentation scheduled this afternoon.","Work/Office"
"the delivery guy helped me fix the mobile app.","Technology"
"is weekend work from home karke team meeting notes complete karunga isliye hamari team status update pe atki hui hai parso.","Work/Office"
"without any clear reason, I've just been feeling demotivated.","Mood/Emotion"
"Mera order late ho gaya.","Shopping"
"Samajh nahi aa raha overnight bus loon ya khud drive karke Ooty jaaun, uske upar se kuch minute pehle Mumbai ke liye packing karni hai.","Travel"
"abhi se migraine thik nahi ho raha.","Health"
"My the tax filing got auto-debited right now.","Finance"
"my professor asked me to revise the quarterly report since yesterday","Work/Office"
"Shimla wali train is hafte delay ho gayi.","Travel"
"I noticed the neighborhood cat while walking a few minutes ago, and i spent some time dealing with the neighbor's new dog since two days.","General/Other"
"I'm nervous about mathematics scheduled last night.","Education"
"Aakhirkar the loan application clear kar diya Friday tak.","Finance"
"Recovering slowly from body aches since yesterday.","Health"
"We talked about the neighbor's new dog for a while for a couple of hours.","General/Other"
"badan dard ki wajah se agle hafte kaam pe nahi ja paaya","Health"
"Monday se tak budget proposal complete karna hai.","Work/Office"
"sales deck ko lekar meeting hai kuch minute pehle, uske upar se client presentation ki deadline aage badh gayi raat se.","Work/Office"
"We finally closed the audit checklist since last night.","Work/Office"
"Lately I feel proud after that conversation, and I don't know why.","Mood/Emotion"
"Monday se tak quarterly report complete karna hai aur quarterly report ki deadline aage badh gayi Monday se.","Work/Office"
"subah se the personal loan EMI pay karna hai.","Finance"
"I tried making a cheese pizza at home this weekend.","Food"
"audit checklist submit kar diya Monday se lekin abhi tak reply nahi aaya.","Work/Office"
"I finally cleared my salary this month","Finance"
"I ordered a study lamp online today.","Shopping"
"My mutual fund investment got auto-debited these days.","Finance"
"parso the practical exam submit karna hai.","Education"
"kuch minute pehle wale the final exams ko lekar nervous hoon.","Education"
"I skipped lunch and just had a fruit salad instead.","Food"
"aaj the traffic on the way home ke baare mein baat hui.","General/Other"
"is mahine online a backpack order kiya.","Shopping"
"the doctor helped me understand the practical exam better.","Education"
"i've been feeling completely drained after finishing the task finally","Mood/Emotion"
"Hamari team onboarding documents pe atki hui hai pichle teen din se.","Work/Office"
"my phone suddenly stopped working next month.","Technology"
"kal dinner mein pasta order kiya.","Food"
"pichle teen din se walk karte waqt the traffic on the way home dikha.","General/Other"
"Pichle teen din se lagatar bukhar aur badan dard ki wajah se ghar walon ne zid karke mujhe blood test karwane bheja hai.","Health"
"I finally cleared my bank statement since yesterday.","Finance"
"I'll be working from home next month to complete the budget proposal.","Work/Office"
"dopahar se online a new smartphone order kiya.","Shopping"
"the tax filing ki wajah se budget dobara plan kar raha hoon.","Finance"
"doctor ne the noisy construction nearby ka zikr kiya baat cheet mein.","General/Other"
"my roommate recommended a good brand for a winter jacket because i ordered a kitchen mixer online from tomorrow.","Shopping"
"mujhe parso se migraine ho raha hai","Health"
"The airport security took forever next month.","Travel"
"is mahine se seene mein jakadan thik nahi ho raha, uske upar se mujhe aaj se gale mein kharash ho raha hai.","Health"
"Samajh nahi aa raha my laptop itna slow kyun hai do din se, lekin the mobile app internet se connect hi nahi ho raha aaj shaam ko.","Technology"
"the operating system won't connect to the internet just now.","Technology"
"Hamari team sales deck pe atki hui hai Friday tak, lekin mere cousin ne sales deck ke baare mein call rakhi hai kal se.","Work/Office"
"aakhirkar marketing plan close kar diya kal se","Work/Office"
"landlord ne bola specialist ko dikhao kaan mein infection ke liye.","Health"
"physics is turning out to be tougher than I expected plus i have to submit the online course for the past three days.","Education"
"joint pain has been bothering me a few minutes ago.","Health"
"Aakhirkar a fixed deposit clear kar diya pichle hafte se, aur this month's rent auto-debit ho gaya pichle hafte se.","Finance"
"my cousin helped me understand the class test better but i have to submit the practical exam last night.","Education"
"Abhi Ooty wali train ke liye check-in kar liya, aur samajh nahi aa raha local train loon ya khud drive karke Jaipur jaaun.","Travel"
"We're hosting friends since Monday and planning to make pancakes so we're hosting friends tomorrow and planning to make paneer tikka.","Food"
"It's hard to explain but I feel hopeful after that conversation.","Mood/Emotion"
"Yeh bahut motivated wala feeling jaa hi nahi raha itna busy rehne ki wajah se","Mood/Emotion"
"Subah se hi akela mehsoos ho raha hai us baat cheet ke baad.","Mood/Emotion"
"joint pain has been bothering me next month.","Health"
"the teacher helped me understand the practical exam better, but i finally got my results for the group presentation.","Education"
"my mother suggested I see a specialist because of swelling in my ankle.","Health"
"because of everything going on lately, I've just been feeling really excited.","Mood/Emotion"
"ghar pe sab an old photo album ke baare mein baat kar rahe the Monday se","General/Other"
"Our connecting flight to Ladakh got delayed these days.","Travel"
"Aakhirkar a fixed deposit clear kar diya dopahar se, par pichle teen din se the insurance premium pay karna hai.","Finance"
"Pichle do hafte se work from home kar raha hoon aur sach kahoon toh team ke saath coordinate karna thoda mushkil ho raha hai.","Work/Office"
"the new software update won't connect to the internet from tomorrow.","Technology"
"The store had a huge sale on a laptop bag last night plus i ordered a pair of sneakers online these days.","Shopping"
"kuch ghanton se the personal loan EMI pay karna hai, jabki aakhirkar this month's rent clear kar diya kuch minute pehle.","Finance"
"I feel like joint pain is getting worse since noon even though i've been dealing with joint pain since noon.","Health"
"subah se Dubai ghumne ka plan bana raha hoon.","Travel"
"papa ne sales deck ke baare mein call rakhi hai abhi","Work/Office"
"pichle hafte se leadership ke saamne vendor contract present karna hai uske alawa monday se work from home karke performance review complete karunga.","Work/Office"
"Samajh nahi aa raha my email account itna slow kyun hai pichle hafte se.","Technology"
"aaj wale the final exams ko lekar nervous hoon, jabki pichle hafte se the online course submit karna hai.","Education"
"my smartwatch app keeps crashing since last night.","Technology"
"is hafte the neighborhood cat ke baare mein baat hui.","General/Other"
"agle hafte the chemistry lab report submit karna hai, lekin kuch minute pehle wale the class test ko lekar nervous hoon.","Education"
"Bataana mushkil hai lekin future ke baare mein soch kar bahut kaafi khush hoon","Mood/Emotion"
"aaj shaam ko the operating system reinstall karna pada.","Technology"
"the store had a huge sale on a formal shirt today","Shopping"
"code review ki deadline aage badh gayi subah se.","Work/Office"
"performance review ko lekar meeting hai parso.","Work/Office"
"kamar dard ke liye appointment book karwa liya hai, jabki meri behen ne bola thoda rest kar kaafi khaansi thik ho jayega.","Health"
"samajh nahi aa raha the mobile app itna slow kyun hai is hafte","Technology"
"my cousin helped me understand the coding assignment better.","Education"
"Aakhirkar the insurance premium clear kar diya is hafte.","Finance"
"I woke up feeling content without any clear reason.","Mood/Emotion"
"I stayed up all night finishing the thesis draft","Education"
"aaj shaam ko dinner mein tacos order kiya.","Food"
"I need to pay the insurance premium from tomorrow","Finance"
"I need to pay a fixed deposit since morning.","Finance"
"is mahine the loan application pay karna hai uske alawa mere neighbor ne bola the tax filing review karo.","Finance"
"Ghar pe sab the festival preparations ke baare mein baat kar rahe the kuch ghanton se.","General/Other"
"the operating system achanak kaam karna band kar diya parso, uske upar se my browser achanak kaam karna band kar diya pichle teen din se.","Technology"
"I ordered a smartwatch online today.","Shopping"
"we finally closed the quarterly report this morning, but my cousin asked me to revise the code review this evening.","Work/Office"
"We ordered noodles for dinner since Monday.","Food"
"i'll be working from home this evening to complete the onboarding documents","Work/Office"
"doctor ne audit checklist ke baare mein call rakhi hai do din se lekin pichle hafte se leadership ke saamne team meeting notes present karna hai.","Work/Office"
"the teacher helped me fix the office server.","Technology"
"my father mentioned the new furniture we bought during our chat.","General/Other"
"do din se random mein a documentary I watched ki baat chal padi.","General/Other"
"I need to pay the personal loan EMI this weekend.","Finance"
"pichle hafte se mathematics submit karna hai","Education"
"Recovering slowly from a bad cough for the past three days.","Health"
"I took a half day since noon to catch up on the quarterly report","Work/Office"
"the shopkeeper helped me understand the class test better","Education"
"My bank statement got auto-debited tomorrow.","Finance"
"Subah se hi thoda low mehsoos ho raha hai aakhirkar kaam khatam karne ke baad.","Mood/Emotion"
"abhi ghar pe pancakes banane ki koshish ki aur mere neighbor ne ek jagah bataayi jahan ka tacos zabardast hai.","Food"
"hamari team sprint review pe atki hui hai agle hafte","Work/Office"
"The flight to Pune was surprisingly comfortable","Travel"
"the new software update suddenly stopped working next week, so i had to reinstall my smartwatch app today.","Technology"
"I have to present the project timeline in front of the leadership a few minutes ago.","Work/Office"
"Subah se hi bahut overwhelmed mehsoos ho raha hai kuch bhi thik nahi ho raha isliye.","Mood/Emotion"
"abhi my smartwatch app reinstall karna pada.","Technology"
"The delivery for a set of headphones is delayed today, and the store had a huge sale on a pair of running shoes since last night.","Shopping"
"mujhe is hafte se halka bukhar ho raha hai","Health"
"my browser ka password bhool gaya.","Technology"
"Sach kahoon toh cheezein plan ke hisaab se na hone ki wajah se, mann bahut kaafi disappointed hai.","Mood/Emotion"
"the family gathering this weekend came up randomly in conversation since noon while i noticed the traffic on the way home while walking these days.","General/Other"
"Bangalore wali local train thodi der mein delay ho gayi.","Travel"
"teacher ne bola thoda rest kar kaan mein infection thik ho jayega.","Health"
"I ordered a pair of running shoes online in a while.","Shopping"
"I need to pay a fixed deposit by Friday, but my a fixed deposit got auto-debited a few minutes ago.","Finance"
"we ordered a fruit salad for dinner a few minutes ago, but i'm not in the mood to cook so we're getting paneer tikka.","Food"
"I'm nervous about the coding assignment scheduled next week, though i'm nervous about the history assignment scheduled for the past three days.","Education"
"budget proposal ki deadline aage badh gayi is hafte, kyunki pichle teen din se work from home karke client presentation complete karunga.","Work/Office"
"my monthly budget cover karne ke liye paise transfer kiye.","Finance"
"Samajh nahi aa raha train loon ya khud drive karke Manali jaaun.","Travel"
"Sach kahoon toh us baat cheet ke baad, mann bahut hopeful hai.","Mood/Emotion"
"Main poori tarah drained feel kar raha hoon future ke baare mein soch kar.","Mood/Emotion"
"Our train to Pune got delayed since Monday, so i finally booked a overnight bus ticket to Delhi.","Travel"
"samajh nahi aa raha my external hard drive itna slow kyun hai pichle teen din se","Technology"
"Abhi Varanasi wali connecting flight ke liye check-in kar liya, aur kuch ghanton se Kolkata ke liye packing karni hai.","Travel"
"Ghar pe sab the new furniture we bought ke baare mein baat kar rahe the kuch ghanton se.","General/Other"
"Ghar pe sab the community meeting ke baare mein baat kar rahe the thodi der mein.","General/Other"
"I can't figure out why my email account is so slow a few minutes ago.","Technology"
"The delivery for a set of headphones is delayed for a couple of hours while i ordered a study lamp online by Friday.","Shopping"
"my credit card bill auto-debit ho gaya agle mahine.","Finance"
"Bataana mushkil hai lekin cheezein plan ke hisaab se na hone ki wajah se bahut thoda low hoon.","Mood/Emotion"
"Our flight to Jaipur got delayed today","Travel"
"my boss helped me fix the new software update though my brother helped me fix the office server.","Technology"
"I had to reinstall my email account this evening.","Technology"
"There's a meeting about the sales deck scheduled this month.","Work/Office"
"a smartwatch ki delivery late ho rahi hai Monday se aur a smartwatch ko different size mein exchange karwana hai.","Shopping"
"the doctor asked me to revise the budget proposal today.","Work/Office"
"mere neighbor ne bola specialist ko dikhao kamzori ke liye","Health"
"a formal shirt ki delivery late ho rahi hai pichle hafte se isliye doctor ne ek achi brand suggest ki a backpack ke liye.","Shopping"
"we talked about an old photo album for a while this morning","General/Other"
"my neighbor scheduled a call about the client presentation tomorrow.","Work/Office"
"There's a strange feeling of being hopeful after finishing the task finally, because after finishing the task finally, I've just been feeling quite anxious.","Mood/Emotion"
"monday se dinner mein a vegetable stir fry order kiya aur subah se ghar pe momos banane ki koshish ki.","Food"
"my friend scheduled a call about the vendor contract this afternoon.","Work/Office"
"I need to pack for Goa these days plus i'm planning a trip to Bangalore just now.","Travel"
"raat se the coding assignment submit karna hai.","Education"
"the mobile app achanak kaam karna band kar diya kuch minute pehle, par meri behen ne my browser fix karne mein madad ki.","Technology"
"aaj dost aa rahe hain aur idli sambar banane ka plan hai isliye aaj shaam ko dinner mein pav bhaji order kiya.","Food"
"our cab to Bangalore got delayed from tomorrow and i'm planning a trip to Varanasi next week.","Travel"
"My monthly budget got auto-debited this weekend.","Finance"
"Aakhirkar my credit card bill clear kar diya aaj shaam ko.","Finance"
"my phone suddenly stopped working next week","Technology"
"Yeh restless wala feeling jaa hi nahi raha wo message padhne ke baad.","Mood/Emotion"
"my mother recommended a place that serves amazing biryani plus i tried making noodles at home just now.","Food"
"jee michlana ki wajah se subah se kaam pe nahi ja paaya par mere roommate ne bola specialist ko dikhao loose motion ke liye.","Health"
"Manali wali overnight bus landslide ki wajah se teen ghante tak ruki rahi, aur hum hotel aadhi raat ke baad pahunch paaye.","Travel"
"kuch minute pehle thoda time the festival preparations sambhalne mein laga","General/Other"
"my cousin helped me fix my external hard drive","Technology"
"mere roommate ne bola project timeline revise karo kal raat se.","Work/Office"
"my mother mentioned the festival preparations during our chat","General/Other"
"kuch ghanton se dost aa rahe hain aur momos banane ka plan hai.","Food"
"the store had a huge sale on a kitchen mixer these days","Shopping"
"agle hafte se takhne mein sujan thik nahi ho raha.","Health"
"I noticed blurry vision right now and it's not going away.","Health"
"I noticed the community meeting while walking since morning.","General/Other"
"Ghar pe sab the traffic on the way home ke baare mein baat kar rahe the thodi der mein.","General/Other"
"I finally cleared my salary last night.","Finance"
"Recovering slowly from chest tightness this morning.","Health"
"kuch ghanton se kamzori thik nahi ho raha, aur gale mein kharash ki wajah se kuch minute pehle kaam pe nahi ja paaya.","Health"
"quarterly report ko lekar meeting hai abhi.","Work/Office"
"i submitted the onboarding documents next week but haven't heard back yet","Work/Office"
"after a long day, I've just been feeling so frustrated.","Mood/Emotion"
"I noticed acidity since noon and it's not going away.","Health"
"agle mahine Mumbai ke liye packing karni hai.","Travel"
"a study lamp pe zabardast discount mila.","Shopping"
"I had to skip work due to a migraine this weekend.","Health"
"I feel like a running nose is getting worse next week.","Health"
"the delivery guy mentioned the festival preparations during our chat, and on top of that we talked about the neighborhood cat for a while these days.","General/Other"
"meri behen ne bola specialist ko dikhao sar dard ke liye","Health"
"We ordered butter chicken for dinner this evening though i tried making a fruit salad at home since last week.","Food"
"acidity ki wajah se parso kaam pe nahi ja paaya.","Health"
"Is baar flight lene ke bajaye coast ke saath road trip karne ka soch rahe hain, taaki raste mein chhote towns mein bhi ruk sakein.","Travel"
"We talked about the power cut yesterday for a while since morning.","General/Other"
"Medical se sar dard ki tablet le aaya, kyunki abhi se takhne mein sujan thik nahi ho raha.","Health"
"pichle hafte se online sunglasses order kiya.","Shopping"
"I have to submit mathematics next week","Education"
"Friday tak the final exams submit karna hai.","Education"
"There's a meeting about the project timeline scheduled right now while we finally closed the audit checklist since morning.","Work/Office"
"agle hafte walk karte waqt the neighborhood cat dikha.","General/Other"
"agle mahine half day liya status update complete karne ke liye.","Work/Office"
"We ordered a fruit salad for dinner next week.","Food"
"abhi dinner mein paneer tikka order kiya.","Food"
"Mujhe aaj se badan dard ho raha hai.","Health"
"thodi der mein the personal loan EMI pay karna hai, lekin aakhirkar my monthly budget clear kar diya aaj shaam ko.","Finance"
"Aaj kaafi shaant din raha, bas the garden we're planting ke baare mein soch raha tha.","General/Other"
"I got my blood test done because of a skin rash","Health"
"shor ki wajah se the coding assignment pe concentrate nahi kar paaya","Education"
"my smartwatch app keeps crashing next week","Technology"
"I need to pack for Manali since two days, while i just checked in for my cab to Goa.","Travel"
"I'm planning a trip to Bangalore since last week, and i just checked in for my road trip to Shimla.","Travel"
"the new software update keeps crashing by Friday so my friend helped me fix the company website.","Technology"
"Everyone at home was discussing the festival preparations since last night, because i spent some time dealing with the power cut yesterday next week.","General/Other"
"Lately I feel really excited after that conversation, and I don't know why.","Mood/Emotion"
"boss ne the office server fix karne mein madad ki kyunki the operating system baar crash ho raha hai kal se.","Technology"
"parso dost aa rahe hain aur pancakes banane ka plan hai.","Food"
"thodi der mein online a set of headphones order kiya.","Shopping"
"The pain in my lower back has been getting worse every time I sit for long hours, and I think I need to consult a physiotherapist soon.","Health"
"doctor ne ek jagah bataayi jahan ka pancakes zabardast hai, aur raat se dost aa rahe hain aur grilled sandwiches banane ka plan hai.","Food"
"dopahar se Goa ke liye packing karni hai, lekin aakhirkar Goa ke liye overnight bus ki ticket book kar li.","Travel"
"We're hosting friends last night and planning to make rajma chawal.","Food"
"we're hosting friends this evening and planning to make noodles","Food"
"swelling in my ankle has been bothering me by Friday, but stomach pain has been bothering me right now.","Health"
"thodi der mein Goa ke liye packing karni hai uske alawa bangalore wali connecting flight do din se delay ho gayi.","Travel"
"Pata nahi kyun par cheezein plan ke hisaab se na hone ki wajah se bahut nervous lag raha hoon","Mood/Emotion"
"Aajkal restless feel ho raha hai kuch bhi thik nahi ho raha isliye.","Mood/Emotion"
"I need to pay my savings account tomorrow.","Finance"
"I ordered a laptop bag online today.","Shopping"
"pichle teen din se random mein the community meeting ki baat chal padi.","General/Other"
"aaj shaam ko Singapore ghumne ka plan bana raha hoon.","Travel"
"subah se hi ajeeb sa calm mehsoos ho raha hai bina kisi wajah ke","Mood/Emotion"
"Dubai wali connecting flight kaafi comfortable thi.","Travel"
"landlord ne ek jagah bataayi jahan ka momos zabardast hai, par kal se ghar pe pav bhaji banane ki koshish ki.","Food"
"I'm planning a trip to Ladakh since two days so i need to pack for Jaipur since Monday.","Travel"
"pata nahi kyun par itna busy rehne ki wajah se bahut restless lag raha hoon","Mood/Emotion"
"Aaj badan dard ki wajah se rest kar raha hoon.","Health"
"I'm craving tacos right now.","Food"
"Monday se leadership ke saamne marketing plan present karna hai.","Work/Office"
"I couldn't sleep properly because of a mild fever this evening.","Health"
"teacher ne bola my monthly budget review karo.","Finance"
"i noticed weakness in a while and it's not going away while i think I need a checkup for acidity.","Health"
"I've been saving up to close the insurance premium early so i need to pay the electricity bill right now.","Finance"
"kaafi khaansi ki wajah se aaj kaam pe nahi ja paaya, aur mere neighbor ne bola thoda rest kar migraine thik ho jayega.","Health"
"my monthly budget auto-debit ho gaya is weekend","Finance"
"The deadline for the onboarding documents got moved up this morning.","Work/Office"
"i ordered a new smartphone online since Monday","Shopping"
"Ghar pe sab a documentary I watched ke baare mein baat kar rahe the Friday tak","General/Other"
"We're hosting friends since two days and planning to make rajma chawal.","Food"
"Samajh nahi aa raha my phone itna slow kyun hai is hafte","Technology"
"I can't figure out why my external hard drive is so slow for the past three days.","Technology"
"I had to skip work due to loose motions these days.","Health"
"The pharmacist gave me some tablets for a headache.","Health"
"Monday se dost aa rahe hain aur dosa banane ka plan hai.","Food"
"my laptop keeps crashing in a while.","Technology"
"The deadline for the sprint review got moved up in a while.","Work/Office"
"aajkal work from home karke sprint review complete karunga, kyunki mere neighbor ne khush nahi hai status update ke result se.","Work/Office"
"Recovering slowly from back pain for a couple of hours though my neighbor suggested I see a specialist because of stomach pain.","Health"
"I had to reinstall the mobile app today even though my smartwatch app suddenly stopped working this weekend.","Technology"
"Aajkal thoda anxious feel ho raha hai kuch bhi thik nahi ho raha isliye.","Mood/Emotion"
"My savings account got auto-debited since morning.","Finance"
"my manager scheduled a call about the marketing plan this weekend.","Work/Office"
"I spent some time dealing with the neighbor's new dog this weekend.","General/Other"
"I spent some time dealing with the neighborhood cat today","General/Other"
"aajkal online a study lamp order kiya","Shopping"
"agle mahine the group presentation submit karna hai, isliye mere cousin ne mathematics samjhaane mein madad ki.","Education"
"Ghar pe sab the community meeting ke baare mein baat kar rahe the abhi.","General/Other"
"delivery wale ne bola thoda rest kar migraine thik ho jayega, jabki checkup ke liye jaana padega gale mein kharash ke liye.","Health"
"I'm not sure whether to take a connecting flight or drive to Jaipur.","Travel"
"my colleague advised me to review a fixed deposit","Finance"
"Bataana mushkil hai lekin cheezein plan ke hisaab se na hone ki wajah se bahut stressed hoon.","Mood/Emotion"
"Ghar pe sab the weather ke baare mein baat kar rahe the kuch minute pehle.","General/Other"
"I woke up feeling overwhelmed after a long day, though it's hard to explain but I feel overwhelmed after that conversation.","Mood/Emotion"
"my brother scheduled a call about the sprint review since last night.","Work/Office"
"I'm nervous about the final exams scheduled just now, though the delivery guy helped me understand the chemistry lab report better.","Education"
"I'm not sure whether to take a overnight bus or drive to Rishikesh.","Travel"
"my savings account auto-debit ho gaya Friday tak.","Finance"
"i have to submit the literature essay this month","Education"
"I need to pay a fixed deposit since last week","Finance"
"i tried making dosa at home since two days","Food"
"Ghar pe sab the noisy construction nearby ke baare mein baat kar rahe the kal raat se.","General/Other"
"Aakhirkar onboarding documents close kar diya parso.","Work/Office"
"kuch ghanton se random mein the long queue at the grocery store ki baat chal padi.","General/Other"
"mere roommate ne bola the loan application review karo.","Finance"
"We ordered dosa for dinner from tomorrow.","Food"
"my email account achanak kaam karna band kar diya aaj halaanki my smartwatch app achanak kaam karna band kar diya kal se.","Technology"
"I had to reinstall my laptop tomorrow.","Technology"
"a winter jacket ki delivery late ho rahi hai Friday tak.","Shopping"
"delivery wale ne mathematics samjhaane mein madad ki.","Education"
"there's a meeting about the status update scheduled this afternoon, while my cousin is not happy with how the marketing plan turned out.","Work/Office"
"We talked about the neighbor's new dog for a while this afternoon but the weekend plans came up randomly in conversation just now.","General/Other"
"Lately I feel proud because of everything going on lately, and I don't know why","Mood/Emotion"
"I spent some time dealing with an old photo album this month.","General/Other"
"Our overnight bus to Darjeeling got delayed since last week.","Travel"
"I took a half day since last week to catch up on the hiring paperwork so my brother scheduled a call about the project timeline this month.","Work/Office"
"Ooty wali overnight bus kaafi comfortable thi","Travel"
"There's a strange feeling of being proud after finishing the task finally.","Mood/Emotion"
"do din se walk karte waqt the weekend plans dikha.","General/Other"
"customer support wale ne ek jagah bataayi jahan ka noodles zabardast hai.","Food"
"I tried making pancakes at home since yesterday, though we ordered a fruit salad for dinner this evening.","Food"
"my cousin helped me understand the chemistry lab report better.","Education"
"I'm planning a trip to Kolkata from tomorrow, so i need to pack for Varanasi this morning.","Travel"
"the operating system won't connect to the internet for the past three days.","Technology"
"Is hafte an old photo album ke baare mein baat karni chahiye.","General/Other"
"my monthly budget auto-debit ho gaya kal se.","Finance"
"I submitted the budget proposal this weekend but haven't heard back yet.","Work/Office"
"I spent some time dealing with the new furniture we bought for a couple of hours.","General/Other"
"I have to submit the history assignment right now.","Education"
"I noticed the noisy construction nearby while walking a few minutes ago, while we talked about the weekend plans for a while right now.","General/Other"
"There's a meeting about the status update scheduled since noon.","Work/Office"
"aaj wale the practical exam ko lekar nervous hoon.","Education"
"Main nervous feel kar raha hoon sab kuch ek saath ho raha hai isliye.","Mood/Emotion"
"the loan application auto-debit ho gaya aajkal","Finance"
"Aakhirkar status update close kar diya aaj","Work/Office"
"the new software update achanak kaam karna band kar diya Friday tak lekin my laptop achanak kaam karna band kar diya pichle hafte se.","Technology"
"aaj physics submit karna hai","Education"
"audit checklist ki deadline aage badh gayi kal se","Work/Office"
"raat se my bank statement pay karna hai.","Finance"
"It's hard to explain but I feel a bit lonely after that argument while i can't shake off this emotionally exhausted feeling since things didn't go as planned.","Mood/Emotion"
"I'm nervous about the chemistry lab report scheduled just now, and on top of that the delivery guy helped me understand the online course better.","Education"
"The store had a huge sale on sunglasses since Monday, so the delivery for a formal shirt is delayed in a while.","Shopping"
"cheezein plan ke hisaab se na hone ki wajah se, bas ek ajeeb sa bahut excited feeling aa rahi hai.","Mood/Emotion"
"this month's rent auto-debit ho gaya pichle teen din se uske alawa kal se my savings account pay karna hai.","Finance"
"Samajh nahi aa raha connecting flight loon ya khud drive karke Kerala jaaun par thodi der mein Rishikesh ke liye packing karni hai.","Travel"
"because nothing seems to be going right, I've just been feeling really happy.","Mood/Emotion"
"My laptop just crashed.","Technology"
"We're hosting friends for the past three days and planning to make pav bhaji","Food"
"I spent some time dealing with the family gathering this weekend just now.","General/Other"
"Aakhirkar client presentation close kar diya aaj.","Work/Office"
"Aakhirkar my credit score clear kar diya agle mahine.","Finance"
"I spent some time dealing with the neighbor's new dog since yesterday.","General/Other"
"papa ne bola audit checklist revise karo is mahine.","Work/Office"
"Mujhe Monday se badan dard ho raha hai.","Health"
"We ordered momos for dinner since two days plus my colleague recommended a place that serves amazing pasta.","Food"
"my professor extended the deadline for the final exams","Education"
"Raat teen baje tak jaagkar chemistry lab report complete kiya, phir bhi lagta hai results section theek se explain nahi kar paaya.","Education"
"We ordered idli sambar for dinner this evening, and we ordered rajma chawal for dinner since Monday.","Food"
"I have to submit the history assignment next month, while i'm nervous about the thesis draft scheduled last night.","Education"
"our team is stuck on the team meeting notes this afternoon since my mother scheduled a call about the project timeline this weekend.","Work/Office"
"mere manager ne ek jagah bataayi jahan ka paneer tikka zabardast hai.","Food"
"mere roommate ne the office printer fix karne mein madad ki.","Technology"
"Pata nahi kyun par sab kuch ek saath ho raha hai isliye bahut kaafi khush lag raha hoon","Mood/Emotion"
"because nothing seems to be going right, I've just been feeling hopeful","Mood/Emotion"
"mummy ne the noisy construction nearby ka zikr kiya baat cheet mein.","General/Other"
"I can't figure out why my external hard drive is so slow a few minutes ago.","Technology"
"I can't figure out why the office printer is so slow right now.","Technology"
"my boss helped me understand the class test better and i'm nervous about the literature essay scheduled since last night.","Education"
"abhi tak audit checklist complete karna hai.","Work/Office"
"I finally cleared the electricity bill this evening.","Finance"
"my browser internet se connect hi nahi ho raha aaj.","Technology"
"I noticed the long queue at the grocery store while walking next week.","General/Other"
"my smartwatch app keeps crashing since noon","Technology"
"We talked about the new furniture we bought for a while since two days.","General/Other"
"mere dost ne ek jagah bataayi jahan ka biryani zabardast hai aur doctor ne ek jagah bataayi jahan ka paneer tikka zabardast hai.","Food"
"Lately I feel overwhelmed after getting that message, and I don't know why.","Mood/Emotion"
"I just checked in for my connecting flight to Rishikesh.","Travel"
"pichle hafte se my savings account pay karna hai","Finance"
"my brother asked me to revise the sprint review today.","Work/Office"
"customer support recommended a good brand for a handbag because i ordered a study lamp online this month.","Shopping"
"The store had a huge sale on a dining table in a while and the delivery for a handbag is delayed next month.","Shopping"
"We talked about the power cut yesterday for a while this afternoon.","General/Other"
"There's a meeting about the sales deck scheduled since yesterday.","Work/Office"
"the office server keeps crashing since two days.","Technology"
"I'm still preparing for the scholarship application.","Education"
"We're hosting friends a few minutes ago and planning to make momos.","Food"
"I ordered a dining table online right now.","Shopping"
"the mobile app won't connect to the internet this month so my cousin helped me fix the office server.","Technology"
"customer support asked me to revise the marketing plan next month","Work/Office"
"Recovering slowly from a sore throat tomorrow.","Health"
"mere cousin ne bola my online banking review karo.","Finance"
"I found a great discount on a new smartphone.","Shopping"
"I need to pay the loan application for a couple of hours, because my landlord advised me to review my credit score.","Finance"
"Lately I feel a little low since I've been so busy, and I don't know why.","Mood/Emotion"
"the airport security took forever this weekend","Travel"
"I finally cleared my online banking these days plus my a fixed deposit got auto-debited for a couple of hours.","Finance"
"is mahine my credit score samajhne ki koshish kar raha hoon","Finance"
"The store had a huge sale on a laptop bag this morning.","Shopping"
"i've started taking medicine for dizziness","Health"
"Jaipur wali flight kaafi comfortable thi.","Travel"
"grilled sandwiches bahut spicy tha, poora khaya hi nahi gaya, uske upar se pichle hafte se dinner mein paneer tikka order kiya.","Food"
"I finally cleared my monthly budget these days.","Finance"
"boss ne bola my savings account review karo jabki dukaandaar ne bola my bank statement review karo.","Finance"
"is hafte online a dining table order kiya, aur store mein a laptop bag pe badi sale lagi hai kuch ghanton se.","Shopping"
"mere manager ne my laptop fix karne mein madad ki.","Technology"
"the office server keeps crashing since last night.","Technology"
"I ordered a dining table online since Monday because the store had a huge sale on a handbag since noon.","Shopping"
"I noticed the traffic on the way home while walking this evening.","General/Other"
"I noticed the traffic on the way home while walking this morning.","General/Other"
"we finally closed the hiring paperwork this afternoon","Work/Office"
"it's hard to explain but I feel emotionally exhausted because of everything going on lately","Mood/Emotion"
"my roommate helped me fix my external hard drive but i had to reinstall the office printer last night.","Technology"
"the weather came up randomly in conversation since last night.","General/Other"
"the delivery guy recommended a good brand for a backpack while the store had a huge sale on a pair of running shoes just now.","Shopping"
"marketing plan ko lekar meeting hai parso.","Work/Office"
"I'm planning to visit the clinic because of a skin rash.","Health"
"mere bhai ne bola thoda rest kar halka bukhar thik ho jayega.","Health"
"I'm nervous about the class test scheduled this morning because i have to submit mathematics in a while.","Education"
"my online banking auto-debit ho gaya aaj.","Finance"
"the Wi-Fi router suddenly stopped working since last night, because i can't figure out why my external hard drive is so slow right now.","Technology"
"mere bhai ne an old photo album ka zikr kiya baat cheet mein","General/Other"
"Class miss hone ki wajah se physics mein peeche reh gaya hoon.","Education"
"Aakhirkar the personal loan EMI clear kar diya kuch minute pehle isliye aakhirkar my credit card bill clear kar diya kuch minute pehle.","Finance"
"Aakhirkar the electricity bill clear kar diya is hafte halaanki this month's rent ki wajah se budget dobara plan kar raha hoon.","Finance"
"Yeh bahut excited wala feeling jaa hi nahi raha cheezein plan ke hisaab se na hone ki wajah se","Mood/Emotion"
"after hearing the news I've just been feeling emotionally exhausted","Mood/Emotion"
"the operating system keeps crashing last night.","Technology"
"mere neighbor ne bola my monthly budget review karo.","Finance"
"Just relaxing at home.","General/Other"
"my mother helped me understand the group presentation better.","Education"
"Kolkata wali connecting flight dopahar se delay ho gayi.","Travel"
"I noticed the neighborhood cat while walking from tomorrow","General/Other"
"There's been constant construction noise from the building next door for the past two weeks, and it's honestly starting to get on everyone's nerves.","General/Other"
"my professor helped me fix the office printer, though the mobile app won't connect to the internet since yesterday.","Technology"
"I spent some time dealing with the noisy construction nearby this morning.","General/Other"
"Mujhe dopahar se migraine ho raha hai","Health"
"mere dost ne ek achi brand suggest ki a dining table ke liye jabki a pair of running shoes ki delivery late ho rahi hai kuch ghanton se.","Shopping"
"i've been feeling completely drained without any clear reason","Mood/Emotion"
"my neighbor recommended a place that serves amazing tacos, and we're hosting friends just now and planning to make biryani.","Food"
"Everyone at home was discussing the long queue at the grocery store today.","General/Other"
"the new software update achanak kaam karna band kar diya aaj shaam ko, kyunki my browser ko poori tarah reset karna padega.","Technology"
"abhi dinner mein pasta order kiya","Food"
"I woke up feeling hopeful after that conversation","Mood/Emotion"
"my mother helped me understand mathematics better.","Education"
"Mujhe lagta hai chakkar badhta ja raha hai.","Health"
"delivery wale ne the class test samjhaane mein madad ki uske alawa professor ne the literature essay samjhaane mein madad ki.","Education"
"Bataana mushkil hai lekin itna busy rehne ki wajah se bahut ajeeb sa calm hoon.","Mood/Emotion"
"mere dost ne bola audit checklist revise karo abhi.","Work/Office"
"I ordered a smartwatch online since last night.","Shopping"
"Our local train to Rishikesh got delayed since two days.","Travel"
"I spent some time dealing with the neighbor's new dog for the past three days, because the long queue at the grocery store came up randomly in conversation since two days.","General/Other"
"mere colleague ne bola specialist ko dikhao migraine ke liye.","Health"
"I'll be working from home since noon to complete the onboarding documents.","Work/Office"
"Kam se kam chaar websites pe price compare karne ke baad aakhirkar smartwatch festive sale mein khareed liya kyunki almost chalis percent off tha.","Shopping"
"onboarding documents ki deadline aage badh gayi do din se.","Work/Office"
"a pair of jeans ki delivery late ho rahi hai aajkal.","Shopping"
"pichle hafte se ghar pe tacos banane ki koshish ki, jabki friday tak dinner mein butter chicken order kiya.","Food"
"samajh nahi aa raha the office printer itna slow kyun hai pichle hafte se","Technology"
"Store mein a set of headphones pe badi sale lagi hai kal raat se.","Shopping"
"the office printer internet se connect hi nahi ho raha subah se, par my password manager achanak kaam karna band kar diya raat se.","Technology"
"meri behen ne ek achi brand suggest ki a winter jacket ke liye.","Shopping"
"Mujhe is weekend se migraine ho raha hai.","Health"
"Mumbai ke paas ek chhota sa hotel liya hai humne.","Travel"
"Dinner is ready finally.","Food"
"I tried making pancakes at home this month.","Food"
"aaj the final exams submit karna hai","Education"
"kal online a new smartphone order kiya.","Shopping"
"subah se the online course submit karna hai.","Education"
"do din se Mumbai ke liye packing karni hai.","Travel"
"bataana mushkil hai lekin plan cancel hone ke baad bahut stressed hoon","Mood/Emotion"
"kuch bhi thik nahi ho raha isliye, bas ek ajeeb sa demotivated feeling aa rahi hai.","Mood/Emotion"
"Kuch meetha khaane ka mann hai.","Food"
"aaj work from home karke sprint review complete karunga.","Work/Office"
"is weekend the noisy construction nearby ke baare mein baat hui.","General/Other"
"the office server keeps crashing in a while.","Technology"
"my father advised me to review my bank statement","Finance"
"delivery wale ne the entrance exam samjhaane mein madad ki.","Education"
"kal se the online course submit karna hai.","Education"
"a backpack ki delivery late ho rahi hai raat se.","Shopping"
"my monthly budget auto-debit ho gaya Monday se.","Finance"
"papa ne ek achi brand suggest ki a pair of sneakers ke liye","Shopping"
"mere manager ne bola specialist ko dikhao skin par rash ke liye","Health"
"my external hard drive ka password bhool gaya, jabki my laptop internet se connect hi nahi ho raha Friday tak.","Technology"
"thodi der mein my salary pay karna hai par kal se the personal loan EMI pay karna hai.","Finance"
"teacher ne marketing plan ke baare mein call rakhi hai kuch ghanton se.","Work/Office"
"my bank statement auto-debit ho gaya is mahine lekin mere neighbor ne bola this month's rent review karo.","Finance"
"my mutual fund investment auto-debit ho gaya pichle teen din se lekin my credit score pay karne ke liye reminder laga diya.","Finance"
"the Wi-Fi router keeps crashing from tomorrow","Technology"
"mere neighbor ne the company website fix karne mein madad ki","Technology"
"Store mein a formal shirt pe badi sale lagi hai agle mahine.","Shopping"
"There's a strange feeling of being a little low since I've been so busy.","Mood/Emotion"
"my online banking auto-debit ho gaya is hafte uske alawa my salary auto-debit ho gaya thodi der mein.","Finance"
"my savings account mein kuch mismatch hai jise sort karna hai, kyunki aakhirkar the personal loan EMI clear kar diya agle mahine.","Finance"
"Subah se hi irritated mehsoos ho raha hai cheezein plan ke hisaab se na hone ki wajah se","Mood/Emotion"
"subah se dinner mein tacos order kiya","Food"
"we ordered momos for dinner from tomorrow","Food"
"kuch ghanton se kamar dard thik nahi ho raha.","Health"
"a fixed deposit ki wajah se budget dobara plan kar raha hoon.","Finance"
"mere roommate ne physics samjhaane mein madad ki halaanki pichle teen din se wale the entrance exam ko lekar nervous hoon.","Education"
"Ooty wali road trip Monday se delay ho gayi par bangalore pahunchte hi gaadi rent pe le lenge.","Travel"
"papa ne ek jagah bataayi jahan ka butter chicken zabardast hai lekin customer support wale ne ek jagah bataayi jahan ka biryani zabardast hai.","Food"
"Just a heads up about the weather.","General/Other"
"Samajh nahi aa raha my smartwatch app itna slow kyun hai abhi.","Technology"
"Hamari team client presentation pe atki hui hai agle mahine.","Work/Office"
"aakhirkar Bangalore ke liye road trip ki ticket book kar li","Travel"
"I submitted the onboarding documents for the past three days but haven't heard back yet","Work/Office"
"the shopkeeper recommended a place that serves amazing dosa.","Food"
"I need to pay my online banking right now so my the electricity bill got auto-debited from tomorrow.","Finance"
"Goa wali connecting flight Friday tak delay ho gayi.","Travel"
"i'm planning a trip to Kolkata since last week","Travel"
"There's a strange feeling of being pretty disappointed because of everything going on lately.","Mood/Emotion"
"Pune wali cab agle hafte delay ho gayi, uske upar se subah se Kerala ghumne ka plan bana raha hoon.","Travel"
"Everyone at home was discussing a documentary I watched these days.","General/Other"
"We ordered a fruit salad for dinner since Monday while we ordered idli sambar for dinner by Friday.","Food"
"Aajkal restless feel ho raha hai us bahas ke baad.","Mood/Emotion"
"is weekend leadership ke saamne status update present karna hai jabki agle hafte leadership ke saamne sprint review present karna hai.","Work/Office"
"The delivery for a laptop bag is delayed right now so i ordered a formal shirt online since noon.","Shopping"
"I'll be working from home next week to complete the onboarding documents, while there's a meeting about the sales deck scheduled for a couple of hours.","Work/Office"
"I have to submit the semester project for a couple of hours.","Education"
"My monthly budget got auto-debited since noon.","Finance"
"Sach kahoon toh cheezein plan ke hisaab se na hone ki wajah se, mann bahut thoda anxious hai.","Mood/Emotion"
"We talked about the power cut yesterday for a while by Friday.","General/Other"
"There's a strange feeling of being content since the plans got cancelled.","Mood/Emotion"
"we ordered butter chicken for dinner last night though the doctor recommended a place that serves amazing pancakes.","Food"
"aajkal the office server reinstall karna pada","Technology"
"team meeting notes submit kar diya abhi lekin abhi tak reply nahi aaya.","Work/Office"
"I need to pay a fixed deposit these days.","Finance"
"kuch minute pehle physics submit karna hai.","Education"
"i noticed chest tightness last night and it's not going away","Health"
"I finally cleared the personal loan EMI since morning.","Finance"
"i noticed the family gathering this weekend while walking this morning","General/Other"
"I have to present the sales deck in front of the leadership since morning.","Work/Office"
"I noticed the festival preparations while walking since last week, and on top of that we talked about the neighborhood cat for a while this weekend.","General/Other"
"Monday se wale the class test ko lekar nervous hoon","Education"
"the office server won't connect to the internet since two days but i had to reinstall my email account last night.","Technology"
"the festival preparations came up randomly in conversation right now even though i spent some time dealing with the weather since two days.","General/Other"
"I need to pay my monthly budget in a while","Finance"
"Friday tak my browser reinstall karna pada.","Technology"
"I noticed the power cut yesterday while walking since noon.","General/Other"
"aajkal Ladakh ke liye packing karni hai.","Travel"
"Subah se hi irritated mehsoos ho raha hai itna busy rehne ki wajah se.","Mood/Emotion"
"Our overnight bus to Rishikesh got delayed this month.","Travel"
"I think I need a checkup for a running nose, and i feel like a mild fever is getting worse today.","Health"
"I have to present the hiring paperwork in front of the leadership since morning plus i submitted the code review just now but haven't heard back yet.","Work/Office"
"Abhi Ooty wali local train ke liye check-in kar liya","Travel"
"the doctor mentioned the power cut yesterday during our chat.","General/Other"
"the festival preparations came up randomly in conversation a few minutes ago even though the community meeting came up randomly in conversation last night.","General/Other"
"Aaj clinic jaana hai sar dard check karwane.","Health"
"future ke baare mein soch kar, bas ek ajeeb sa santusht feeling aa rahi hai","Mood/Emotion"
"I finally booked a cab ticket to Shimla while our overnight bus to Udaipur got delayed last night.","Travel"
"There's a meeting about the sales deck scheduled today.","Work/Office"
"Aajkal kaafi disappointed feel ho raha hai us bahas ke baad.","Mood/Emotion"
"There's a strange feeling of being proud since the plans got cancelled.","Mood/Emotion"
"kal raat se chakkar thik nahi ho raha.","Health"
"The delivery for a handbag is delayed this morning.","Shopping"
"We talked about the traffic on the way home for a while from tomorrow plus the power cut yesterday came up randomly in conversation a few minutes ago.","General/Other"
"aakhirkar the tax filing clear kar diya pichle hafte se uske alawa my bank statement auto-debit ho gaya raat se.","Finance"
"the personal loan EMI auto-debit ho gaya is mahine, lekin mummy ne bola the personal loan EMI review karo.","Finance"
"I ordered sunglasses online right now.","Shopping"
"dopahar se dinner mein a fruit salad order kiya, lekin kuch ghanton se dost aa rahe hain aur tacos banane ka plan hai.","Food"
"Ghar pe sab the power cut yesterday ke baare mein baat kar rahe the kuch ghanton se.","General/Other"
"The store had a huge sale on a formal shirt since two days, and the store had a huge sale on a pair of sneakers since Monday.","Shopping"
"Aakhirkar audit checklist close kar diya abhi.","Work/Office"
"professor ne mathematics samjhaane mein madad ki","Education"
"team meeting notes ko lekar meeting hai agle mahine lekin hamari team quarterly report pe atki hui hai aaj.","Work/Office"
"Samajh nahi aa raha my password manager itna slow kyun hai do din se.","Technology"
"dukaandaar ne bola my credit card bill review karo.","Finance"
"The bank sent a notification about my salary.","Finance"
"I need to pay the insurance premium next month since i finally cleared the loan application this evening.","Finance"
"I had to skip work due to back pain by Friday","Health"
"papa ne the garden we're planting ka zikr kiya baat cheet mein.","General/Other"
"kal se dinner mein rajma chawal order kiya","Food"
"Aakhirkar team meeting notes close kar diya kal raat se.","Work/Office"
"kuch minute pehle Manali ke liye packing karni hai.","Travel"
"Aakhirkar mathematics ka result aa gaya.","Education"
"Recovering slowly from loose motions next week.","Health"
"Abhi padhna hai.","Education"
"my roommate helped me understand the practical exam better.","Education"
"an ear infection has been bothering me since last week","Health"
"is weekend dost aa rahe hain aur a vegetable stir fry banane ka plan hai.","Food"
"hamari team client presentation pe atki hui hai Friday tak, lekin code review submit kar diya kuch ghanton se lekin abhi tak reply nahi aaya.","Work/Office"
"I had to skip work due to loose motions from tomorrow so my boss suggested I see a specialist because of blurry vision.","Health"
"mere roommate ne bola thoda rest kar aankhon mein dhundhlapan thik ho jayega","Health"
"The overnight bus to Rishikesh was surprisingly comfortable, since i need to pack for Udaipur this afternoon.","Travel"
"I've been feeling emotionally exhausted since I've been so busy.","Mood/Emotion"
"I need to pay the tax filing since noon, and i need to pay my mutual fund investment since yesterday.","Finance"
"my father asked me to revise the budget proposal last night.","Work/Office"
"Aakhirkar Singapore ke liye overnight bus ki ticket book kar li.","Travel"
"I had to skip work due to swelling in my ankle just now.","Health"
"my landlord helped me fix my browser.","Technology"
"i spent some time dealing with the community meeting a few minutes ago, because i spent some time dealing with the neighborhood cat since yesterday.","General/Other"
"Main bahut overwhelmed feel kar raha hoon purane dosto ki yaad aane se.","Mood/Emotion"
"App keeps freezing.","Technology"
"I'm nervous about mathematics scheduled this morning.","Education"
"thodi der mein wale the semester project ko lekar nervous hoon, isliye meri behen ne the history assignment samjhaane mein madad ki.","Education"
"I ordered sunglasses online this morning.","Shopping"
"I ordered a formal shirt online since last week.","Shopping"
"my roommate scheduled a call about the client presentation today","Work/Office"
"I finally cleared the electricity bill since last night.","Finance"
"performance review ko lekar meeting hai kal raat se jabki aaj shaam ko half day liya hiring paperwork complete karne ke liye.","Work/Office"
"We talked about the festival preparations for a while this morning.","General/Other"
"I finally sat down and reworked my entire monthly budget after realizing how much I had been overspending on things I didn't really need.","Finance"
"Aakhirkar a fixed deposit clear kar diya is weekend","Finance"
"the operating system suddenly stopped working since yesterday and i switched to a new my laptop because the old one kept freezing.","Technology"
"mere cousin ne bola thoda rest kar sar dard thik ho jayega isliye kamzori ki wajah se kuch ghanton se kaam pe nahi ja paaya.","Health"
"is hafte the weekend plans ke baare mein baat hui.","General/Other"
"Restaurant ka paneer tikka bahut tasty tha.","Food"
"kal se online a pair of sneakers order kiya","Shopping"
"my credit score auto-debit ho gaya pichle teen din se.","Finance"
"I'm planning a trip to Darjeeling next month, so our road trip to Manali got delayed just now.","Travel"
"I'm nervous about mathematics scheduled since Monday.","Education"
"kal my smartwatch app reinstall karna pada.","Technology"
"Udaipur wali overnight bus parso delay ho gayi.","Travel"
"I can't figure out why the new software update is so slow next month.","Technology"
"meri behen ne the weekend plans ka zikr kiya baat cheet mein.","General/Other"
"I'm not sure whether to take a cab or drive to Singapore.","Travel"
"Subah se hi bahut stressed mehsoos ho raha hai kuch bhi thik nahi ho raha isliye.","Mood/Emotion"
"I ordered a new smartphone online since morning, because the store had a huge sale on a set of headphones right now.","Shopping"
"aajkal the entrance exam submit karna hai.","Education"
"my neighbor mentioned the traffic on the way home during our chat.","General/Other"
"meri behen ne the Wi-Fi router fix karne mein madad ki.","Technology"
"I noticed the weather while walking since two days though everyone at home was discussing the weekend plans since morning.","General/Other"
"aaj shaam ko ghar pe a vegetable stir fry banane ki koshish ki, jabki kuch ghanton se ghar pe biryani banane ki koshish ki.","Food"
"our road trip to Singapore got delayed last night but our itinerary for Rishikesh includes a lot of sightseeing.","Travel"
"There's a strange feeling of being pretty disappointed since I've been so busy.","Mood/Emotion"
"Store mein a handbag pe badi sale lagi hai is hafte.","Shopping"
"i need to finish the hiring paperwork before since noon","Work/Office"
"mere manager ne ek achi brand suggest ki a smartwatch ke liye.","Shopping"
"my laptop baar crash ho raha hai thodi der mein.","Technology"
"pichle hafte se tak quarterly report complete karna hai, aur code review ki deadline aage badh gayi dopahar se.","Work/Office"
"I need to pay my monthly budget this evening, so i need to pay the loan application since two days.","Finance"
"I've been putting off buying a new laptop bag for months, but after my old one finally broke, I ended up ordering the first decent one I found online.","Shopping"
"kal se thoda time the noisy construction nearby sambhalne mein laga.","General/Other"
"Kal storm ki wajah se karib chaar ghante tak bijli gayi rahi, isliye poori shaam candle light mein board games khelte reh gaye.","General/Other"
"I've been dealing with a headache by Friday, though i've been dealing with body aches since two days.","Health"
"aaj the weekend plans ke baare mein baat hui.","General/Other"
"Hamari team sales deck pe atki hui hai parso, isliye papa ne bola code review revise karo is hafte.","Work/Office"
"is weekend ghar pe momos banane ki koshish ki jabki aajkal dost aa rahe hain aur biryani banane ka plan hai.","Food"
"I ordered a new smartphone online last night.","Shopping"
"Our local train to Bangalore got delayed this month.","Travel"
"I finally cleared a fixed deposit this morning.","Finance"
"raat se dost aa rahe hain aur paneer tikka banane ka plan hai","Food"
"aaj thoda time the power cut yesterday sambhalne mein laga.","General/Other"
"parso my smartwatch app reinstall karna pada.","Technology"
"my father recommended a good brand for a new smartphone.","Shopping"
"I updated my external hard drive and now nothing works properly.","Technology"
"the operating system won't connect to the internet this month.","Technology"
"jee michlana ki wajah se Monday se kaam pe nahi ja paaya uske alawa mujhe pichle hafte se seene mein jakadan ho raha hai.","Health"
"i stayed up all night finishing the scholarship application","Education"
"I'm nervous about the scholarship application scheduled tomorrow.","Education"
"I've been dealing with joint pain from tomorrow.","Health"
"airport pe security check mein bahut time laga aajkal, aur abhi Kolkata wali overnight bus ke liye check-in kar liya.","Travel"
"the company website internet se connect hi nahi ho raha thodi der mein.","Technology"
"chakkar ki wajah se is hafte kaam pe nahi ja paaya.","Health"
"raat se dinner mein momos order kiya","Food"
"Everyone at home was discussing the power cut yesterday from tomorrow","General/Other"
"Bank statement dhyan se check karne pe pata chala ek extra charge laga hua tha jo maine notice hi nahi kiya tha, ab customer care se sort karna padega.","Finance"
"I'm nervous about the final exams scheduled last night.","Education"
"my laptop suddenly stopped working next month.","Technology"
"I noticed the new furniture we bought while walking from tomorrow.","General/Other"
"the company website won't connect to the internet this afternoon.","Technology"
"The store had a huge sale on a set of headphones today, and on top of that the delivery for a new smartphone is delayed this evening.","Shopping"
"I'm nervous about the entrance exam scheduled this weekend, and on top of that my brother helped me understand the scholarship application better.","Education"
"a migraine has been bothering me next week, since i feel like nausea is getting worse since yesterday.","Health"
"hiring paperwork ko lekar meeting hai is weekend, jabki quarterly report ko lekar meeting hai subah se.","Work/Office"
"I finally cleared the insurance premium since yesterday.","Finance"
"I tried making a vegetable stir fry at home since morning.","Food"
"I took a half day since morning to catch up on the team meeting notes while there's a meeting about the code review scheduled a few minutes ago.","Work/Office"
"mere roommate ne bola sprint review revise karo aaj shaam ko, lekin abhi work from home karke sales deck complete karunga.","Work/Office"
"the final exams ke liye ek study group join kiya isliye teacher ne the practical exam samjhaane mein madad ki.","Education"
"Pata nahi kyun par aakhirkar kaam khatam karne ke baad bahut kaafi disappointed lag raha hoon","Mood/Emotion"
"I tried making a fruit salad at home next week.","Food"
"I took a half day a few minutes ago to catch up on the client presentation.","Work/Office"
"Bas ek reminder the weather ke baare mein.","General/Other"
"I have to submit mathematics just now.","Education"
"Sach kahoon toh lambe din ke baad, mann bahut emotionally thaka hua hai.","Mood/Emotion"
"it's hard to explain but I feel proud after finishing the task finally","Mood/Emotion"
"a migraine has been bothering me this evening.","Health"
"Our train to Kolkata got delayed last night while our local train to Goa got delayed from tomorrow.","Travel"
"customer support wale ne bola my online banking review karo.","Finance"
"abhi se ghutno mein dard thik nahi ho raha, par mujhe do din se kamzori ho raha hai.","Health"
"Yeh bahut motivated wala feeling jaa hi nahi raha kuch bhi thik nahi ho raha isliye.","Mood/Emotion"
"pav bhaji bahut spicy tha, poora khaya hi nahi gaya, isliye aajkal ghar pe a cheese pizza banane ki koshish ki.","Food"
"mere neighbor ne bola client presentation revise karo kal se","Work/Office"
"kal raat se mathematics submit karna hai.","Education"
"is hafte random mein the festival preparations ki baat chal padi.","General/Other"
"my friend helped me understand the group presentation better","Education"
"I finally booked a overnight bus ticket to Darjeeling.","Travel"
"parso the operating system reinstall karna pada.","Technology"
"I'm planning a trip to Bangalore by Friday.","Travel"
"I ordered a pair of jeans online since noon.","Shopping"
"I need to pack for Darjeeling since two days.","Travel"
"Aajkal demotivated feel ho raha hai us bahas ke baad.","Mood/Emotion"
"I took a half day next month to catch up on the team meeting notes","Work/Office"
"The store had a huge sale on a winter jacket this evening.","Shopping"
"papa ne bola the insurance premium review karo.","Finance"
"the office printer won't connect to the internet since noon","Technology"
"my mother recommended a place that serves amazing rajma chawal.","Food"
"Our itinerary for Varanasi includes a lot of sightseeing and our local train to Jaipur got delayed from tomorrow.","Travel"
"pichle hafte se work from home karke client presentation complete karunga.","Work/Office"
"subah se hi bahut excited mehsoos ho raha hai itna busy rehne ki wajah se","Mood/Emotion"
"professor ne khush nahi hai sales deck ke result se lekin hamari team sprint review pe atki hui hai kal.","Work/Office"
"is mahine work from home karke marketing plan complete karunga.","Work/Office"
"I have to submit the chemistry lab report since last week","Education"
"my smartwatch app keeps crashing by Friday.","Technology"
"Poori shaam balcony mein baithe random baatein karte rahe, mausam se lekar bachpan ki yaadon tak, aur yeh kaafi relaxing raha.","General/Other"
"nausea has been bothering me by Friday.","Health"
"I forgot the password for my phone.","Technology"
"We're hosting friends since yesterday and planning to make a cheese pizza","Food"
"the delivery for a laptop bag is delayed for a couple of hours, and on top of that my landlord recommended a good brand for a kitchen mixer.","Shopping"
"hamari team client presentation pe atki hui hai is weekend","Work/Office"
"lately I feel really happy after a long day and I don't know why, and it's hard to explain but I feel restless because I miss my old friends.","Mood/Emotion"
"i took a half day last night to catch up on the code review","Work/Office"
"thodi der mein Bangalore ghumne ka plan bana raha hoon.","Travel"
"I read something interesting about the weather.","General/Other"
"My monthly budget got auto-debited since Monday.","Finance"
"the shopkeeper helped me understand the thesis draft better since my boss helped me understand the online course better.","Education"
"We're hosting friends since morning and planning to make paneer tikka","Food"
"I need to reset the mobile app completely.","Technology"
"aakhirkar my salary clear kar diya is hafte","Finance"
"a set of headphones ko different size mein exchange karwana hai.","Shopping"
"The train to Ladakh was surprisingly comfortable.","Travel"
"abhi dost aa rahe hain aur pav bhaji banane ka plan hai.","Food"
"Ghar pe sab a documentary I watched ke baare mein baat kar rahe the is hafte.","General/Other"
"agle hafte my laptop reinstall karna pada.","Technology"
"aankhon mein dhundhlapan ki wajah se kal raat se kaam pe nahi ja paaya","Health"
"Shor ki wajah se the history assignment pe concentrate nahi kar paaya, kyunki pichle hafte se the group presentation submit karna hai.","Education"
"Mujhe aaj se migraine ho raha hai.","Health"
"I've been working from home for the past two weeks and honestly it's been harder to coordinate with the team on the ongoing sprint tasks.","Work/Office"
"I tried making grilled sandwiches at home next month.","Food"
"there's a strange feeling of being unusually calm after hearing the news","Mood/Emotion"
"I had to reinstall the operating system since yesterday, and the Wi-Fi router suddenly stopped working in a while.","Technology"
"Recovering slowly from a running nose for the past three days.","Health"
"my smartwatch app won't connect to the internet next week while i had to reinstall my password manager next month.","Technology"
"This biryani smells amazing.","Food"
"abhi the thesis draft submit karna hai","Education"
"my professor asked me to revise the vendor contract right now, while we finally closed the vendor contract this evening.","Work/Office"
"Aakhirkar the loan application clear kar diya kuch ghanton se.","Finance"
"I ordered a handbag online this afternoon.","Shopping"
"my manager recommended a place that serves amazing tacos plus we're hosting friends by Friday and planning to make pav bhaji.","Food"
"my father mentioned the family gathering this weekend during our chat because i spent some time dealing with the long queue at the grocery store today.","General/Other"
"pichle teen din se wale the online course ko lekar nervous hoon isliye mere colleague ne the group presentation samjhaane mein madad ki.","Education"
"Monday se random mein the long queue at the grocery store ki baat chal padi.","General/Other"
"Feeling really weak now.","Health"
"my cousin scheduled a call about the hiring paperwork this afternoon, while i need to finish the onboarding documents before just now.","Work/Office"
"the shopkeeper recommended a good brand for a study lamp, because i'm returning a pair of running shoes because it didn't fit.","Shopping"
"Aakhirkar a fixed deposit clear kar diya kuch minute pehle kyunki mere roommate ne bola the tax filing review karo.","Finance"
"I spent some time dealing with the weekend plans these days.","General/Other"
"I can't figure out why the new software update is so slow since last week.","Technology"
"I have to present the sprint review in front of the leadership for a couple of hours","Work/Office"
"my professor extended the deadline for physics","Education"
"we talked about the long queue at the grocery store for a while since two days","General/Other"
"boss ne the operating system fix karne mein madad ki.","Technology"
"the teacher suggested I see a specialist because of a headache and i feel like chest tightness is getting worse since two days.","Health"
"I've started taking medicine for loose motions.","Health"
"Recovering slowly from joint pain last night.","Health"
"Friday tak walk karte waqt the family gathering this weekend dikha.","General/Other"
"kal dinner mein momos order kiya","Food"
"Yeh kaafi frustrated wala feeling jaa hi nahi raha sab kuch ek saath ho raha hai isliye.","Mood/Emotion"
"is weekend half day liya sales deck complete karne ke liye.","Work/Office"
"aakhirkar Rishikesh ke liye connecting flight ki ticket book kar li","Travel"
"I had to skip work due to loose motions this weekend while swelling in my ankle has been bothering me tomorrow.","Health"
"kuch ghanton se Kolkata ghumne ka plan bana raha hoon, uske upar se manali wali local train kal delay ho gayi.","Travel"
"I think I need a checkup for stomach pain","Health"
"abhi walk karte waqt an old photo album dikha.","General/Other"
"Ghar pe sab the power cut yesterday ke baare mein baat kar rahe the is weekend.","General/Other"
"my sister helped me understand the semester project better but i'm nervous about the semester project scheduled since yesterday.","Education"
"kuch minute pehle random mein a documentary I watched ki baat chal padi","General/Other"
"my mutual fund investment auto-debit ho gaya pichle hafte se lekin aakhirkar a fixed deposit clear kar diya agle mahine.","Finance"
"I need to pay this month's rent next month.","Finance"
"I'm not sure whether to take a connecting flight or drive to Ooty, but our cab to Singapore got delayed for a couple of hours.","Travel"
"I tried making rajma chawal at home this afternoon.","Food"
"bina kisi wajah ke bas ek ajeeb sa demotivated feeling aa rahi hai","Mood/Emotion"
"the electricity bill auto-debit ho gaya is hafte.","Finance"
"Aaj kaafi shaant din raha, bas an old photo album ke baare mein soch raha tha.","General/Other"
"I have to submit the chemistry lab report this weekend","Education"
"my mother recommended a place that serves amazing paneer tikka since we're hosting friends this evening and planning to make idli sambar.","Food"
"I've started taking medicine for a migraine.","Health"
"kal se dinner mein dosa order kiya.","Food"
"Sach kahoon toh news sunne ke baad, mann bahut akela hai.","Mood/Emotion"
"purane dosto ki yaad aane se, bas ek ajeeb sa bahut excited feeling aa rahi hai.","Mood/Emotion"
"thodi der mein online sunglasses order kiya","Shopping"
"Monday se Manali ghumne ka plan bana raha hoon, kyunki kuch minute pehle Kerala ke liye packing karni hai.","Travel"
"professor ne my laptop fix karne mein madad ki.","Technology"
"I finally cleared my monthly budget from tomorrow.","Finance"
"Bank se the personal loan EMI ke baare mein notification aayi jabki bank se my bank statement ke baare mein notification aayi.","Finance"
"dukaandaar ne code review ke baare mein call rakhi hai kal par mere dost ne project timeline ke baare mein call rakhi hai subah se.","Work/Office"
"aakhirkar my salary clear kar diya kal raat se, lekin my credit card bill cover karne ke liye paise transfer kiye.","Finance"
"I have to submit the chemistry lab report this month even though i have to submit the practical exam since Monday.","Education"
"aaj dinner mein dosa order kiya.","Food"
"I've been dealing with a migraine this month","Health"
"my father recommended a place that serves amazing paneer tikka.","Food"
"mere colleague ne ek jagah bataayi jahan ka pav bhaji zabardast hai.","Food"
"mummy ne bola my mutual fund investment review karo.","Finance"
"pichle hafte se kamar dard thik nahi ho raha.","Health"
"We talked about the neighborhood cat for a while this month.","General/Other"
"i couldn't sleep properly because of acidity by Friday","Health"
"I had to skip work due to blurry vision since two days","Health"
"kuch ghanton se random mein the noisy construction nearby ki baat chal padi.","General/Other"
"my sister recommended a good brand for a formal shirt so my father recommended a good brand for a pair of sneakers.","Shopping"
"Jaipur wali road trip kaafi comfortable thi.","Travel"
"my external hard drive achanak kaam karna band kar diya Friday tak","Technology"
"I'm not sure whether to take a connecting flight or drive to Bangalore.","Travel"
"my smartwatch app internet se connect hi nahi ho raha agle hafte halaanki the company website baar crash ho raha hai thodi der mein.","Technology"
"I'm planning to visit the clinic because of weakness.","Health"
"Main kaafi disappointed feel kar raha hoon plan cancel hone ke baad","Mood/Emotion"
"I submitted the hiring paperwork for the past three days but haven't heard back yet.","Work/Office"
"I have to present the performance review in front of the leadership a few minutes ago.","Work/Office"
"acidity has been bothering me just now.","Health"
"I had to skip work due to joint pain since yesterday.","Health"
"i'm planning a trip to Bangalore last night","Travel"
"mere roommate ne bola this month's rent review karo jabki thodi der mein the tax filing pay karna hai.","Finance"
"I'm nervous about the semester project scheduled right now.","Education"
"thodi der mein dinner mein rajma chawal order kiya.","Food"
"Aajkal ajeeb sa calm feel ho raha hai sab kuch ek saath ho raha hai isliye.","Mood/Emotion"
"I'll be working from home this month to complete the performance review","Work/Office"
"I had to reinstall the mobile app last night.","Technology"
"i transferred some money to cover my savings account, and on top of that the doctor advised me to review my salary.","Finance"
"is mahine ghar pe dosa banane ki koshish ki kyunki abhi a cheese pizza khaane ka mann kar raha hai.","Food"
"I ordered a backpack online since last week.","Shopping"
"My online banking got auto-debited this afternoon.","Finance"
"raat se wale the semester project ko lekar nervous hoon.","Education"
"i spent some time dealing with the weekend plans in a while since i forgot to mention the community meeting to you earlier.","General/Other"
"is mahine online a smartwatch order kiya","Shopping"
"kaafi khaansi ki wajah se parso kaam pe nahi ja paaya.","Health"
"I've started taking medicine for weakness.","Health"
"sunglasses ki delivery late ho rahi hai is weekend.","Shopping"
"Rishikesh wali local train aaj shaam ko delay ho gayi isliye is hafte Manali ke liye packing karni hai.","Travel"
"It's hard to explain but I feel a little low since things didn't go as planned.","Mood/Emotion"
"a pair of sneakers ki delivery late ho rahi hai raat se isliye aaj shaam ko online a winter jacket order kiya.","Shopping"
"I've been dealing with loose motions a few minutes ago while recovering slowly from a mild fever since two days.","Health"
"I need to pay my salary tomorrow.","Finance"
"Singapore ke paas ek chhota sa hotel liya hai humne","Travel"
"dukaandaar ne khush nahi hai sales deck ke result se","Work/Office"
"this month's rent auto-debit ho gaya kuch ghanton se lekin aakhirkar the insurance premium clear kar diya aajkal.","Finance"
"is weekend dost aa rahe hain aur noodles banane ka plan hai.","Food"
"weakness has been bothering me since last week","Health"
"the new software update keeps crashing next week.","Technology"
"the shopkeeper advised me to review this month's rent, and on top of that the shopkeeper advised me to review my online banking.","Finance"
"I'm nervous about the history assignment scheduled these days.","Education"
"Subah se hi proud mehsoos ho raha hai plan cancel hone ke baad.","Mood/Emotion"
"Everyone at home was discussing the neighbor's new dog next month.","General/Other"
"boss ne bola my online banking review karo.","Finance"
"I need to pay my salary by Friday.","Finance"
"everyone at home was discussing the traffic on the way home since two days","General/Other"
"I woke up feeling hopeful after that argument so i can't shake off this content feeling because I miss my old friends.","Mood/Emotion"
"is hafte the practical exam submit karna hai.","Education"
"the festival preparations came up randomly in conversation tomorrow.","General/Other"
"my external hard drive baar crash ho raha hai kal se.","Technology"
"We're hosting friends a few minutes ago and planning to make rajma chawal while we ordered a vegetable stir fry for dinner a few minutes ago.","Food"
"my bank statement auto-debit ho gaya aaj.","Finance"
"the operating system internet se connect hi nahi ho raha aajkal.","Technology"
"kuch ghanton se dost aa rahe hain aur butter chicken banane ka plan hai.","Food"
"aajkal random mein the power cut yesterday ki baat chal padi","General/Other"
"pichle hafte se Varanasi ke liye packing karni hai","Travel"
"mere roommate ne bola team meeting notes revise karo subah se, jabki aakhirkar hiring paperwork close kar diya pichle teen din se.","Work/Office"
"my smartwatch app internet se connect hi nahi ho raha kal se kyunki mere colleague ne the Wi-Fi router fix karne mein madad ki.","Technology"
"I ordered a pair of running shoes online since last week.","Shopping"
"Hafton sochne ke baad aakhirkar a dining table khareed liya.","Shopping"
"news sunne ke baad, bas ek ajeeb sa bahut excited feeling aa rahi hai","Mood/Emotion"
"mere roommate ne ek achi brand suggest ki a pair of sneakers ke liye.","Shopping"
"Everyone at home was discussing the community meeting just now.","General/Other"
"The restaurant's pancakes was absolutely delicious.","Food"
"i need to pay my savings account these days","Finance"
"Store mein a pair of jeans pe badi sale lagi hai kuch minute pehle.","Shopping"
"I joined a study group for mathematics","Education"
"I ordered a set of headphones online for a couple of hours.","Shopping"
"my sister mentioned the long queue at the grocery store during our chat and everyone at home was discussing the neighborhood cat this afternoon.","General/Other"
"There's a meeting about the performance review scheduled today.","Work/Office"
"papa ne bola specialist ko dikhao chakkar ke liye.","Health"
"my colleague recommended a place that serves amazing pancakes.","Food"
"mere neighbor ne the practical exam samjhaane mein madad ki halaanki teacher ne the semester project samjhaane mein madad ki.","Education"
"I had to skip work due to swelling in my ankle by Friday, because i feel like weakness is getting worse last night.","Health"
"aaj shaam ko the coding assignment submit karna hai.","Education"
"pichle teen din se the practical exam submit karna hai.","Education"
"I'm so hungry right now.","Food"
"I transferred some money to cover the personal loan EMI.","Finance"
"professor ne the office server fix karne mein madad ki.","Technology"
"dopahar se wale the entrance exam ko lekar nervous hoon","Education"
"i tried making tacos at home since noon","Food"
"I tried making noodles at home since Monday.","Food"
"I need to reset my password manager completely.","Technology"
"I woke up feeling a little low since I've been so busy.","Mood/Emotion"
"Pata nahi kyun par kuch bhi thik nahi ho raha isliye bahut nervous lag raha hoon.","Mood/Emotion"
"Honestly, I feel very motivated because of everything going on lately.","Mood/Emotion"
"is hafte my salary pay karna hai","Finance"
"my colleague helped me understand mathematics better.","Education"
"Manali wali local train kaafi comfortable thi.","Travel"
"agle mahine leadership ke saamne vendor contract present karna hai.","Work/Office"
"The store had a huge sale on a pair of running shoes since last week.","Shopping"
"I finally cleared my online banking since two days though i need to pay the tax filing since morning.","Finance"
"my boss suggested I see a specialist because of nausea because i feel like a migraine is getting worse next week.","Health"
"I'm nervous about the entrance exam scheduled next week.","Education"
"The delivery for sunglasses is delayed tomorrow.","Shopping"
"Sach kahoon toh lambe din ke baad, mann bahut demotivated hai.","Mood/Emotion"
"my colleague helped me fix the new software update","Technology"
"I've been feeling overwhelmed since the plans got cancelled.","Mood/Emotion"
"kal se kamzori thik nahi ho raha.","Health"
"Lately I feel really happy because of everything going on lately, and I don't know why.","Mood/Emotion"
"dukaandaar ne bola specialist ko dikhao gale mein kharash ke liye.","Health"
"Pichle weekend dosto ke liye chhota sa dinner rakha tha aur khaana itna zyada ban gaya ki teen din se leftovers hi kha rahe hain.","Food"
"I can't figure out why the Wi-Fi router is so slow right now plus my email account suddenly stopped working a few minutes ago.","Technology"
"a dining table ki delivery late ho rahi hai parso","Shopping"
"the shopkeeper advised me to review my credit card bill.","Finance"
"I took a half day a few minutes ago to catch up on the marketing plan.","Work/Office"
"is mahine Ladakh ghumne ka plan bana raha hoon.","Travel"
"I had to reinstall the company website in a while so i can't figure out why my password manager is so slow today.","Technology"
"I've been dealing with chest tightness tomorrow","Health"
"kal wale the online course ko lekar nervous hoon.","Education"
"Samajh nahi aa raha cab loon ya khud drive karke Kolkata jaaun, kyunki varanasi pahunchte hi gaadi rent pe le lenge.","Travel"
"kal se wale the online course ko lekar nervous hoon kyunki abhi wale the online course ko lekar nervous hoon.","Education"
"is hafte wale the final exams ko lekar nervous hoon, lekin poori raat jaagkar the literature essay complete kiya.","Education"
"i have to submit the chemistry lab report last night, but i have to submit the semester project just now.","Education"
"my boss advised me to review my mutual fund investment though i finally cleared the loan application since noon.","Finance"
"a formal shirt ki delivery late ho rahi hai thodi der mein, kyunki teacher ne ek achi brand suggest ki a winter jacket ke liye.","Shopping"
"mummy ne ek jagah bataayi jahan ka biryani zabardast hai.","Food"
"Store mein a laptop bag pe badi sale lagi hai do din se.","Shopping"
"is hafte walk karte waqt the new furniture we bought dikha.","General/Other"
"I noticed the community meeting while walking right now.","General/Other"
"us naye cafe ka a cheese pizza bahut mehenga tha","Food"
"My the insurance premium got auto-debited next week, and i need to pay the insurance premium since last week.","Finance"
"the company website won't connect to the internet today.","Technology"
"Sach kahoon toh plan cancel hone ke baad, mann bahut nervous hai.","Mood/Emotion"
"Yeh thoda anxious wala feeling jaa hi nahi raha plan cancel hone ke baad.","Mood/Emotion"
"is mahine random mein the long queue at the grocery store ki baat chal padi.","General/Other"
"I had to skip work due to an ear infection since Monday.","Health"
"sar dard ki wajah se parso kaam pe nahi ja paaya.","Health"
"I can't shake off this unusually calm feeling after that argument","Mood/Emotion"
"I can't shake off this nervous feeling since I've been so busy.","Mood/Emotion"
"Pata nahi kyun par sab kuch ek saath ho raha hai isliye bahut santusht lag raha hoon.","Mood/Emotion"
"Samajh nahi aa raha my smartwatch app itna slow kyun hai kuch minute pehle","Technology"
"i spent some time dealing with the community meeting next month","General/Other"
"aaj the Wi-Fi router reinstall karna pada.","Technology"
"dopahar se dinner mein momos order kiya.","Food"
"we're hosting friends this evening and planning to make pav bhaji","Food"
"the teacher advised me to review my savings account, though i need to pay a fixed deposit this afternoon.","Finance"
"kal dinner mein rajma chawal order kiya.","Food"
"The delivery for a set of headphones is delayed since noon though the delivery for a winter jacket is delayed last night.","Shopping"
"takhne mein sujan ki wajah se raat bhar so nahi paaya.","Health"
"my password manager internet se connect hi nahi ho raha is mahine, jabki the mobile app achanak kaam karna band kar diya pichle teen din se.","Technology"
"Honestly, I feel content because nothing seems to be going right.","Mood/Emotion"
"Dhire sar dard se recover kar raha hoon","Health"
"Rishikesh wali connecting flight kal se delay ho gayi","Travel"
"a bad cough has been bothering me this evening.","Health"
"my colleague helped me understand the chemistry lab report better, so i'm nervous about the literature essay scheduled for a couple of hours.","Education"
"Samajh nahi aa raha cab loon ya khud drive karke Dubai jaaun","Travel"
"Our train to Ooty got delayed tomorrow.","Travel"
"abhi wale mathematics ko lekar nervous hoon.","Education"
"landlord ne the noisy construction nearby ka zikr kiya baat cheet mein","General/Other"
"The store had a huge sale on a formal shirt since yesterday","Shopping"
"Our team is stuck on the hiring paperwork since morning.","Work/Office"
"I had to skip work due to a migraine right now.","Health"
"We ordered pasta for dinner next week.","Food"
"Subah se hi irritated mehsoos ho raha hai sab kuch ek saath ho raha hai isliye.","Mood/Emotion"
"Ooty wali cab agle hafte delay ho gayi.","Travel"
"my brother helped me understand the semester project better plus the delivery guy helped me understand mathematics better.","Education"
"Subah se hi bahut stressed mehsoos ho raha hai bina kisi wajah ke.","Mood/Emotion"
"my password manager baar crash ho raha hai kal se","Technology"
"Main hopeful feel kar raha hoon future ke baare mein soch kar.","Mood/Emotion"
"dukaandaar ne bola thoda rest kar sar dard thik ho jayega halaanki doctor ne bola thoda rest kar loose motion thik ho jayega.","Health"
"Friday tak se kamar dard thik nahi ho raha.","Health"
"Teen websites pe a formal shirt ka price compare kiya.","Shopping"
"kal Singapore ghumne ka plan bana raha hoon","Travel"
"the new software update internet se connect hi nahi ho raha kal raat se.","Technology"
"the insurance premium auto-debit ho gaya aaj shaam ko","Finance"
"i can't figure out why the new software update is so slow this morning plus my external hard drive suddenly stopped working from tomorrow.","Technology"
"I just checked in for my local train to Kolkata.","Travel"
"mere dost ne bola specialist ko dikhao kamar dard ke liye.","Health"
"Aakhirkar momos ki recipe perfect ho gayi meri","Food"
"The deadline for the onboarding documents got moved up since two days.","Work/Office"
"the shopkeeper mentioned the festival preparations during our chat.","General/Other"
"I have to present the hiring paperwork in front of the leadership tomorrow, and on top of that there's a meeting about the sales deck scheduled since two days.","Work/Office"
"I need to pack for Mumbai today.","Travel"
"Aakhirkar performance review close kar diya kal.","Work/Office"
"the mobile app suddenly stopped working since last week.","Technology"
"i had to skip work due to a headache right now","Health"
"seene mein jakadan ki wajah se kuch minute pehle kaam pe nahi ja paaya.","Health"
"I need to pay my savings account this afternoon.","Finance"
"raat se work from home karke quarterly report complete karunga","Work/Office"
"I have to submit the entrance exam this weekend.","Education"
"The delivery for a new smartphone is delayed for the past three days.","Shopping"
"is weekend tak sales deck complete karna hai, lekin kal raat se tak audit checklist complete karna hai.","Work/Office"
"We're staying at a small hotel near Kolkata, because our connecting flight to Delhi got delayed this weekend.","Travel"
"raat se thoda time an old photo album sambhalne mein laga.","General/Other"
"I tried making a cheese pizza at home a few minutes ago.","Food"
"I'm nervous about the semester project scheduled since two days","Education"
"I noticed a migraine next week and it's not going away.","Health"
"we're renting a car once we reach Manali","Travel"
"I need to pay the personal loan EMI this morning, since i need to pay my salary from tomorrow.","Finance"
"my online banking auto-debit ho gaya is mahine.","Finance"
"dukaandaar ne bola thoda rest kar badan dard thik ho jayega, jabki pet dard ki wajah se raat se kaam pe nahi ja paaya.","Health"
"The overnight bus to Singapore was surprisingly comfortable since our connecting flight to Ooty got delayed by Friday.","Travel"
"Our team is stuck on the code review since Monday.","Work/Office"
"I stayed up all night finishing the history assignment.","Education"
"my phone won't connect to the internet a few minutes ago even though my phone won't connect to the internet since last night.","Technology"
"kal tak quarterly report complete karna hai.","Work/Office"
"I can't shake off this a bit lonely feeling after a long day.","Mood/Emotion"
"a pair of running shoes ki delivery late ho rahi hai is mahine","Shopping"
"landlord ne the power cut yesterday ka zikr kiya baat cheet mein","General/Other"
"Store mein a study lamp pe badi sale lagi hai Monday se.","Shopping"
"We finally closed the performance review since Monday because i submitted the quarterly report since last week but haven't heard back yet.","Work/Office"
"We're hosting friends this month and planning to make tacos, because i tried making momos at home just now.","Food"
"The train to Udaipur was surprisingly comfortable.","Travel"
"I took a half day for the past three days to catch up on the vendor contract","Work/Office"
"Main bahut stressed feel kar raha hoon kuch bhi thik nahi ho raha isliye.","Mood/Emotion"
"We finally closed the quarterly report for a couple of hours.","Work/Office"
"quarterly report ko lekar meeting hai do din se, par delivery wale ne team meeting notes ke baare mein call rakhi hai abhi.","Work/Office"
"after that argument, I've just been feeling pretty disappointed, since i've been feeling really happy because I miss my old friends.","Mood/Emotion"
"I had to reinstall my password manager a few minutes ago","Technology"
"Shimla wali connecting flight kaafi comfortable thi.","Travel"
"kuch minute pehle mathematics submit karna hai.","Education"
"the deadline for the marketing plan got moved up since yesterday","Work/Office"
"abhi wale physics ko lekar nervous hoon.","Education"
"I can't shake off this a bit lonely feeling thinking about the future.","Mood/Emotion"
"I stayed up all night finishing the final exams since i have to submit the entrance exam next week.","Education"
"I tried making a vegetable stir fry at home since two days.","Food"
"mere neighbor ne bola thoda rest kar badan dard thik ho jayega aur aaj kaan mein infection ki wajah se rest kar raha hoon.","Health"
"I tried making pav bhaji at home by Friday","Food"
"dopahar se dost aa rahe hain aur dosa banane ka plan hai","Food"
"mere dost ne bola this month's rent review karo","Finance"
"kamar dard ki wajah se kal se kaam pe nahi ja paaya.","Health"
"my father mentioned an old photo album during our chat","General/Other"
"my neighbor scheduled a call about the code review since two days, since i submitted the performance review this afternoon but haven't heard back yet.","Work/Office"
"customer support helped me understand the coding assignment better but i'm nervous about the chemistry lab report scheduled this afternoon.","Education"
"I spent some time dealing with an old photo album since last week.","General/Other"
"papa ne the coding assignment samjhaane mein madad ki.","Education"
"I need to pay the electricity bill this afternoon, and my landlord advised me to review the personal loan EMI.","Finance"
"aajkal akela feel ho raha hai future ke baare mein soch kar","Mood/Emotion"
"aaj ghar pe idli sambar banane ki koshish ki.","Food"
"I ordered a smartwatch online this month.","Shopping"
"mere manager ne bola the personal loan EMI review karo.","Finance"
"Sach kahoon toh news sunne ke baad, mann bahut hopeful hai.","Mood/Emotion"
"Recovering slowly from a skin rash since last week, but woke up with a sore throat and decided to rest today.","Health"
"mere manager ne the neighbor's new dog ka zikr kiya baat cheet mein.","General/Other"
"Our connecting flight to Shimla got delayed a few minutes ago.","Travel"
"parso dost aa rahe hain aur rajma chawal banane ka plan hai.","Food"
"kuch ghanton se the final exams submit karna hai jabki raat se wale the group presentation ko lekar nervous hoon.","Education"
"performance review ko lekar meeting hai aaj.","Work/Office"
"agle hafte the online course submit karna hai.","Education"
"the Wi-Fi router baar crash ho raha hai subah se","Technology"
"I have to submit the entrance exam by Friday","Education"
"I finally booked a overnight bus ticket to Jaipur so i'm planning a trip to Bangalore since morning.","Travel"
"Dhire chakkar se recover kar raha hoon.","Health"
"I woke up feeling a little low because nothing seems to be going right but lately I feel irritated after hearing the news, and I don't know why.","Mood/Emotion"
"thodi der mein wale the entrance exam ko lekar nervous hoon.","Education"
"The delivery for a dining table is delayed this weekend","Shopping"
"I spent some time dealing with the family gathering this weekend from tomorrow.","General/Other"
"kal the company website reinstall karna pada.","Technology"
"I feel like a headache is getting worse this month.","Health"
"raat se wale the class test ko lekar nervous hoon.","Education"
"i'm nervous about the semester project scheduled this weekend even though my mother helped me understand the thesis draft better.","Education"
"my phone keeps crashing since two days.","Technology"
"Aajkal emotionally thaka hua feel ho raha hai aakhirkar kaam khatam karne ke baad.","Mood/Emotion"
"Friday tak the literature essay submit karna hai.","Education"
"is weekend random mein the power cut yesterday ki baat chal padi.","General/Other"
"our train to Kerala got delayed next week while our local train to Goa got delayed right now.","Travel"
"do din se the final exams submit karna hai.","Education"
"The store had a huge sale on a formal shirt last night, and on top of that i ordered a kitchen mixer online for a couple of hours.","Shopping"
"Ooty wali connecting flight kaafi comfortable thi.","Travel"
"i finally cleared my online banking for a couple of hours","Finance"
"my phone achanak kaam karna band kar diya kuch minute pehle lekin the Wi-Fi router baar crash ho raha hai raat se.","Technology"
"ghar pe sab an old photo album ke baare mein baat kar rahe the is weekend","General/Other"
"pichle hafte se online a pair of running shoes order kiya.","Shopping"
"I forgot the password for my laptop.","Technology"
"Abhi Delhi wali cab ke liye check-in kar liya.","Travel"
"friday tak dost aa rahe hain aur a vegetable stir fry banane ka plan hai","Food"
"mere cousin ne bola thoda rest kar aankhon mein dhundhlapan thik ho jayega isliye blood test karwaya naak behna ki wajah se.","Health"
"Honestly, I feel a bit lonely because of everything going on lately.","Mood/Emotion"
"I compared prices for a dining table across three websites, and my neighbor recommended a good brand for a laptop bag.","Shopping"
"Aakhirkar my monthly budget clear kar diya Monday se.","Finance"
"I woke up feeling extremely stressed since things didn't go as planned though i've been feeling irritated after a long day.","Mood/Emotion"
"Monday se tak team meeting notes complete karna hai.","Work/Office"
"I need to finish the sprint review before this afternoon.","Work/Office"
"Aaj assignment due hai.","Education"
"aankhon mein dhundhlapan ki wajah se abhi kaam pe nahi ja paaya jabki delivery wale ne bola thoda rest kar kaafi khaansi thik ho jayega.","Health"
"Samajh nahi aa raha train loon ya khud drive karke Kerala jaaun par friday tak Kerala ghumne ka plan bana raha hoon.","Travel"
"pichle hafte se wale the thesis draft ko lekar nervous hoon.","Education"
"my manager is not happy with how the sprint review turned out","Work/Office"
"kuch minute pehle tak hiring paperwork complete karna hai.","Work/Office"
"Bataana mushkil hai lekin us baat cheet ke baad bahut overwhelmed hoon.","Mood/Emotion"
"the new software update achanak kaam karna band kar diya abhi, isliye aaj shaam ko the company website reinstall karna pada.","Technology"
"i have to submit the final exams next week","Education"
"I ordered a set of headphones online a few minutes ago.","Shopping"
"the coding assignment ke liye ek study group join kiya par kal se the thesis draft submit karna hai.","Education"
"us baat cheet ke baad bas ek ajeeb sa akela feeling aa rahi hai","Mood/Emotion"
"I'll be working from home this weekend to complete the code review.","Work/Office"
"Subah se hi santusht mehsoos ho raha hai itna busy rehne ki wajah se.","Mood/Emotion"
"Yeh bahut excited wala feeling jaa hi nahi raha aakhirkar kaam khatam karne ke baad.","Mood/Emotion"
"Store mein sunglasses pe badi sale lagi hai kuch ghanton se.","Shopping"
"Checkup ke liye jaana padega kaan mein infection ke liye.","Health"
"Ghar pe sab the long queue at the grocery store ke baare mein baat kar rahe the kal raat se.","General/Other"
"the mobile app achanak kaam karna band kar diya agle mahine.","Technology"
"kal raat se work from home karke budget proposal complete karunga","Work/Office"
"Jab se subah uthi hoon tab se sar mein itna zyada dard ho raha hai ki office ka kaam karna bhi mushkil ho raha hai.","Health"
"parso my phone reinstall karna pada.","Technology"
"aaj walk karte waqt the family gathering this weekend dikha.","General/Other"
"I can't figure out why the office server is so slow last night, since the office server suddenly stopped working from tomorrow.","Technology"
"I have to submit mathematics since yesterday.","Education"
"is hafte the final exams submit karna hai.","Education"
"Pata nahi kyun par purane dosto ki yaad aane se bahut santusht lag raha hoon","Mood/Emotion"
"My online banking got auto-debited next week.","Finance"
"thodi der mein my online banking pay karna hai.","Finance"
"We ordered noodles for dinner tomorrow.","Food"
"Samajh nahi aa raha my phone itna slow kyun hai dopahar se","Technology"
"Ghar pe sab an old photo album ke baare mein baat kar rahe the kuch minute pehle.","General/Other"
"kal raat se the thesis draft submit karna hai, isliye kuch minute pehle the class test submit karna hai.","Education"
"kuch minute pehle dost aa rahe hain aur dosa banane ka plan hai","Food"
"the office printer keeps crashing last night.","Technology"
"I finally cleared the insurance premium this evening, and on top of that i need to pay the electricity bill since last week.","Finance"
"Class miss hone ki wajah se the final exams mein peeche reh gaya hoon.","Education"
"mere manager ne the long queue at the grocery store ka zikr kiya baat cheet mein","General/Other"
"kuch ghanton se Rishikesh ke liye packing karni hai, aur varanasi wali local train kal delay ho gayi.","Travel"
"my phone internet se connect hi nahi ho raha kuch minute pehle","Technology"
"aajkal my browser reinstall karna pada.","Technology"
"kaafi khaansi ke liye appointment book karwa liya hai.","Health"
"Darjeeling wali flight kaafi comfortable thi.","Travel"
"I had to skip work due to a running nose since yesterday.","Health"
"my mutual fund investment jaldi close karne ke liye paise bacha raha hoon","Finance"
"aaj wale physics ko lekar nervous hoon.","Education"
"We're hosting friends from tomorrow and planning to make pasta.","Food"
"pichle teen din se the new software update reinstall karna pada.","Technology"
"I've been dealing with a bad cough this afternoon, so i had to skip work due to weakness since morning.","Health"
"I spent some time dealing with the noisy construction nearby since two days.","General/Other"
"I couldn't sleep properly because of a mild fever just now.","Health"
"The store had a huge sale on a pair of sneakers for a couple of hours.","Shopping"
"I've started taking medicine for back pain.","Health"
"Technician ne the office server dekha lekin issue nahi mila par my browser baar crash ho raha hai subah se.","Technology"
"delivery wale ne the group presentation samjhaane mein madad ki.","Education"
"Ladakh wali connecting flight kaafi comfortable thi","Travel"
"I couldn't sleep properly because of back pain in a while even though i noticed a running nose just now and it's not going away.","Health"
"I had to skip work due to a headache a few minutes ago, because i couldn't sleep properly because of loose motions today.","Health"
"Bataana mushkil hai lekin purane dosto ki yaad aane se bahut santusht hoon.","Mood/Emotion"
"Honestly, I feel overwhelmed after that argument","Mood/Emotion"
"doctor ne ek jagah bataayi jahan ka a cheese pizza zabardast hai.","Food"
"customer support wale ne the practical exam samjhaane mein madad ki isliye professor ne the semester project samjhaane mein madad ki.","Education"
"mere neighbor ne khush nahi hai sprint review ke result se par mere manager ne khush nahi hai onboarding documents ke result se.","Work/Office"
"I found a great discount on a winter jacket.","Shopping"
"After three days of continuous fever and body ache, my family finally convinced me to get a proper blood test done at the nearby clinic.","Health"
"The technician looked at the office server but couldn't find the issue, but the Wi-Fi router suddenly stopped working for a couple of hours.","Technology"
"the delivery for a formal shirt is delayed since Monday","Shopping"
"I'm not sure whether to take a road trip or drive to Rishikesh.","Travel"
"aakhirkar hiring paperwork close kar diya kal","Work/Office"
"I'm troubleshooting my browser right now.","Technology"
"agle mahine the new furniture we bought ke baare mein baat hui.","General/Other"
"team meeting notes ki deadline aage badh gayi parso.","Work/Office"
"Ghar pe sab the neighbor's new dog ke baare mein baat kar rahe the Monday se.","General/Other"
"I can't figure out why the Wi-Fi router is so slow by Friday.","Technology"
"thodi der mein wale the final exams ko lekar nervous hoon, lekin do din se wale the practical exam ko lekar nervous hoon.","Education"
"marketing plan submit kar diya agle hafte lekin abhi tak reply nahi aaya.","Work/Office"
"dukaandaar ne the neighborhood cat ka zikr kiya baat cheet mein","General/Other"
"Friday tak an old photo album ke baare mein baat hui","General/Other"
"Professor ne achanak semester project ki deadline badha di, jisse poori class ko research properly complete karne ke liye kaafi rahat mil gayi.","Education"
"Aakhirkar hiring paperwork close kar diya raat se.","Work/Office"
"My salary got auto-debited for the past three days since my this month's rent got auto-debited right now.","Finance"
"my neighbor recommended a place that serves amazing paneer tikka, since we ordered rajma chawal for dinner since two days.","Food"
"I have to submit the history assignment these days, since my father helped me understand the entrance exam better.","Education"
"dukaandaar ne bola my credit score review karo","Finance"
"Honestly, I feel very motivated because nothing seems to be going right while lately I feel very motivated since the plans got cancelled, and I don't know why.","Mood/Emotion"
"my laptop achanak kaam karna band kar diya kuch ghanton se, isliye my password manager update kiya aur ab kuch bhi thik se kaam nahi kar raha.","Technology"
"I just checked in for my overnight bus to Singapore.","Travel"
"plan cancel hone ke baad, bas ek ajeeb sa demotivated feeling aa rahi hai","Mood/Emotion"
"mummy ne bola specialist ko dikhao gale mein kharash ke liye kyunki gale mein kharash ki wajah se abhi kaam pe nahi ja paaya.","Health"
"aaj the online course submit karna hai.","Education"
"Kolkata wali flight abhi delay ho gayi.","Travel"
"kal the tax filing pay karna hai.","Finance"
"Lately I feel irritated since things didn't go as planned, and I don't know why.","Mood/Emotion"
"kal random mein the garden we're planting ki baat chal padi","General/Other"
"I'm not sure whether to take a road trip or drive to Delhi.","Travel"
"thodi der mein dinner mein pav bhaji order kiya, kyunki aajkal ghar pe pav bhaji banane ki koshish ki.","Food"
"tacos bahut spicy tha, poora khaya hi nahi gaya, lekin subah se ghar pe butter chicken banane ki koshish ki.","Food"
"my email account achanak kaam karna band kar diya dopahar se","Technology"
"I need to exchange a pair of jeans for a different size though my boss recommended a good brand for a pair of sneakers.","Shopping"
"Friday tak my laptop reinstall karna pada.","Technology"
"the festival preparations ke baare mein batana bhool gaya tha.","General/Other"
"agle mahine my phone reinstall karna pada.","Technology"
"agle hafte my online banking pay karna hai.","Finance"
"parso random mein the noisy construction nearby ki baat chal padi.","General/Other"
"Recovering slowly from joint pain next month.","Health"
"Monday se dinner mein biryani order kiya.","Food"
"agle hafte online a pair of running shoes order kiya, kyunki kal se online a study lamp order kiya.","Shopping"
"my the personal loan EMI got auto-debited this weekend","Finance"
"agle hafte wale the entrance exam ko lekar nervous hoon, isliye dopahar se the group presentation submit karna hai.","Education"
"Lately I feel proud because nothing seems to be going right, and I don't know why.","Mood/Emotion"
"Samajh nahi aa raha cab loon ya khud drive karke Shimla jaaun.","Travel"
"goa wali road trip kaafi comfortable thi","Travel"
"vendor contract submit kar diya parso lekin abhi tak reply nahi aaya jabki parso work from home karke code review complete karunga.","Work/Office"
"a handbag cart mein daala hai lekin checkout nahi kiya abhi tak.","Shopping"
"pichle teen din se gale mein kharash thik nahi ho raha","Health"
"dukaandaar ne bola thoda rest kar jee michlana thik ho jayega.","Health"
"We ordered pancakes for dinner this evening.","Food"
"a pair of sneakers ki delivery late ho rahi hai do din se.","Shopping"
"raat se tak marketing plan complete karna hai par teacher ne marketing plan ke baare mein call rakhi hai kal.","Work/Office"
"my phone baar crash ho raha hai kal.","Technology"
"i had to skip work due to a headache this morning","Health"
"aaj the operating system reinstall karna pada.","Technology"
"agle mahine online a dining table order kiya","Shopping"
"Recovering slowly from back pain this morning.","Health"
"mummy ne khush nahi hai budget proposal ke result se.","Work/Office"
"The delivery for a set of headphones is delayed since last week.","Shopping"
"i'm nervous about the practical exam scheduled this month, since i missed a class and now I'm behind on mathematics.","Education"
"Hamari team sprint review pe atki hui hai is mahine.","Work/Office"
"I have to submit the scholarship application last night.","Education"
"my brother suggested I see a specialist because of loose motions","Health"
"a pair of sneakers ko different size mein exchange karwana hai","Shopping"
"I'm planning a trip to Jaipur this morning, so our connecting flight got cancelled due to bad weather.","Travel"
"The store had a huge sale on a study lamp just now.","Shopping"
"Mujhe subah se kaan mein infection ho raha hai, lekin kal se ghutno mein dard thik nahi ho raha.","Health"
"Monday se online a pair of sneakers order kiya.","Shopping"
"Friday tak the new software update reinstall karna pada lekin mere colleague ne the office server fix karne mein madad ki.","Technology"
"Bank se my savings account ke baare mein notification aayi.","Finance"
"a kitchen mixer ki delivery late ho rahi hai kal","Shopping"
"The delivery for a dining table is delayed by Friday.","Shopping"
"I ordered a pair of running shoes online since last night.","Shopping"
"I've been feeling a little low without any clear reason.","Mood/Emotion"
"aajkal Rishikesh ke liye packing karni hai","Travel"
"Honestly, I feel nervous after hearing the news, since i've been feeling hopeful after a long day.","Mood/Emotion"
"I've been dealing with a sore throat for a couple of hours.","Health"
"I'm planning a trip to Shimla right now, and on top of that our overnight bus to Bangalore got delayed for the past three days.","Travel"
"I tried making butter chicken at home a few minutes ago.","Food"
"I can't figure out why my email account is so slow for a couple of hours","Technology"
"I've been dealing with dizziness right now.","Health"
"my cousin mentioned an old photo album during our chat.","General/Other"
"I've been dealing with an ear infection since last week.","Health"
"Restaurant ka grilled sandwiches bahut tasty tha.","Food"
"i couldn't finish my plate of momos it was too spicy while the delivery for grilled sandwiches took almost an hour.","Food"
"is mahine the history assignment submit karna hai kyunki aakhirkar the group presentation ka result aa gaya.","Education"
"pet dard ki wajah se kuch ghanton se kaam pe nahi ja paaya, jabki acidity ki wajah se kal raat se kaam pe nahi ja paaya.","Health"
"Store mein a formal shirt pe badi sale lagi hai is mahine lekin teacher ne ek achi brand suggest ki a pair of running shoes ke liye.","Shopping"
"aaj dinner mein grilled sandwiches order kiya.","Food"
"ghar pe sab a documentary I watched ke baare mein baat kar rahe the kuch ghanton se","General/Other"
"aakhirkar the loan application clear kar diya kuch minute pehle","Finance"
"parso my bank statement pay karna hai.","Finance"
"mere bhai ne the thesis draft samjhaane mein madad ki.","Education"
"i need to pack for Jaipur today","Travel"
"mere manager ne the semester project samjhaane mein madad ki.","Education"
"Main demotivated feel kar raha hoon cheezein plan ke hisaab se na hone ki wajah se.","Mood/Emotion"
"I finally cleared my savings account these days.","Finance"
"Booking a flight tomorrow.","Travel"
"We talked about a documentary I watched for a while tomorrow.","General/Other"
"the operating system achanak kaam karna band kar diya pichle hafte se.","Technology"
"Hamari team client presentation pe atki hui hai Monday se.","Work/Office"
"my colleague helped me understand the literature essay better.","Education"
"kuch ghanton se Ladakh ke liye packing karni hai jabki dubai wali overnight bus agle mahine delay ho gayi.","Travel"
"Friday tak Rishikesh ke liye packing karni hai.","Travel"
"I ordered sunglasses online since noon.","Shopping"
"raat se work from home karke vendor contract complete karunga.","Work/Office"
"Hamari team performance review pe atki hui hai thodi der mein.","Work/Office"
"delivery wale ne the festival preparations ka zikr kiya baat cheet mein.","General/Other"
"We're hosting friends this weekend and planning to make dosa","Food"
"kuch ghanton se my mutual fund investment pay karna hai","Finance"
"Aakhirkar my savings account clear kar diya is hafte, uske upar se aakhirkar my mutual fund investment clear kar diya aajkal.","Finance"
"I had to reinstall the operating system from tomorrow.","Technology"
"pichle hafte se thoda time the new furniture we bought sambhalne mein laga","General/Other"
"I need to pay the personal loan EMI this month","Finance"
"my phone baar crash ho raha hai kal se.","Technology"
"Breakfast bahut bharpet tha.","Food"
"I transferred some money to cover a fixed deposit, but i finally cleared the loan application in a while.","Finance"
"the power cut yesterday came up randomly in conversation today, but the festival preparations came up randomly in conversation for a couple of hours.","General/Other"
"Store mein a set of headphones pe badi sale lagi hai kuch minute pehle, kyunki sunglasses ki delivery late ho rahi hai pichle hafte se.","Shopping"
"I ordered a backpack online since Monday","Shopping"
"I need to pay the loan application since yesterday, and on top of that i finally cleared a fixed deposit since two days.","Finance"
"We're hosting friends next month and planning to make paneer tikka since my friend recommended a place that serves amazing butter chicken.","Food"
"I'm nervous about mathematics scheduled this afternoon.","Education"
"delivery wale ne bola thoda rest kar seene mein jakadan thik ho jayega isliye aaj se sar dard thik nahi ho raha.","Health"
"My credit score got auto-debited next week.","Finance"
"I switched to a new my password manager because the old one kept freezing because i can't figure out why the mobile app is so slow since last night.","Technology"
"is weekend dinner mein rajma chawal order kiya","Food"
"the office printer keeps crashing for a couple of hours.","Technology"
"agle mahine the thesis draft submit karna hai.","Education"
"the electricity bill check kiya toh kuch ajeeb laga kyunki monday se my monthly budget pay karna hai.","Finance"
"mere roommate ne ek jagah bataayi jahan ka pancakes zabardast hai.","Food"
"customer support helped me understand the history assignment better, since i'm nervous about the practical exam scheduled since last week.","Education"
"I woke up feeling emotionally exhausted because I miss my old friends","Mood/Emotion"
"Bataana mushkil hai lekin future ke baare mein soch kar bahut motivated hoon.","Mood/Emotion"
"I finally bought a new smartphone after weeks of thinking about it, so my mother recommended a good brand for a pair of running shoes.","Shopping"
"boss ne the history assignment samjhaane mein madad ki","Education"
"mere neighbor ne bola specialist ko dikhao takhne mein sujan ke liye.","Health"
"my brother asked me to revise the audit checklist since noon since i submitted the hiring paperwork tomorrow but haven't heard back yet.","Work/Office"
"kuch minute pehle my credit score pay karna hai","Finance"
"i have to submit the semester project by Friday, and on top of that i have to submit the chemistry lab report for a couple of hours.","Education"
"We talked about the family gathering this weekend for a while this morning.","General/Other"
"Aakhirkar Bangalore ke liye train ki ticket book kar li.","Travel"
"kal raat se wale the class test ko lekar nervous hoon","Education"
"professor ne bola specialist ko dikhao pet dard ke liye","Health"
"aajkal se migraine thik nahi ho raha.","Health"
"dopahar se walk karte waqt the community meeting dikha.","General/Other"
"We're hosting friends today and planning to make a fruit salad while we're hosting friends this month and planning to make a vegetable stir fry.","Food"
"Our team is stuck on the audit checklist last night.","Work/Office"
"the delivery for a pair of jeans is delayed today","Shopping"
"This anxiety won't go away.","Mood/Emotion"
"We're hosting friends a few minutes ago and planning to make noodles, since we're hosting friends for the past three days and planning to make butter chicken.","Food"
"my credit card bill auto-debit ho gaya parso isliye do din se my credit card bill pay karna hai.","Finance"
"mere roommate ne the group presentation samjhaane mein madad ki","Education"
"is hafte online a smartwatch order kiya.","Shopping"
"I had to reinstall the Wi-Fi router since noon.","Technology"
"There's a strange feeling of being hopeful after that argument.","Mood/Emotion"
"Yeh bahut stressed wala feeling jaa hi nahi raha plan cancel hone ke baad","Mood/Emotion"
"quarterly report ko lekar meeting hai kal","Work/Office"
"I feel like a mild fever is getting worse since Monday but i noticed joint pain this afternoon and it's not going away.","Health"
"I finally cleared my monthly budget a few minutes ago.","Finance"
"Main bahut stressed feel kar raha hoon future ke baare mein soch kar","Mood/Emotion"
"Subah se hi poori tarah drained mehsoos ho raha hai future ke baare mein soch kar","Mood/Emotion"
"Aakhirkar status update close kar diya kuch ghanton se, lekin aakhirkar performance review close kar diya is hafte.","Work/Office"
"my cousin scheduled a call about the status update this evening, though i submitted the sales deck since Monday but haven't heard back yet.","Work/Office"
"I'm nervous about the entrance exam scheduled this morning.","Education"
"I finally perfected my recipe for biryani.","Food"
"Aaj badi sale chal rahi hai.","Shopping"
"Ghar pe sab the traffic on the way home ke baare mein baat kar rahe the dopahar se.","General/Other"
"pichle hafte se wale the group presentation ko lekar nervous hoon isliye kuch minute pehle wale mathematics ko lekar nervous hoon.","Education"
"my cousin asked me to revise the quarterly report since Monday even though my boss is not happy with how the audit checklist turned out.","Work/Office"
"kuch minute pehle Shimla ghumne ka plan bana raha hoon, kyunki udaipur wali flight dopahar se delay ho gayi.","Travel"
"I noticed the community meeting while walking a few minutes ago.","General/Other"
"kal raat se the semester project submit karna hai","Education"
"thodi der mein the new furniture we bought ke baare mein baat hui.","General/Other"
"kerala wali overnight bus pichle hafte se delay ho gayi","Travel"
"mere roommate ne ek achi brand suggest ki a pair of jeans ke liye.","Shopping"
"I ordered a dining table online last night","Shopping"
"the teacher recommended a place that serves amazing idli sambar","Food"
"boss ne ek jagah bataayi jahan ka a cheese pizza zabardast hai, par parso ghar pe rajma chawal banane ki koshish ki.","Food"
"The delivery for a pair of running shoes is delayed this morning while the delivery for sunglasses is delayed since last night.","Shopping"
"a bad cough has been bothering me since last night","Health"
"raat se tak code review complete karna hai.","Work/Office"
"customer support wale ne bola thoda rest kar badan dard thik ho jayega.","Health"
"Everyone at home was discussing the family gathering this weekend a few minutes ago, and i noticed the weekend plans while walking next month.","General/Other"
"We talked about the festival preparations for a while since last week.","General/Other"
"my laptop achanak kaam karna band kar diya aajkal.","Technology"
"There's a meeting about the client presentation scheduled this morning.","Work/Office"
"Just a heads up about the garden we're planting","General/Other"
"I have to submit the scholarship application a few minutes ago even though i have to submit the coding assignment today.","Education"
"i'm nervous about the final exams scheduled since Monday though i'm nervous about the semester project scheduled this evening.","Education"
"Samajh nahi aa raha my phone itna slow kyun hai is weekend aur my smartwatch app internet se connect hi nahi ho raha aajkal.","Technology"
"mere colleague ne ek jagah bataayi jahan ka pasta zabardast hai.","Food"
"my browser internet se connect hi nahi ho raha agle mahine.","Technology"
"thodi der mein half day liya status update complete karne ke liye, jabki dopahar se half day liya sales deck complete karne ke liye.","Work/Office"
"Ghar pe sab the traffic on the way home ke baare mein baat kar rahe the aaj shaam ko.","General/Other"
"I found a great discount on a pair of running shoes","Shopping"
"mere neighbor ne ek achi brand suggest ki a formal shirt ke liye","Shopping"
"my boss recommended a place that serves amazing rajma chawal.","Food"
"Kal ek purane dost se baat karne ke baad se thodi nostalgia aur udaasi si mehsoos ho rahi hai.","Mood/Emotion"
"I had to skip work due to chest tightness since last night.","Health"
"parso Varanasi ghumne ka plan bana raha hoon.","Travel"
"I'm craving noodles right now.","Food"
"Abhi a documentary I watched ke baare mein soch raha tha.","General/Other"
"i couldn't concentrate on mathematics because of the noise, and on top of that my colleague helped me understand the thesis draft better.","Education"
"a formal shirt return kar raha hoon kyunki size fit nahi hui.","Shopping"
"Hamari team project timeline pe atki hui hai is weekend.","Work/Office"
"Yeh thoda anxious wala feeling jaa hi nahi raha purane dosto ki yaad aane se.","Mood/Emotion"
"landlord ne bola thoda rest kar kaan mein infection thik ho jayega.","Health"
"the power cut yesterday came up randomly in conversation next month","General/Other"
"status update ko lekar meeting hai kuch minute pehle kyunki mere cousin ne khush nahi hai project timeline ke result se.","Work/Office"
"the office printer baar crash ho raha hai is hafte, par the operating system internet se connect hi nahi ho raha parso.","Technology"
"the company website won't connect to the internet next month.","Technology"
"Ghar pe sab the neighbor's new dog ke baare mein baat kar rahe the do din se","General/Other"
"We talked about the long queue at the grocery store for a while for a couple of hours","General/Other"
"Yeh demotivated wala feeling jaa hi nahi raha future ke baare mein soch kar.","Mood/Emotion"
"a new smartphone ki delivery late ho rahi hai subah se.","Shopping"
"my mother recommended a place that serves amazing pav bhaji while my manager recommended a place that serves amazing dosa.","Food"
"my manager helped me understand the entrance exam better but i have to submit the final exams since morning.","Education"
"i can't figure out why the operating system is so slow this morning","Technology"
"abhi my bank statement pay karna hai.","Finance"
"my landlord suggested I see a specialist because of joint pain.","Health"
"kuch ghanton se the group presentation submit karna hai par kal se the class test submit karna hai.","Education"
"status update ki deadline aage badh gayi Friday tak","Work/Office"
"I've been feeling hopeful without any clear reason, and on top of that since I've been so busy, I've just been feeling extremely stressed.","Mood/Emotion"
"The store had a huge sale on a set of headphones since morning.","Shopping"
"we talked about the community meeting for a while in a while","General/Other"
"aajkal Jaipur ghumne ka plan bana raha hoon halaanki jaipur wali overnight bus kuch minute pehle delay ho gayi.","Travel"
"kuch minute pehle random mein the neighborhood cat ki baat chal padi.","General/Other"
"I've been dealing with nausea right now","Health"
"sprint review ko lekar meeting hai abhi.","Work/Office"
"Is mahine a fixed deposit samajhne ki koshish kar raha hoon.","Finance"
"Subah se hi restless mehsoos ho raha hai cheezein plan ke hisaab se na hone ki wajah se","Mood/Emotion"
"is weekend Dubai ke liye packing karni hai halaanki bangalore ke hotel ne free mein room upgrade kar diya.","Travel"
"Darjeeling ke paas ek chhota sa hotel liya hai humne.","Travel"
"Aajkal kaafi frustrated feel ho raha hai purane dosto ki yaad aane se.","Mood/Emotion"
"is weekend random mein the noisy construction nearby ki baat chal padi.","General/Other"
"everyone at home was discussing an old photo album for the past three days","General/Other"
"kuch ghanton se jee michlana thik nahi ho raha, kyunki mujhe do din se chakkar ho raha hai.","Health"
"boss ne khush nahi hai onboarding documents ke result se.","Work/Office"
"raat se naak behna thik nahi ho raha","Health"
"I can't figure out why the office printer is so slow for a couple of hours.","Technology"
"We talked about the neighborhood cat for a while since yesterday.","General/Other"
"subah se leadership ke saamne code review present karna hai.","Work/Office"
"aakhirkar dosa ki recipe perfect ho gayi meri","Food"
"We finally closed the audit checklist for the past three days even though my manager asked me to revise the marketing plan this afternoon.","Work/Office"
"agle mahine Dubai ke liye packing karni hai.","Travel"
"is hafte dost aa rahe hain aur paneer tikka banane ka plan hai.","Food"
"My the tax filing got auto-debited today.","Finance"
"since the plans got cancelled, I've just been feeling pretty disappointed, but i can't shake off this irritated feeling after finishing the task finally.","Mood/Emotion"
"a pair of jeans ki delivery late ho rahi hai kuch ghanton se.","Shopping"
"I got my blood test done because of stomach pain while the delivery guy suggested I see a specialist because of swelling in my ankle.","Health"
"the airport security took forever since yesterday","Travel"
"Delhi wali overnight bus thodi der mein delay ho gayi.","Travel"
"Pata nahi kyun par us baat cheet ke baad bahut thoda low lag raha hoon.","Mood/Emotion"
"I can't figure out why the office printer is so slow since morning.","Technology"
"doctor ne physics samjhaane mein madad ki.","Education"
"Store mein a dining table pe badi sale lagi hai dopahar se.","Shopping"
"we talked about the weather for a while since noon, while the festival preparations came up randomly in conversation since last night.","General/Other"
"Breakfast was really filling.","Food"
"Pata nahi kyun par chhoti baaton pe bhi bahut irritation ho rahi hai in dino, aur iska asar baaton pe bhi dikh raha hai.","Mood/Emotion"
"aajkal a documentary I watched ke baare mein baat hui.","General/Other"
"Yeh emotionally thaka hua wala feeling jaa hi nahi raha sab kuch ek saath ho raha hai isliye.","Mood/Emotion"
"a handbag ki delivery late ho rahi hai thodi der mein, uske upar se a winter jacket ki delivery late ho rahi hai is mahine.","Shopping"
"dopahar se dinner mein idli sambar order kiya kyunki is hafte ghar pe rajma chawal banane ki koshish ki.","Food"
"I've been dealing with back pain since morning","Health"
"I noticed the community meeting while walking this evening so the doctor mentioned the family gathering this weekend during our chat.","General/Other"
"abhi online a study lamp order kiya.","Shopping"
"I have to submit the practical exam a few minutes ago.","Education"
"It's hard to explain but I feel hopeful after that argument.","Mood/Emotion"
"I'm still preparing for the semester project.","Education"
"is hafte the literature essay submit karna hai","Education"
"I noticed a skin rash today and it's not going away.","Health"
"I have to submit the group presentation these days.","Education"
"Aakhirkar the personal loan EMI clear kar diya do din se jabki aakhirkar the tax filing clear kar diya abhi.","Finance"
"there's a meeting about the vendor contract scheduled for a couple of hours, while i'll be working from home today to complete the sprint review.","Work/Office"
"boss ne the class test samjhaane mein madad ki.","Education"
"Udaipur wali connecting flight kaafi comfortable thi.","Travel"
"dukaandaar ne the semester project samjhaane mein madad ki","Education"
"Subah se hi restless mehsoos ho raha hai sab kuch ek saath ho raha hai isliye.","Mood/Emotion"
"Monday se my salary pay karna hai","Finance"
"Mummy ne video call pe apni secret rajma chawal recipe sikhayi aur is baar aakhirkar consistency bilkul sahi aayi.","Food"
"do din se Delhi ke liye packing karni hai par dubai ke itinerary mein bahut saari sightseeing hai.","Travel"
"sales deck ki deadline aage badh gayi Friday tak, isliye pichle hafte se tak status update complete karna hai.","Work/Office"
"I have to submit the literature essay this afternoon.","Education"
"my smartwatch app suddenly stopped working last night, since i had to reinstall my external hard drive for a couple of hours.","Technology"
"aaj Darjeeling ghumne ka plan bana raha hoon.","Travel"
"There's a strange feeling of being content after that argument, and i can't shake off this hopeful feeling since the plans got cancelled.","Mood/Emotion"
"Abhi Udaipur wali train ke liye check-in kar liya.","Travel"
"The delivery for a kitchen mixer is delayed since morning, so the store had a huge sale on a dining table just now.","Shopping"
"Abhi the festival preparations ke baare mein soch raha tha.","General/Other"
"Store mein a backpack pe badi sale lagi hai pichle teen din se","Shopping"
"pichle hafte se the office server reinstall karna pada.","Technology"
"kal raat se Dubai ke liye packing karni hai kyunki aajkal Rishikesh ghumne ka plan bana raha hoon.","Travel"
"boss ne the thesis draft samjhaane mein madad ki jabki subah se wale the history assignment ko lekar nervous hoon.","Education"
"my brother advised me to review a fixed deposit.","Finance"
"I've been feeling overwhelmed since I've been so busy.","Mood/Emotion"
"pichle hafte se tak sales deck complete karna hai.","Work/Office"
"Friday tak marketing plan complete karna hai.","Work/Office"
"I have to submit the final exams since Monday but i have to submit the practical exam this morning.","Education"
"aaj se loose motion thik nahi ho raha.","Health"
"i tried making idli sambar at home since two days, and on top of that we're hosting friends next month and planning to make pav bhaji.","Food"
"the class test ke liye ek study group join kiya, kyunki class miss hone ki wajah se the history assignment mein peeche reh gaya hoon.","Education"
"I need to reset my smartwatch app completely.","Technology"
"I ordered sunglasses online this afternoon.","Shopping"
"i can't shake off this quite anxious feeling after getting that message","Mood/Emotion"
"is hafte dost aa rahe hain aur grilled sandwiches banane ka plan hai.","Food"
"my neighbor suggested I see a specialist because of nausea.","Health"
"I switched to a new the operating system because the old one kept freezing.","Technology"
"aaj shaam ko walk karte waqt the weekend plans dikha","General/Other"
"aaj clinic jaana hai kaan mein infection check karwane","Health"
"We talked about the weather for a while since yesterday, while i spent some time dealing with the weather this morning.","General/Other"
"Store mein a formal shirt pe badi sale lagi hai aajkal, uske upar se aaj online a pair of running shoes order kiya.","Shopping"
"I was just thinking about the family gathering this weekend.","General/Other"
"doctor ne the neighbor's new dog ka zikr kiya baat cheet mein","General/Other"
"my email account won't connect to the internet from tomorrow","Technology"
"the office printer won't connect to the internet last night, since the company website won't connect to the internet next week.","Technology"
"Medical se migraine ki tablet le aaya.","Health"
"aajkal dost aa rahe hain aur a vegetable stir fry banane ka plan hai, kyunki kuch ghanton se dost aa rahe hain aur pasta banane ka plan hai.","Food"
"We're hosting friends since yesterday and planning to make noodles","Food"
"I've been feeling so frustrated because of everything going on lately.","Mood/Emotion"
"my roommate scheduled a call about the vendor contract last night because my colleague asked me to revise the sales deck last night.","Work/Office"
"Everyone at home was discussing a documentary I watched next month.","General/Other"
"parso thoda time the noisy construction nearby sambhalne mein laga.","General/Other"
"Aajkal bahut motivated feel ho raha hai wo message padhne ke baad.","Mood/Emotion"
"the office printer baar crash ho raha hai do din se.","Technology"
"I'm troubleshooting my email account right now.","Technology"
"Our cab to Kolkata got delayed today.","Travel"
"I've been dealing with a sore throat since yesterday even though i feel like blurry vision is getting worse since last week.","Health"
"my friend mentioned the community meeting during our chat.","General/Other"
"I ordered a pair of sneakers online just now","Shopping"
"raat se my smartwatch app reinstall karna pada.","Technology"
"We finally closed the client presentation this month.","Work/Office"
"is hafte my phone reinstall karna pada.","Technology"
"aajkal se kamzori thik nahi ho raha.","Health"
"monday se Mumbai ghumne ka plan bana raha hoon","Travel"
"Aakhirkar my savings account clear kar diya is mahine.","Finance"
"We're hosting friends since morning and planning to make a vegetable stir fry, so the delivery for momos took almost an hour.","Food"
"I need to pack for Singapore since yesterday.","Travel"
"I finally cleared the tax filing in a while.","Finance"
"Udaipur wali flight kaafi comfortable thi","Travel"
"Main bahut stressed feel kar raha hoon us bahas ke baad.","Mood/Emotion"
"I added a formal shirt to my cart but haven't checked out yet.","Shopping"
"aajkal wale the final exams ko lekar nervous hoon","Education"
"i've been feeling a bit lonely since the plans got cancelled and there's a strange feeling of being completely drained after that conversation.","Mood/Emotion"
"Our team is stuck on the audit checklist since yesterday.","Work/Office"
"my phone suddenly stopped working this evening","Technology"
"I noticed the family gathering this weekend while walking since two days.","General/Other"
"my password manager internet se connect hi nahi ho raha aaj.","Technology"
"the shopkeeper recommended a place that serves amazing tacos since i tried making rajma chawal at home this month.","Food"
"abhi the group presentation submit karna hai.","Education"
"Mujhe abhi se seene mein jakadan ho raha hai.","Health"
"I spent some time dealing with the festival preparations since two days because i noticed the neighbor's new dog while walking since Monday.","General/Other"
"agle mahine Bangalore ke liye packing karni hai.","Travel"
"kuch minute pehle random mein the neighbor's new dog ki baat chal padi","General/Other"
"mere cousin ne the scholarship application samjhaane mein madad ki","Education"
"teacher ne bola specialist ko dikhao skin par rash ke liye, uske upar se professor ne bola specialist ko dikhao aankhon mein dhundhlapan ke liye.","Health"
"agle hafte se aankhon mein dhundhlapan thik nahi ho raha.","Health"
"Mujhe dopahar se takhne mein sujan ho raha hai lekin mujhe is hafte se loose motion ho raha hai.","Health"
"Friday tak performance review complete karna hai.","Work/Office"
"subah se ghar pe tacos banane ki koshish ki jabki aakhirkar biryani ki recipe perfect ho gayi meri.","Food"
"the doctor helped me fix the Wi-Fi router while i can't figure out why the operating system is so slow since yesterday.","Technology"
"The cab to Jaipur was surprisingly comfortable.","Travel"
"kuch minute pehle Singapore ghumne ka plan bana raha hoon uske alawa abhi Delhi wali local train ke liye check-in kar liya.","Travel"
"I had to skip work due to a sore throat this morning, so i couldn't sleep properly because of a skin rash a few minutes ago.","Health"
"kal se leadership ke saamne status update present karna hai.","Work/Office"
"i ordered a laptop bag online next week","Shopping"
"I had to skip work due to a mild fever since noon.","Health"
"my professor helped me understand the coding assignment better.","Education"
"Delhi wali road trip is hafte delay ho gayi.","Travel"
"I'm planning a trip to Darjeeling last night","Travel"
"doctor ne an old photo album ka zikr kiya baat cheet mein.","General/Other"
"My bank statement got auto-debited for a couple of hours","Finance"
"I had to reinstall my external hard drive this evening.","Technology"
"i need to pack for Kerala today","Travel"
"i tried making pancakes at home this evening","Food"
"my landlord recommended a place that serves amazing momos, so i tried making butter chicken at home just now.","Food"
"subah se wale the scholarship application ko lekar nervous hoon.","Education"
"we talked about the garden we're planting for a while this evening","General/Other"
"We're hosting friends for a couple of hours and planning to make tacos.","Food"
"I had to reinstall my external hard drive since last week because i had to reinstall my phone these days.","Technology"
"Yeh proud wala feeling jaa hi nahi raha us baat cheet ke baad","Mood/Emotion"
"the Wi-Fi router won't connect to the internet right now","Technology"
"I've been feeling pretty disappointed after hearing the news.","Mood/Emotion"
"Recovering slowly from a headache this morning.","Health"
"Aakhirkar Bangalore ke liye connecting flight ki ticket book kar li","Travel"
"Everyone at home was discussing the traffic on the way home for the past three days.","General/Other"
"I can't figure out why the office server is so slow since noon, but i had to reinstall my external hard drive tomorrow.","Technology"
"my boss helped me fix the mobile app.","Technology"
"customer support wale ne bola marketing plan revise karo subah se, isliye aajkal leadership ke saamne vendor contract present karna hai.","Work/Office"
"We finally closed the performance review today.","Work/Office"
"I couldn't sleep properly because of a sore throat this month even though i feel like joint pain is getting worse this morning.","Health"
"I have to present the marketing plan in front of the leadership since yesterday.","Work/Office"
"Honestly, I feel overwhelmed since I've been so busy.","Mood/Emotion"
"I have to submit the chemistry lab report next month.","Education"
"kaan mein infection ki wajah se subah se kaam pe nahi ja paaya.","Health"
"the loan application auto-debit ho gaya kal","Finance"
"I've been feeling emotionally exhausted since the plans got cancelled.","Mood/Emotion"
"I need to pack for Mumbai this afternoon, and on top of that i finally booked a road trip ticket to Darjeeling.","Travel"
"a formal shirt ki delivery late ho rahi hai Friday tak halaanki store mein sunglasses pe badi sale lagi hai kal raat se.","Shopping"
"Monday se online a winter jacket order kiya","Shopping"
"Aakhirkar vendor contract close kar diya abhi.","Work/Office"
"I noticed the power cut yesterday while walking since Monday.","General/Other"
"aaj ghar pe biryani banane ki koshish ki aur mere bhai ne ek jagah bataayi jahan ka biryani zabardast hai.","Food"
"Hamari team project timeline pe atki hui hai dopahar se, kyunki mummy ne khush nahi hai performance review ke result se.","Work/Office"
"the loan application ki wajah se budget dobara plan kar raha hoon isliye aakhirkar this month's rent clear kar diya abhi.","Finance"
"my brother is not happy with how the audit checklist turned out.","Work/Office"
"dopahar se takhne mein sujan thik nahi ho raha.","Health"
"a pair of jeans ki delivery late ho rahi hai is hafte.","Shopping"
"I can't figure out why my laptop is so slow for a couple of hours.","Technology"
"kuch minute pehle Manali ghumne ka plan bana raha hoon, kyunki abhi Kerala ghumne ka plan bana raha hoon.","Travel"
"There's a strange feeling of being quite anxious after finishing the task finally.","Mood/Emotion"
"I had to skip work due to nausea today.","Health"
"mere neighbor ne performance review ke baare mein call rakhi hai kal raat se.","Work/Office"
"Main bahut overwhelmed feel kar raha hoon us baat cheet ke baad.","Mood/Emotion"
"do din se dost aa rahe hain aur a vegetable stir fry banane ka plan hai.","Food"
"bataana mushkil hai lekin cheezein plan ke hisaab se na hone ki wajah se bahut restless hoon","Mood/Emotion"
"Aakhirkar my online banking clear kar diya pichle teen din se jabki mere dost ne bola my credit score review karo.","Finance"
"I spent some time dealing with the long queue at the grocery store since two days.","General/Other"
"I submitted the hiring paperwork today but haven't heard back yet.","Work/Office"
"i'm nervous about physics scheduled since Monday","Education"
"my boss recommended a place that serves amazing pav bhaji, since we're hosting friends next month and planning to make pasta.","Food"
"I'm nervous about the history assignment scheduled tomorrow.","Education"
"us naye cafe ka a fruit salad bahut mehenga tha","Food"
"i couldn't sleep properly because of a skin rash these days","Health"
"the doctor advised me to review a fixed deposit.","Finance"
"Ghar pe sab an old photo album ke baare mein baat kar rahe the kal raat se.","General/Other"
"I can't shake off this unusually calm feeling without any clear reason, while i woke up feeling emotionally exhausted since the plans got cancelled.","Mood/Emotion"
"I ordered sunglasses online this weekend.","Shopping"
"do din se dost aa rahe hain aur tacos banane ka plan hai","Food"
"customer support recommended a place that serves amazing idli sambar","Food"
"the insurance premium auto-debit ho gaya aajkal.","Finance"
"i'm nervous about physics scheduled a few minutes ago, since i have to submit the group presentation since Monday.","Education"
"I'm not sure whether to take a local train or drive to Mumbai, and i need to pack for Shimla last night.","Travel"
"Our train to Delhi got delayed today.","Travel"
"I'm nervous about the scholarship application scheduled for the past three days.","Education"
"mummy ne bola specialist ko dikhao halka bukhar ke liye, isliye kaan mein infection ki wajah se aaj shaam ko kaam pe nahi ja paaya.","Health"
"My appointment for body aches got rescheduled","Health"
"The deadline for the budget proposal got moved up since two days, but i took a half day since last week to catch up on the client presentation.","Work/Office"
"I finally cleared a fixed deposit tomorrow.","Finance"
"I need to exchange a formal shirt for a different size since my landlord recommended a good brand for a pair of running shoes.","Shopping"
"It's hard to explain but I feel quite anxious after hearing the news.","Mood/Emotion"
"I can't figure out why my laptop is so slow since Monday.","Technology"
"I'm nervous about the entrance exam scheduled today.","Education"
"aajkal thoda low feel ho raha hai future ke baare mein soch kar","Mood/Emotion"
"pichle hafte se thoda time the family gathering this weekend sambhalne mein laga","General/Other"
"aaj dinner mein pasta order kiya","Food"
"mere manager ne bola the loan application review karo, isliye the insurance premium auto-debit ho gaya is weekend.","Finance"
"aajkal this month's rent pay karna hai","Finance"
"abhi Pune wali road trip ke liye check-in kar liya lekin mumbai wali road trip dopahar se delay ho gayi.","Travel"
"Pata nahi kyun par bina kisi wajah ke bahut kaafi disappointed lag raha hoon.","Mood/Emotion"
"my friend advised me to review my salary","Finance"
"I'll be working from home this weekend to complete the onboarding documents.","Work/Office"
"the operating system achanak kaam karna band kar diya raat se.","Technology"
"I have to submit the online course tomorrow, and i have to submit the scholarship application since two days.","Education"
"aaj my online banking pay karna hai.","Finance"
"honestly I feel demotivated after that argument","Mood/Emotion"
"cheezein plan ke hisaab se na hone ki wajah se, bas ek ajeeb sa proud feeling aa rahi hai.","Mood/Emotion"
"Abhi my phone troubleshoot kar raha hoon.","Technology"
"customer support recommended a place that serves amazing paneer tikka.","Food"
"mere neighbor ne the final exams samjhaane mein madad ki.","Education"
"lately I feel pretty disappointed because I miss my old friends and I don't know why","Mood/Emotion"
"my roommate recommended a place that serves amazing paneer tikka.","Food"
"Mujhe kuch minute pehle se skin par rash ho raha hai.","Health"
"us baat cheet ke baad, bas ek ajeeb sa demotivated feeling aa rahi hai.","Mood/Emotion"
"I need to pack for Udaipur since yesterday.","Travel"
"my external hard drive suddenly stopped working since yesterday","Technology"
"I'm nervous about the literature essay scheduled for the past three days.","Education"
"aaj shaam ko work from home karke marketing plan complete karunga.","Work/Office"
"I need to pack for Jaipur since noon.","Travel"
"abhi tak client presentation complete karna hai.","Work/Office"
"bataana mushkil hai lekin news sunne ke baad bahut proud hoon","Mood/Emotion"
"my smartwatch app baar crash ho raha hai agle mahine.","Technology"
"I had to reinstall my browser since yesterday, and on top of that the new software update keeps crashing this morning.","Technology"
"I have to submit physics from tomorrow.","Education"
"hiring paperwork ko lekar meeting hai parso.","Work/Office"
"mere neighbor ne bola my mutual fund investment review karo.","Finance"
"aajkal online a smartwatch order kiya.","Shopping"
"I need to finish the client presentation before since last week.","Work/Office"
"I feel like chest tightness is getting worse since last night.","Health"
"the garden we're planting ke baare mein kuch interesting padha","General/Other"
"I have to submit the chemistry lab report this evening.","Education"
"We talked about the traffic on the way home for a while this afternoon while the neighborhood cat came up randomly in conversation since last night.","General/Other"
"kal work from home karke marketing plan complete karunga.","Work/Office"
"Store mein a laptop bag pe badi sale lagi hai parso.","Shopping"
"Ghar pe sab an old photo album ke baare mein baat kar rahe the agle mahine.","General/Other"
"thodi der mein Mumbai ghumne ka plan bana raha hoon, isliye ladakh ke paas ek chhota sa hotel liya hai humne.","Travel"
"Yeh bahut overwhelmed wala feeling jaa hi nahi raha lambe din ke baad","Mood/Emotion"
"dukaandaar ne the chemistry lab report samjhaane mein madad ki, par class miss hone ki wajah se the chemistry lab report mein peeche reh gaya hoon.","Education"
"I finally cleared my monthly budget tomorrow.","Finance"
"The airport security took forever these days.","Travel"
"do din se the coding assignment submit karna hai.","Education"
"we talked about the new furniture we bought for a while since morning","General/Other"
"The grilled sandwiches at that new cafe was overpriced but we ordered pav bhaji for dinner since morning.","Food"
"i tried making dosa at home this month","Food"
"us baat cheet ke baad, bas ek ajeeb sa thoda low feeling aa rahi hai.","Mood/Emotion"
"I noticed the garden we're planting while walking this month.","General/Other"
"parso walk karte waqt the power cut yesterday dikha.","General/Other"
"mummy ne the group presentation samjhaane mein madad ki.","Education"
"kal se Varanasi ke liye packing karni hai.","Travel"
"my salary auto-debit ho gaya is weekend.","Finance"
"I can't figure out why my smartwatch app is so slow since two days.","Technology"
"I finally cleared the personal loan EMI from tomorrow.","Finance"
"mere dost ne bola thoda rest kar skin par rash thik ho jayega.","Health"
"Deadline is tomorrow.","Work/Office"
"Ghar pe sab the long queue at the grocery store ke baare mein baat kar rahe the agle hafte.","General/Other"
"Store mein a pair of jeans pe badi sale lagi hai abhi.","Shopping"
"doctor ne ek achi brand suggest ki a set of headphones ke liye.","Shopping"
"I'm planning a trip to Jaipur today.","Travel"
"Mujhe aaj se naak behna ho raha hai lekin mere neighbor ne bola thoda rest kar chakkar thik ho jayega.","Health"
"My email account got locked out after several failed login attempts, and now I have to go through an entire verification process to regain access.","Technology"
"I have to present the sales deck in front of the leadership this month.","Work/Office"
"the company website keeps crashing since morning.","Technology"
"agle mahine dost aa rahe hain aur grilled sandwiches banane ka plan hai.","Food"
"I'm nervous about the group presentation scheduled a few minutes ago, though i have to submit the thesis draft a few minutes ago.","Education"
"I'm nervous about the online course scheduled a few minutes ago","Education"
"Hamari team hiring paperwork pe atki hui hai kal se halaanki mummy ne sales deck ke baare mein call rakhi hai subah se.","Work/Office"
"sab kuch ek saath ho raha hai isliye, bas ek ajeeb sa kaafi frustrated feeling aa rahi hai.","Mood/Emotion"
"Everyone at home was discussing the neighborhood cat since two days.","General/Other"
"Aakhirkar Ladakh ke liye cab ki ticket book kar li.","Travel"
"is hafte online a new smartphone order kiya.","Shopping"
"my browser internet se connect hi nahi ho raha agle hafte kyunki the operating system baar crash ho raha hai pichle teen din se.","Technology"
"Mujhe kuch ghanton se seene mein jakadan ho raha hai.","Health"
"Aajkal irritated feel ho raha hai itna busy rehne ki wajah se.","Mood/Emotion"
"Rishikesh wali train kal se delay ho gayi.","Travel"
"Our road trip to Goa got delayed last night, so i need to pack for Kerala last night.","Travel"
"I couldn't finish my plate of a vegetable stir fry, it was too spicy, but we're hosting friends by Friday and planning to make grilled sandwiches.","Food"
"i've started taking medicine for stomach pain","Health"
"Sar bahut dard kar raha hai.","Health"
"mere dost ne my phone fix karne mein madad ki.","Technology"
"after that argument, I've just been feeling completely drained.","Mood/Emotion"
"a kitchen mixer ki delivery late ho rahi hai parso.","Shopping"
"papa ne bola marketing plan revise karo abhi.","Work/Office"
"I missed my connecting road trip because of traffic.","Travel"
"I've been dealing with a bad cough this evening.","Health"
"my professor asked me to revise the sales deck next week.","Work/Office"
"kuch ghanton se leadership ke saamne code review present karna hai","Work/Office"
"The store had a huge sale on a formal shirt tomorrow.","Shopping"
"The delivery for a pair of running shoes is delayed since yesterday and i ordered a new smartphone online this morning.","Shopping"
"Monday se work from home karke team meeting notes complete karunga.","Work/Office"
"Pata nahi kyun par sab kuch ek saath ho raha hai isliye bahut hopeful lag raha hoon.","Mood/Emotion"
"Yeh emotionally thaka hua wala feeling jaa hi nahi raha future ke baare mein soch kar.","Mood/Emotion"
"I missed a class and now I'm behind on the entrance exam.","Education"
"parso se migraine thik nahi ho raha.","Health"
"the electricity bill auto-debit ho gaya agle mahine, kyunki meri behen ne bola my online banking review karo.","Finance"
"my password manager won't connect to the internet since Monday.","Technology"
"monday se Mumbai ke liye packing karni hai, jabki abhi Singapore wali overnight bus ke liye check-in kar liya.","Travel"
"I have to submit the thesis draft since last week.","Education"
"my colleague advised me to review my salary.","Finance"
"ghar pe sab the long queue at the grocery store ke baare mein baat kar rahe the thodi der mein","General/Other"
"We talked about the long queue at the grocery store for a while since last night.","General/Other"
"sab kuch ek saath ho raha hai isliye, bas ek ajeeb sa kaafi disappointed feeling aa rahi hai.","Mood/Emotion"
"Store mein a laptop bag pe badi sale lagi hai Friday tak.","Shopping"
"My mutual fund investment got auto-debited right now, since i finally cleared the personal loan EMI since two days.","Finance"
"I'm still preparing for the coding assignment.","Education"
"my online banking auto-debit ho gaya is weekend, isliye mere colleague ne bola the insurance premium review karo.","Finance"
"aajkal online sunglasses order kiya","Shopping"
"class miss hone ki wajah se the thesis draft mein peeche reh gaya hoon","Education"
"Our cab to Mumbai got delayed next week but i need to pack for Bangalore just now.","Travel"
"kal dost aa rahe hain aur pancakes banane ka plan hai halaanki mere dost ne ek jagah bataayi jahan ka dosa zabardast hai.","Food"
"subah se my salary pay karna hai.","Finance"
"I'm planning a trip to Kolkata next week, while i need to pack for Kerala for a couple of hours.","Travel"
"Ghar pe sab the neighborhood cat ke baare mein baat kar rahe the agle mahine.","General/Other"
"client presentation ko lekar meeting hai kal.","Work/Office"
"The airport security took forever by Friday.","Travel"
"I'm nervous about the literature essay scheduled since last week while i couldn't concentrate on the literature essay because of the noise.","Education"
"The connecting flight to Mumbai was surprisingly comfortable.","Travel"
"I've been feeling really excited after hearing the news.","Mood/Emotion"
"my professor helped me understand the semester project better while i'm nervous about the semester project scheduled next week.","Education"
"aajkal dinner mein momos order kiya.","Food"
"Delhi wali train kal raat se delay ho gayi.","Travel"
"Aajkal ajeeb sa calm feel ho raha hai bina kisi wajah ke.","Mood/Emotion"
"I spent some time dealing with the garden we're planting next week.","General/Other"
"i'm nervous about the literature essay scheduled since noon","Education"
"I've been feeling unusually calm after finishing the task finally, while honestly, I feel unusually calm because of everything going on lately.","Mood/Emotion"
"I took a half day a few minutes ago to catch up on the vendor contract.","Work/Office"
"I woke up feeling restless because nothing seems to be going right.","Mood/Emotion"
"I spent the entire afternoon comparing train and flight options to Jaipur, and in the end the train turned out to be both cheaper and more scenic.","Travel"
"my email account achanak kaam karna band kar diya agle hafte.","Technology"
"dukaandaar ne ek jagah bataayi jahan ka biryani zabardast hai","Food"
"i spent some time dealing with the garden we're planting by Friday","General/Other"
"parso physics submit karna hai","Education"
"a formal shirt ki delivery late ho rahi hai kal.","Shopping"
"code review ko lekar meeting hai abhi.","Work/Office"
"mere roommate ne marketing plan ke baare mein call rakhi hai raat se","Work/Office"
"I finally bought a winter jacket after weeks of thinking about it, and on top of that the store had a huge sale on a pair of jeans since last night.","Shopping"
"aaj random mein the garden we're planting ki baat chal padi.","General/Other"
"We're hosting friends by Friday and planning to make tacos.","Food"
"I woke up feeling unusually calm after finishing the task finally even though i can't shake off this restless feeling after that conversation.","Mood/Emotion"
"Yeh emotionally thaka hua wala feeling jaa hi nahi raha itna busy rehne ki wajah se.","Mood/Emotion"
"mummy ne the company website fix karne mein madad ki jabki samajh nahi aa raha the operating system itna slow kyun hai dopahar se.","Technology"
"the loan application auto-debit ho gaya aaj.","Finance"
"thodi der mein the Wi-Fi router reinstall karna pada.","Technology"
"Singapore wali cab dopahar se delay ho gayi kyunki subah se Manali ghumne ka plan bana raha hoon.","Travel"
"There's a meeting about the audit checklist scheduled this month.","Work/Office"
"mere bhai ne the coding assignment samjhaane mein madad ki, isliye is mahine wale mathematics ko lekar nervous hoon.","Education"
"My bank statement got auto-debited this afternoon.","Finance"
"Aakhirkar my mutual fund investment clear kar diya parso, uske upar se is mahine my bank statement samajhne ki koshish kar raha hoon.","Finance"
"Lately I feel quite anxious since things didn't go as planned, and I don't know why.","Mood/Emotion"
"kal se dost aa rahe hain aur a cheese pizza banane ka plan hai, par mummy ne ek jagah bataayi jahan ka butter chicken zabardast hai.","Food"
"customer support mentioned the garden we're planting during our chat.","General/Other"
"Subah se hi bahut motivated mehsoos ho raha hai cheezein plan ke hisaab se na hone ki wajah se","Mood/Emotion"
"I need to pay the personal loan EMI a few minutes ago, because i need to pay this month's rent next week.","Finance"
"We finally closed the audit checklist right now.","Work/Office"
"Samajh nahi aa raha my phone itna slow kyun hai kal raat se, uske upar se samajh nahi aa raha my smartwatch app itna slow kyun hai Monday se.","Technology"
"Medical se kamar dard ki tablet le aaya.","Health"
"agle mahine se kamar dard thik nahi ho raha.","Health"
"I ordered a smartwatch online this morning.","Shopping"
"Ghar pe sab the garden we're planting ke baare mein baat kar rahe the agle mahine.","General/Other"
"The store had a huge sale on a pair of running shoes this weekend","Shopping"
"the neighborhood cat came up randomly in conversation tomorrow.","General/Other"
"my manager asked me to revise the status update for a couple of hours, because there's a meeting about the project timeline scheduled this morning.","Work/Office"
"I'll be working from home for a couple of hours to complete the marketing plan.","Work/Office"
"kuch minute pehle half day liya vendor contract complete karne ke liye","Work/Office"
"i'm planning to visit the clinic because of an ear infection","Health"
"I have to submit physics since noon.","Education"
"Our team is stuck on the budget proposal this afternoon","Work/Office"
"I had to reinstall the mobile app in a while, because i can't figure out why the office server is so slow this weekend.","Technology"
"Pune ke paas ek chhota sa hotel liya hai humne.","Travel"
"I noticed the new furniture we bought while walking in a while since just a heads up about the neighbor's new dog.","General/Other"
"dopahar se wale the scholarship application ko lekar nervous hoon, jabki pichle hafte se wale the coding assignment ko lekar nervous hoon.","Education"
"I'm nervous about the practical exam scheduled since yesterday, though i have to submit the final exams since two days.","Education"
"Recovering slowly from acidity these days.","Health"
"I'll be working from home since last week to complete the budget proposal, but i have to present the performance review in front of the leadership in a while.","Work/Office"
"mere bhai ne the office printer fix karne mein madad ki uske alawa the operating system internet se connect hi nahi ho raha agle mahine.","Technology"
"I noticed the neighbor's new dog while walking by Friday.","General/Other"
"my external hard drive won't connect to the internet a few minutes ago","Technology"
"dopahar se kamar dard thik nahi ho raha.","Health"
"Samajh nahi aa raha the new software update itna slow kyun hai aajkal.","Technology"
"pichle teen din se my monthly budget pay karna hai isliye a fixed deposit auto-debit ho gaya dopahar se.","Finance"
"dukaandaar ne bola sales deck revise karo thodi der mein.","Work/Office"
"Aakhirkar quarterly report close kar diya pichle teen din se, aur papa ne budget proposal ke baare mein call rakhi hai is mahine.","Work/Office"
"Our itinerary for Darjeeling includes a lot of sightseeing and i just checked in for my connecting flight to Ooty.","Travel"
"mere roommate ne the class test samjhaane mein madad ki aur is weekend wale the coding assignment ko lekar nervous hoon.","Education"
"my the tax filing got auto-debited for the past three days plus there's a discrepancy in my savings account that I need to resolve.","Finance"
"Airport pe security check mein bahut time laga subah se kyunki abhi Shimla wali connecting flight ke liye check-in kar liya.","Travel"
"is weekend online a kitchen mixer order kiya uske alawa sunglasses ki delivery late ho rahi hai do din se.","Shopping"
"do din se thoda time the traffic on the way home sambhalne mein laga.","General/Other"
"a set of headphones cart mein daala hai lekin checkout nahi kiya abhi tak","Shopping"
"I can't shake off this so frustrated feeling thinking about the future.","Mood/Emotion"
"We ordered grilled sandwiches for dinner tomorrow.","Food"
"we finally closed the hiring paperwork tomorrow","Work/Office"
"Recovering slowly from body aches these days.","Health"
"The cab to Mumbai was surprisingly comfortable.","Travel"
"is hafte the community meeting ke baare mein baat hui.","General/Other"
"the Wi-Fi router won't connect to the internet from tomorrow","Technology"
"mummy ne ek achi brand suggest ki a smartwatch ke liye.","Shopping"
"Main bahut motivated feel kar raha hoon purane dosto ki yaad aane se.","Mood/Emotion"
"My savings account got auto-debited this morning","Finance"
"I switched to a new the new software update because the old one kept freezing.","Technology"
"mere bhai ne khush nahi hai team meeting notes ke result se.","Work/Office"
"Hamari team marketing plan pe atki hui hai agle mahine halaanki hamari team client presentation pe atki hui hai kuch minute pehle.","Work/Office"
"my smartwatch app internet se connect hi nahi ho raha is hafte.","Technology"
"The airport security took forever since noon.","Travel"
"mere cousin ne the literature essay samjhaane mein madad ki.","Education"
"agle mahine ghar pe tacos banane ki koshish ki.","Food"
"my sister helped me understand the entrance exam better.","Education"
"the shopkeeper mentioned the traffic on the way home during our chat even though we talked about the power cut yesterday for a while for a couple of hours.","General/Other"
"the doctor recommended a good brand for a new smartphone","Shopping"
"my credit card bill auto-debit ho gaya kal se isliye agle mahine the loan application pay karna hai.","Finance"
"Store mein a study lamp pe badi sale lagi hai kuch minute pehle.","Shopping"
"my laptop internet se connect hi nahi ho raha kal se.","Technology"
"I just checked in for my train to Kerala though i need to pack for Ooty in a while.","Travel"
"the company website keeps crashing this evening.","Technology"
"Aakhirkar Jaipur ke liye road trip ki ticket book kar li.","Travel"
"Samajh nahi aa raha local train loon ya khud drive karke Shimla jaaun.","Travel"
"agle mahine online sunglasses order kiya","Shopping"
"I need to pack for Singapore by Friday.","Travel"
"I just checked in for my overnight bus to Pune.","Travel"
"my neighbor recommended a good brand for a pair of running shoes.","Shopping"
"the delivery for sunglasses is delayed from tomorrow","Shopping"
"I ordered a pair of jeans online since morning, and on top of that my mother recommended a good brand for a pair of jeans.","Shopping"
"Samajh nahi aa raha road trip loon ya khud drive karke Rishikesh jaaun lekin mumbai wali connecting flight Monday se delay ho gayi.","Travel"
"my colleague helped me fix my email account, though i had to reinstall the mobile app since two days.","Technology"
"is hafte the coding assignment submit karna hai","Education"
"I'm not sure whether to take a local train or drive to Shimla.","Travel"
"I just checked in for my road trip to Kerala, because our connecting flight to Darjeeling got delayed for the past three days.","Travel"
"I'm nervous about the online course scheduled since Monday.","Education"
"My the personal loan EMI got auto-debited today.","Finance"
"performance review ki deadline aage badh gayi raat se.","Work/Office"
"The deadline for the marketing plan got moved up since morning plus my cousin is not happy with how the team meeting notes turned out.","Work/Office"
"We're hosting friends since two days and planning to make pasta.","Food"
"ghutno mein dard ki wajah se parso kaam pe nahi ja paaya.","Health"
"I've been feeling content after that argument.","Mood/Emotion"
"thodi der mein tak team meeting notes complete karna hai","Work/Office"
"I need to pack for Dubai from tomorrow","Travel"
"We finally closed the onboarding documents since noon.","Work/Office"
"I can't figure out why the Wi-Fi router is so slow for the past three days.","Technology"
"my external hard drive internet se connect hi nahi ho raha raat se, lekin samajh nahi aa raha my email account itna slow kyun hai subah se.","Technology"
"Jo a winter jacket order kiya tha wo damaged aaya.","Shopping"
"aajkal Mumbai ghumne ka plan bana raha hoon, par do din se Shimla ghumne ka plan bana raha hoon.","Travel"
"I finally cleared the personal loan EMI next month","Finance"
"Abhi Kerala wali flight ke liye check-in kar liya.","Travel"
"I'm still preparing for the online course.","Education"
"Store mein a kitchen mixer pe badi sale lagi hai subah se, uske upar se teacher ne ek achi brand suggest ki a laptop bag ke liye.","Shopping"
"Our team is stuck on the audit checklist next month, while i submitted the onboarding documents a few minutes ago but haven't heard back yet.","Work/Office"
"my colleague mentioned the weekend plans during our chat.","General/Other"
"do din se dinner mein grilled sandwiches order kiya, kyunki us naye cafe ka idli sambar bahut mehenga tha.","Food"
"I just checked in for my connecting flight to Kerala.","Travel"
"I'm craving pancakes right now.","Food"
"Lately I feel so frustrated after that argument, and I don't know why.","Mood/Emotion"
"my brother mentioned a documentary I watched during our chat.","General/Other"
"Blood test karwaya skin par rash ki wajah se","Health"
"Yeh discount zabardast hai.","Shopping"
"abhi the Wi-Fi router reinstall karna pada.","Technology"
"I ordered a laptop bag online tomorrow.","Shopping"
"agle mahine thoda time an old photo album sambhalne mein laga.","General/Other"
"The restaurant's grilled sandwiches was absolutely delicious.","Food"
"Cook karne ka mann nahi hai isliye pancakes order kar rahe hain.","Food"
"my landlord helped me understand the class test better","Education"
"I need to pack for Darjeeling next week.","Travel"
"I'm nervous about the class test scheduled since Monday, because our teacher gave extra homework for the history assignment.","Education"
"Kerala wali cab subah se delay ho gayi.","Travel"
"I have to present the budget proposal in front of the leadership just now.","Work/Office"
"My bank statement got auto-debited today.","Finance"
"The cab to Udaipur was surprisingly comfortable","Travel"
"My credit card bill got auto-debited last night.","Finance"
"I'm nervous about the chemistry lab report scheduled this evening, while i missed a class and now I'm behind on physics.","Education"
"I'm not sure whether to take a flight or drive to Pune, but our road trip to Varanasi got delayed this morning.","Travel"
"the weather ke baare mein kuch interesting padha","General/Other"
"pichle teen din se the semester project submit karna hai","Education"
"my cousin advised me to review my mutual fund investment","Finance"
"abhi online a formal shirt order kiya.","Shopping"
"Aajkal santusht feel ho raha hai sab kuch ek saath ho raha hai isliye.","Mood/Emotion"
"pata nahi kyun par plan cancel hone ke baad bahut nervous lag raha hoon","Mood/Emotion"
"I'm troubleshooting the office server right now","Technology"
"is hafte tak budget proposal complete karna hai isliye mere roommate ne onboarding documents ke baare mein call rakhi hai pichle hafte se.","Work/Office"
"my password manager won't connect to the internet last night.","Technology"
"Our local train to Bangalore got delayed today.","Travel"
"aaj the garden we're planting ke baare mein baat hui.","General/Other"
"My savings account got auto-debited since last night.","Finance"
"We're renting a car once we reach Jaipur.","Travel"
"I need to finish the project timeline before by Friday.","Work/Office"
"without any clear reason, I've just been feeling a little low","Mood/Emotion"
"mummy ne bola thoda rest kar kaan mein infection thik ho jayega kyunki mere colleague ne bola thoda rest kar kaan mein infection thik ho jayega.","Health"
"the office printer achanak kaam karna band kar diya is hafte","Technology"
"my smartwatch app keeps crashing a few minutes ago.","Technology"
"the power cut yesterday came up randomly in conversation tomorrow","General/Other"
"lately I feel nervous after finishing the task finally and I don't know why","Mood/Emotion"
"I'm nervous about the semester project scheduled a few minutes ago","Education"
"my professor suggested I see a specialist because of chest tightness.","Health"
"Our road trip to Goa got delayed for a couple of hours.","Travel"
"I have to submit the history assignment since last week.","Education"
"Dubai wali road trip kuch ghanton se delay ho gayi kyunki samajh nahi aa raha cab loon ya khud drive karke Darjeeling jaaun.","Travel"
"I forgot to mention the family gathering this weekend to you earlier.","General/Other"
"I need to finish the sprint review before a few minutes ago.","Work/Office"
"Sach kahoon toh lambe din ke baad, mann bahut restless hai.","Mood/Emotion"
"abhi se skin par rash thik nahi ho raha uske alawa customer support wale ne bola specialist ko dikhao migraine ke liye.","Health"
"I finally booked a connecting flight ticket to Dubai but i'm planning a trip to Delhi just now.","Travel"
"i'm nervous about the scholarship application scheduled next week","Education"
"I spent some time dealing with the traffic on the way home this weekend and we talked about the long queue at the grocery store for a while tomorrow.","General/Other"
"Lately I feel hopeful since things didn't go as planned, and I don't know why.","Mood/Emotion"
"We talked about a documentary I watched for a while since morning.","General/Other"
"Everyone at home was discussing the traffic on the way home today.","General/Other"
"my friend helped me fix my phone.","Technology"
"Subah se hi akela mehsoos ho raha hai plan cancel hone ke baad.","Mood/Emotion"
"the tax filing mein kuch mismatch hai jise sort karna hai.","Finance"
"do din se the practical exam submit karna hai","Education"
"i missed my connecting local train because of traffic even though i finally booked a connecting flight ticket to Jaipur.","Travel"
"pichle teen din se dost aa rahe hain aur rajma chawal banane ka plan hai.","Food"
"I had to reinstall the office printer a few minutes ago, since my email account suddenly stopped working in a while.","Technology"
"I just checked in for my flight to Kerala, while our train to Darjeeling got delayed next month.","Travel"
"The store had a huge sale on a laptop bag this month.","Shopping"
"my brother is not happy with how the hiring paperwork turned out, and on top of that i'll be working from home last night to complete the vendor contract.","Work/Office"
"the office server keeps crashing this evening","Technology"
"Ladakh wali overnight bus is mahine delay ho gayi uske alawa samajh nahi aa raha local train loon ya khud drive karke Pune jaaun.","Travel"
"mere bhai ne bola the personal loan EMI review karo","Finance"
"I ordered sunglasses online since Monday.","Shopping"
"I'm still preparing for the class test.","Education"
"the operating system suddenly stopped working in a while.","Technology"
"the practical exam expectation se zyada tough nikal raha hai","Education"
"I tried making butter chicken at home this afternoon while we're hosting friends this month and planning to make biryani.","Food"
"Sach kahoon toh future ke baare mein soch kar, mann bahut stressed hai.","Mood/Emotion"
"We're hosting friends from tomorrow and planning to make rajma chawal.","Food"
"I spent some time dealing with the noisy construction nearby from tomorrow.","General/Other"
"I had to skip work due to a skin rash since last night.","Health"
"aakhirkar Pune ke liye local train ki ticket book kar li halaanki is weekend Manali ke liye packing karni hai.","Travel"
"Pata nahi kyun par kuch bhi thik nahi ho raha isliye bahut overwhelmed lag raha hoon","Mood/Emotion"
"We talked about the traffic on the way home for a while since Monday.","General/Other"
"my credit score auto-debit ho gaya Monday se.","Finance"
"Lately I feel so frustrated since things didn't go as planned, and I don't know why.","Mood/Emotion"
"performance review ki deadline aage badh gayi Monday se.","Work/Office"
"an old photo album came up randomly in conversation since Monday.","General/Other"
"I ordered a laptop bag online since last week.","Shopping"
"The cab to Ooty was surprisingly comfortable.","Travel"
"kal my password manager reinstall karna pada.","Technology"
"the cab to Ladakh was surprisingly comfortable","Travel"
"I feel like weakness is getting worse by Friday.","Health"
"professor ne ek achi brand suggest ki a set of headphones ke liye, uske upar se a pair of running shoes ki delivery late ho rahi hai aaj.","Shopping"
"I need to pay my mutual fund investment from tomorrow plus i need to pay the insurance premium by Friday.","Finance"
"i'm nervous about the chemistry lab report scheduled right now, while i'm nervous about the group presentation scheduled last night.","Education"
"the thesis draft ke liye ek study group join kiya.","Education"
"the delivery guy helped me fix the new software update","Technology"
"I woke up feeling really happy after a long day, since lately I feel unusually calm after that argument, and I don't know why.","Mood/Emotion"
"We're hosting friends by Friday and planning to make idli sambar.","Food"
"I've been feeling hopeful after getting that message.","Mood/Emotion"
"I've been dealing with a bad cough this morning but i noticed body aches this weekend and it's not going away.","Health"
"I submitted the code review from tomorrow but haven't heard back yet.","Work/Office"
"subah se chakkar thik nahi ho raha.","Health"
"mummy ne ek jagah bataayi jahan ka pav bhaji zabardast hai.","Food"
"doctor ne bola this month's rent review karo.","Finance"
"my external hard drive won't connect to the internet since last night.","Technology"
"gale mein kharash ki wajah se is mahine kaam pe nahi ja paaya jabki mere dost ne bola specialist ko dikhao badan dard ke liye.","Health"
"Sach kahoon toh wo message padhne ke baad, mann bahut proud hai.","Mood/Emotion"
"mummy ne hiring paperwork ke baare mein call rakhi hai subah se, isliye marketing plan submit kar diya kal lekin abhi tak reply nahi aaya.","Work/Office"
"I finally bought a kitchen mixer after weeks of thinking about it.","Shopping"
"I need to finish the performance review before next month.","Work/Office"
"raat se the online course submit karna hai, lekin abhi wale the literature essay ko lekar nervous hoon.","Education"
"delivery wale ne ek achi brand suggest ki a formal shirt ke liye par agle mahine online a set of headphones order kiya.","Shopping"
"is weekend ghar pe pancakes banane ki koshish ki.","Food"
"store mein a set of headphones pe badi sale lagi hai kal se","Shopping"
"Samajh nahi aa raha the mobile app itna slow kyun hai parso.","Technology"
"the mobile app baar crash ho raha hai Friday tak.","Technology"
"dopahar se leadership ke saamne team meeting notes present karna hai.","Work/Office"
"the company website keeps crashing since Monday.","Technology"
"ooty wali cab kaafi comfortable thi","Travel"
"The airport security took forever this month","Travel"
"Aakhirkar Kerala ke liye train ki ticket book kar li halaanki goa wali train thodi der mein delay ho gayi.","Travel"
"my smartwatch app internet se connect hi nahi ho raha kuch ghanton se uske alawa technician ne the office printer dekha lekin issue nahi mila.","Technology"
"dukaandaar ne the final exams samjhaane mein madad ki.","Education"
"pichle hafte se work from home karke sprint review complete karunga.","Work/Office"
"It's hard to explain but I feel pretty disappointed after a long day because lately I feel a bit lonely after hearing the news, and I don't know why.","Mood/Emotion"
"is mahine ghar pe pancakes banane ki koshish ki","Food"
"Subah se hi kaafi disappointed mehsoos ho raha hai lambe din ke baad.","Mood/Emotion"
"the company website internet se connect hi nahi ho raha raat se, uske upar se mere cousin ne my password manager fix karne mein madad ki.","Technology"
"Main bahut excited feel kar raha hoon us bahas ke baad","Mood/Emotion"
"the new software update achanak kaam karna band kar diya pichle teen din se.","Technology"
"badan dard ki wajah se raat bhar so nahi paaya.","Health"
"Aakhirkar salary aa gayi.","Finance"
"I noticed the traffic on the way home while walking this month.","General/Other"
"I finally booked a connecting flight ticket to Ooty.","Travel"
"aaj my credit score pay karna hai.","Finance"
"I tried making grilled sandwiches at home since noon","Food"
"aaj thoda time the community meeting sambhalne mein laga","General/Other"
"We talked about the neighborhood cat for a while since morning.","General/Other"
"Manali pahunchte hi gaadi rent pe le lenge.","Travel"
"Just a heads up about the long queue at the grocery store.","General/Other"
"aajkal mathematics submit karna hai","Education"
"Is hafte the community meeting ke baare mein baat karni chahiye","General/Other"
"is weekend dinner mein pav bhaji order kiya.","Food"
"aaj this month's rent pay karna hai.","Finance"
"Monday se my external hard drive reinstall karna pada.","Technology"
"We talked about the community meeting for a while by Friday.","General/Other"
"Yeh kaafi khush wala feeling jaa hi nahi raha lambe din ke baad.","Mood/Emotion"
"We ordered biryani for dinner since last week.","Food"
"Samajh nahi aa raha flight loon ya khud drive karke Rishikesh jaaun par pichle teen din se Delhi ghumne ka plan bana raha hoon.","Travel"
"abhi work from home karke performance review complete karunga","Work/Office"
"because I miss my old friends, I've just been feeling demotivated because i woke up feeling really excited because of everything going on lately.","Mood/Emotion"
"Lately I feel extremely stressed after that conversation, and I don't know why, because there's a strange feeling of being content since I've been so busy.","Mood/Emotion"
"the office printer achanak kaam karna band kar diya Friday tak.","Technology"
"mere dost ne the coding assignment samjhaane mein madad ki isliye is hafte wale physics ko lekar nervous hoon.","Education"
"Samajh nahi aa raha overnight bus loon ya khud drive karke Mumbai jaaun isliye friday tak Ladakh ke liye packing karni hai.","Travel"
"I had to skip work due to an ear infection since last night.","Health"
"Stomach is aching badly.","Health"
"my sister mentioned the weekend plans during our chat.","General/Other"
"raat se physics submit karna hai.","Education"
"I have to submit the practical exam from tomorrow but i have to submit the class test this afternoon.","Education"
"I've been dealing with body aches since noon.","Health"
"badan dard ki wajah se agle mahine kaam pe nahi ja paaya aur pet dard ki wajah se kal se kaam pe nahi ja paaya.","Health"
"I finally cleared a fixed deposit this evening.","Finance"
"parso the mobile app reinstall karna pada.","Technology"
"pichle hafte se dinner mein a cheese pizza order kiya uske alawa kuch ghanton se dinner mein rajma chawal order kiya.","Food"
"I'm nervous about the semester project scheduled last night.","Education"
"my neighbor scheduled a call about the marketing plan this afternoon","Work/Office"
"seene mein jakadan ki wajah se raat se kaam pe nahi ja paaya uske alawa teacher ne bola specialist ko dikhao acidity ke liye.","Health"
"kolkata wali train kaafi comfortable thi","Travel"
"my laptop keeps crashing by Friday.","Technology"
"I spent some time dealing with the long queue at the grocery store since last week.","General/Other"
"mere dost ne bola my mutual fund investment review karo lekin my credit card bill auto-debit ho gaya kal raat se.","Finance"
"my father helped me fix my password manager.","Technology"
"I'm craving dosa right now.","Food"
"I need to pack for Dubai since morning.","Travel"
"customer support wale ne physics samjhaane mein madad ki.","Education"
"mere manager ne khush nahi hai vendor contract ke result se aur mere roommate ne bola quarterly report revise karo subah se.","Work/Office"
"lately I feel a little low without any clear reason and I don't know why","Mood/Emotion"
"i need to pay the tax filing for a couple of hours though i finally cleared a fixed deposit just now.","Finance"
"customer support recommended a good brand for a new smartphone.","Shopping"
"naak behna ki wajah se raat bhar so nahi paaya.","Health"
"Packing for the trip now.","Travel"
"Varanasi wali connecting flight kaafi comfortable thi.","Travel"
"mere cousin ne ek jagah bataayi jahan ka idli sambar zabardast hai","Food"
"I've been feeling demotivated after that argument.","Mood/Emotion"
"mere manager ne the thesis draft samjhaane mein madad ki","Education"
"Kal se gale mein kharash pareshan kar raha hai.","Health"
"The restaurant's pav bhaji was absolutely delicious.","Food"
"thodi der mein dost aa rahe hain aur momos banane ka plan hai.","Food"
"subah se walk karte waqt the traffic on the way home dikha.","General/Other"
"mere roommate ne ek achi brand suggest ki a backpack ke liye.","Shopping"
"my roommate helped me understand the group presentation better.","Education"
"Our flight to Mumbai got delayed right now.","Travel"
"i'm planning a trip to Kolkata a few minutes ago, and on top of that i'm planning a trip to Singapore from tomorrow.","Travel"
"Aakhirkar my credit card bill clear kar diya Monday se.","Finance"
"Mujhe aajkal se kamar dard ho raha hai, lekin kamzori ki wajah se raat bhar so nahi paaya.","Health"
"meri behen ne the literature essay samjhaane mein madad ki","Education"
"Lately I feel very motivated because of everything going on lately, and I don't know why","Mood/Emotion"
"parso my online banking pay karna hai.","Finance"
"I can't shake off this demotivated feeling thinking about the future.","Mood/Emotion"
"Everyone at home was discussing an old photo album since Monday because i noticed the new furniture we bought while walking since morning.","General/Other"
"I'm planning a trip to Varanasi since morning.","Travel"
"I have to submit the final exams from tomorrow so i have to submit the group presentation in a while.","Education"
"my boss helped me understand mathematics better.","Education"
"parso my email account reinstall karna pada.","Technology"
"my the insurance premium got auto-debited since last night","Finance"
"Kal deadline hai.","Work/Office"
"I can't figure out why the Wi-Fi router is so slow for a couple of hours.","Technology"
"my colleague helped me fix my password manager.","Technology"
"mere dost ne bola a fixed deposit review karo, jabki the personal loan EMI auto-debit ho gaya pichle teen din se.","Finance"
"I feel like loose motions is getting worse this morning so i noticed body aches today and it's not going away.","Health"
"our teacher gave extra homework for physics","Education"
"We ordered a cheese pizza for dinner next week while my colleague recommended a place that serves amazing butter chicken.","Food"
"Lately I feel quite anxious because nothing seems to be going right, and I don't know why.","Mood/Emotion"
"thodi der mein thoda time the weather sambhalne mein laga.","General/Other"
"I took a half day for a couple of hours to catch up on the quarterly report.","Work/Office"
"mere manager ne the chemistry lab report samjhaane mein madad ki.","Education"
"is weekend the new furniture we bought ke baare mein baat hui.","General/Other"
"my mother suggested I see a specialist because of a migraine","Health"
"I ordered a laptop bag online from tomorrow because the store had a huge sale on a backpack next month.","Shopping"
"I noticed a documentary I watched while walking tomorrow.","General/Other"
"I need to pack for Jaipur tomorrow.","Travel"
"Medical se kamzori ki tablet le aaya.","Health"
"I finally cleared the electricity bill this month.","Finance"
"Sach kahoon toh purane dosto ki yaad aane se, mann bahut emotionally thaka hua hai.","Mood/Emotion"
"The store had a huge sale on a winter jacket just now while the delivery for a pair of jeans is delayed since last night.","Shopping"
"Honestly, I feel very motivated because I miss my old friends, and there's a strange feeling of being nervous after getting that message.","Mood/Emotion"
"subah se dinner mein momos order kiya.","Food"
"a documentary I watched came up randomly in conversation a few minutes ago.","General/Other"
"professor ne the weekend plans ka zikr kiya baat cheet mein.","General/Other"
"Mumbai wali connecting flight kaafi comfortable thi.","Travel"
"mummy ne my password manager fix karne mein madad ki","Technology"
"I need to pay the tax filing this morning and i need to pay my credit score next week.","Finance"
"itna busy rehne ki wajah se bas ek ajeeb sa akela feeling aa rahi hai","Mood/Emotion"
"I've been feeling nervous thinking about the future, so i can't shake off this restless feeling because of everything going on lately.","Mood/Emotion"
"i finally cleared my credit card bill since noon and i need to pay my monthly budget for the past three days.","Finance"
"mere bhai ne my smartwatch app fix karne mein madad ki kyunki is weekend the operating system reinstall karna pada.","Technology"
"I have to present the onboarding documents in front of the leadership this morning.","Work/Office"
"We finally closed the status update since last week.","Work/Office"
"mujhe subah se migraine ho raha hai","Health"
"parso my laptop reinstall karna pada","Technology"
"Store mein sunglasses pe badi sale lagi hai thodi der mein.","Shopping"
"mere roommate ne bola audit checklist revise karo Friday tak kyunki hamari team vendor contract pe atki hui hai abhi.","Work/Office"
"Honestly, I feel hopeful thinking about the future","Mood/Emotion"
"Main restless feel kar raha hoon purane dosto ki yaad aane se.","Mood/Emotion"
"my salary auto-debit ho gaya abhi.","Finance"
"I'm waiting for my refund for a pair of jeans.","Shopping"
"I finally cleared my credit score tomorrow.","Finance"
"The flight to Jaipur was surprisingly comfortable","Travel"
"The store had a huge sale on a pair of running shoes by Friday.","Shopping"
"doctor ne budget proposal ke baare mein call rakhi hai raat se","Work/Office"
"Aajkal hopeful feel ho raha hai cheezein plan ke hisaab se na hone ki wajah se","Mood/Emotion"
"Aakhirkar my credit score clear kar diya is mahine.","Finance"
"the a new smartphone I ordered arrived damaged","Shopping"
"the new software update achanak kaam karna band kar diya subah se.","Technology"
"pichle hafte se work from home karke audit checklist complete karunga.","Work/Office"
"Friday tak wale the final exams ko lekar nervous hoon","Education"
"we talked about the family gathering this weekend for a while for the past three days","General/Other"
"I need to reset my laptop completely.","Technology"
"Aakhirkar my bank statement clear kar diya kal, lekin aakhirkar my online banking clear kar diya kal raat se.","Finance"
"I need to finish the quarterly report before these days.","Work/Office"
"The delivery for a study lamp is delayed just now, and on top of that i ordered a pair of running shoes online since morning.","Shopping"
"abhi walk karte waqt the traffic on the way home dikha.","General/Other"
"my manager helped me understand physics better.","Education"
"this month's rent pay karne ke liye reminder laga diya.","Finance"
"Samajh nahi aa raha my email account itna slow kyun hai kal, par the office server internet se connect hi nahi ho raha dopahar se.","Technology"
"Everyone at home was discussing the long queue at the grocery store this afternoon, but i noticed a documentary I watched while walking since noon.","General/Other"
"Recovering slowly from back pain since two days.","Health"
"aaj Rishikesh ke liye packing karni hai.","Travel"
"agle hafte online a handbag order kiya.","Shopping"
"a pair of jeans ko different size mein exchange karwana hai","Shopping"
"aaj shaam ko half day liya marketing plan complete karne ke liye, jabki agle hafte half day liya sales deck complete karne ke liye.","Work/Office"
"I have to submit mathematics since two days though i'm nervous about physics scheduled in a while.","Education"
"I'm planning a trip to Singapore right now.","Travel"
"pichle hafte se leadership ke saamne sales deck present karna hai.","Work/Office"
"Blood test karwaya chakkar ki wajah se.","Health"
"I had to reinstall my external hard drive since last night.","Technology"
"Store mein a set of headphones pe badi sale lagi hai kuch ghanton se","Shopping"
"my landlord helped me understand the coding assignment better.","Education"
"I'm planning a trip to Pune last night.","Travel"
"It's hard to explain but I feel completely drained because nothing seems to be going right.","Mood/Emotion"
"I have to submit the literature essay today, since i'm nervous about the class test scheduled a few minutes ago.","Education"
"I tried making pasta at home just now.","Food"
"There's a meeting about the team meeting notes scheduled from tomorrow.","Work/Office"
"the office server suddenly stopped working today.","Technology"
"I woke up feeling really happy after that conversation.","Mood/Emotion"
"The deadline for the sales deck got moved up just now.","Work/Office"
"I'm planning to visit the clinic because of joint pain, and on top of that i noticed a headache since last night and it's not going away.","Health"
"mere manager ne ek achi brand suggest ki a pair of jeans ke liye.","Shopping"
"kuch bhi thik nahi ho raha isliye, bas ek ajeeb sa nervous feeling aa rahi hai.","Mood/Emotion"
"I had to reinstall my external hard drive since yesterday","Technology"
"a set of headphones ki delivery late ho rahi hai parso.","Shopping"
"The deadline for the hiring paperwork got moved up from tomorrow, but i took a half day this weekend to catch up on the status update.","Work/Office"
"The store had a huge sale on a handbag today since i ordered a pair of running shoes online these days.","Shopping"
"my mother recommended a place that serves amazing pasta.","Food"
"meri behen ne bola hiring paperwork revise karo kal se.","Work/Office"
"Aakhirkar my online banking clear kar diya thodi der mein.","Finance"
"Bataana mushkil hai lekin bina kisi wajah ke bahut nervous hoon.","Mood/Emotion"
"my father mentioned the weekend plans during our chat.","General/Other"
"I took a half day these days to catch up on the project timeline.","Work/Office"
"I'm craving momos right now","Food"
"kal se online a handbag order kiya.","Shopping"
"Lately I feel restless after that conversation, and I don't know why.","Mood/Emotion"
"I had to reinstall my browser since Monday.","Technology"
"Kal leave le raha hoon.","Work/Office"
"code review ko lekar meeting hai agle mahine isliye agle hafte tak performance review complete karna hai.","Work/Office"
"mere cousin ne bola thoda rest kar gale mein kharash thik ho jayega, par naak behna ki wajah se abhi kaam pe nahi ja paaya.","Health"
"I just checked in for my train to Shimla.","Travel"
"a skin rash has been bothering me in a while.","Health"
"I woke up this morning feeling unusually motivated, like I could finally tackle all the things I've been avoiding for weeks.","Mood/Emotion"
"naak behna ki wajah se aaj shaam ko kaam pe nahi ja paaya.","Health"
"the bank sent a notification about my mutual fund investment and i need to pay my online banking this morning.","Finance"
"is mahine the traffic on the way home ke baare mein baat hui.","General/Other"
"Aakhirkar this month's rent clear kar diya pichle teen din se.","Finance"
"Our flight to Ooty got delayed in a while, and i finally booked a connecting flight ticket to Singapore.","Travel"
"an old photo album came up randomly in conversation tomorrow.","General/Other"
"Bataana mushkil hai lekin kuch bhi thik nahi ho raha isliye bahut poori tarah drained hoon.","Mood/Emotion"
"sunglasses ki delivery late ho rahi hai Friday tak par a laptop bag ki delivery late ho rahi hai is mahine.","Shopping"
"thodi der mein online a study lamp order kiya.","Shopping"
"Subah se hi restless mehsoos ho raha hai kuch bhi thik nahi ho raha isliye.","Mood/Emotion"
"I'm not sure whether to take a flight or drive to Goa.","Travel"
"We ordered rajma chawal for dinner today","Food"
"aajkal my mutual fund investment pay karna hai isliye aakhirkar the personal loan EMI clear kar diya kal raat se.","Finance"
"my mother recommended a good brand for a backpack.","Shopping"
"Goa wali cab pichle teen din se delay ho gayi","Travel"
"i finally perfected my recipe for momos","Food"
"mere manager ne the group presentation samjhaane mein madad ki halaanki boss ne the group presentation samjhaane mein madad ki.","Education"
"parso online a laptop bag order kiya.","Shopping"
"my landlord asked me to revise the team meeting notes next month.","Work/Office"
"the mobile app internet se connect hi nahi ho raha kal se.","Technology"
"Pata nahi kyun par bina kisi wajah ke bahut motivated lag raha hoon.","Mood/Emotion"
"ghutno mein dard ki wajah se agle mahine kaam pe nahi ja paaya, uske upar se abhi se halka bukhar thik nahi ho raha.","Health"
"sprint review submit kar diya is weekend lekin abhi tak reply nahi aaya.","Work/Office"
"agle hafte se loose motion thik nahi ho raha, isliye mujhe parso se jee michlana ho raha hai.","Health"
"my brother scheduled a call about the performance review since noon though my cousin scheduled a call about the budget proposal by Friday.","Work/Office"
"my cousin recommended a good brand for a winter jacket","Shopping"
"aajkal my credit card bill pay karna hai","Finance"
"I need to finish the sales deck before this month.","Work/Office"
"I'll be working from home for a couple of hours to complete the hiring paperwork.","Work/Office"
"mere dost ne the long queue at the grocery store ka zikr kiya baat cheet mein.","General/Other"
"aajkal the power cut yesterday ke baare mein baat hui","General/Other"
"It's hard to explain but I feel a little low without any clear reason.","Mood/Emotion"
"kuch minute pehle work from home karke project timeline complete karunga","Work/Office"
"The delivery for a smartwatch is delayed these days.","Shopping"
"I need to pack for Kerala since morning.","Travel"
"My mutual fund investment got auto-debited in a while.","Finance"
"I feel completely drained.","Mood/Emotion"
"I need to pack for Goa just now.","Travel"
"I need to pay the loan application just now.","Finance"
"mathematics is turning out to be tougher than I expected","Education"
"kal raat se online a set of headphones order kiya, jabki mere dost ne ek achi brand suggest ki a set of headphones ke liye.","Shopping"
"mere dost ne bola the tax filing review karo.","Finance"
"My this month's rent got auto-debited since noon.","Finance"
"The pharmacist gave me some tablets for a bad cough.","Health"
"We're hosting friends this afternoon and planning to make a vegetable stir fry.","Food"
"abhi wale the entrance exam ko lekar nervous hoon, aur agle mahine wale mathematics ko lekar nervous hoon.","Education"
"landlord ne bola my bank statement review karo","Finance"
"aaj my monthly budget pay karna hai.","Finance"
"abhi physics submit karna hai.","Education"
"Aaj clinic jaana hai kaafi khaansi check karwane.","Health"
"We ordered pasta for dinner since last night.","Food"
"a smartwatch ki delivery late ho rahi hai thodi der mein.","Shopping"
"i spent some time dealing with the long queue at the grocery store a few minutes ago","General/Other"
"Wi-Fi isn't working today.","Technology"
"hiring paperwork ki deadline aage badh gayi pichle hafte se.","Work/Office"
"my mutual fund investment got auto-debited a few minutes ago","Finance"
"subah se wale the entrance exam ko lekar nervous hoon.","Education"
"kal se ghar pe grilled sandwiches banane ki koshish ki, par customer support wale ne ek jagah bataayi jahan ka grilled sandwiches zabardast hai.","Food"
"the garden we're planting came up randomly in conversation since two days.","General/Other"
"kuch ghanton se dost aa rahe hain aur biryani banane ka plan hai.","Food"
"the mobile app suddenly stopped working next week.","Technology"
"Aajkal santusht feel ho raha hai us baat cheet ke baad.","Mood/Emotion"
"I need to pay the electricity bill for the past three days, and on top of that my the personal loan EMI got auto-debited right now.","Finance"
"abhi online a dining table order kiya.","Shopping"
"I spent some time dealing with the community meeting since two days.","General/Other"
"Store mein a pair of sneakers pe badi sale lagi hai Monday se jabki a smartwatch ki delivery late ho rahi hai subah se.","Shopping"
"Ghar pe sab the new furniture we bought ke baare mein baat kar rahe the kal","General/Other"
"Hamari team meeting notes pe atki hui hai Friday tak, kyunki mere colleague ne bola team meeting notes revise karo abhi.","Work/Office"
"Is hafte the garden we're planting ke baare mein baat karni chahiye.","General/Other"
"Store mein a smartwatch pe badi sale lagi hai subah se halaanki a study lamp ki delivery late ho rahi hai raat se.","Shopping"
"the new software update won't connect to the internet last night, because i had to reinstall my password manager in a while.","Technology"
"I found a great discount on a smartwatch.","Shopping"
"the delivery guy scheduled a call about the client presentation this afternoon plus the teacher scheduled a call about the code review by Friday.","Work/Office"
"store mein sunglasses pe badi sale lagi hai Friday tak, par a set of headphones ki delivery late ho rahi hai pichle teen din se.","Shopping"
"We talked about a documentary I watched for a while next week, and on top of that i read something interesting about the noisy construction nearby.","General/Other"
"I'm nervous about the thesis draft scheduled next month.","Education"
"I think I need a checkup for chest tightness.","Health"
"my manager recommended a good brand for a pair of running shoes.","Shopping"
"my monthly budget check kiya toh kuch ajeeb laga.","Finance"
"I had to reinstall the company website a few minutes ago since the office server keeps crashing for a couple of hours.","Technology"
"my colleague asked me to revise the sprint review this month.","Work/Office"
"my external hard drive baar crash ho raha hai Monday se uske alawa my email account baar crash ho raha hai agle mahine.","Technology"
"I need to exchange a backpack for a different size.","Shopping"
"I ordered sunglasses online this evening.","Shopping"
"We're hosting friends in a while and planning to make pancakes.","Food"
"We finally closed the status update this month, and on top of that i took a half day from tomorrow to catch up on the hiring paperwork.","Work/Office"
"pichle hafte se Bangalore ke liye packing karni hai.","Travel"
"I'll be working from home these days to complete the sales deck.","Work/Office"
"the final exams is turning out to be tougher than I expected.","Education"
"aaj shaam ko walk karte waqt the neighborhood cat dikha.","General/Other"
"doctor ne my laptop fix karne mein madad ki.","Technology"
"the delivery guy asked me to revise the vendor contract these days","Work/Office"
"I need to finish the audit checklist before in a while.","Work/Office"
"mere roommate ne the office server fix karne mein madad ki.","Technology"
"Our connecting flight to Bangalore got delayed next week.","Travel"
"Aakhirkar my salary clear kar diya aaj.","Finance"
"i'm planning a trip to Kolkata tomorrow","Travel"
"pichle hafte se the entrance exam submit karna hai lekin thodi der mein the literature essay submit karna hai.","Education"
"my external hard drive achanak kaam karna band kar diya do din se.","Technology"
"my neighbor helped me understand mathematics better","Education"
"my neighbor helped me fix the operating system","Technology"
"I submitted the code review last night but haven't heard back yet.","Work/Office"
"back pain has been bothering me since last night but i couldn't sleep properly because of nausea since two days.","Health"
"We're hosting friends last night and planning to make a vegetable stir fry.","Food"
"I'm nervous about the final exams scheduled in a while.","Education"
"Everyone at home was discussing the neighbor's new dog this month.","General/Other"
"agle mahine online a smartwatch order kiya.","Shopping"
"Us naye cafe ka butter chicken bahut mehenga tha kyunki agle mahine dost aa rahe hain aur pancakes banane ka plan hai.","Food"
"bangalore ke itinerary mein bahut saari sightseeing hai","Travel"
"Friday tak wale the history assignment ko lekar nervous hoon kyunki kal se the history assignment submit karna hai.","Education"
"the mobile app won't connect to the internet for the past three days and i had to reinstall the company website next week.","Technology"
"Purana my laptop baar hang hota tha isliye naya le liya","Technology"
"We're hosting friends for a couple of hours and planning to make biryani.","Food"
"subah se online a smartwatch order kiya.","Shopping"
"Mumbai wali flight kaafi comfortable thi.","Travel"
"I got my blood test done because of back pain.","Health"
"my brother helped me fix my external hard drive.","Technology"
"I ordered a set of headphones online since last night, because my father recommended a good brand for sunglasses.","Shopping"
"my colleague mentioned the neighborhood cat during our chat.","General/Other"
"There's a strange feeling of being emotionally exhausted since I've been so busy.","Mood/Emotion"
"The customer support team took nearly a week to respond about my delayed delivery, and by the time they replied, the item had already arrived.","Shopping"
"aajkal thoda time the family gathering this weekend sambhalne mein laga.","General/Other"
"Aajkal akela feel ho raha hai kuch bhi thik nahi ho raha isliye.","Mood/Emotion"
"the delivery guy recommended a place that serves amazing pasta.","Food"
"I need to pack for Ladakh this month, so our train to Varanasi got delayed from tomorrow.","Travel"
"Aaj kaafi shaant din raha, bas the new furniture we bought ke baare mein soch raha tha","General/Other"
"I submitted the client presentation this morning but haven't heard back yet","Work/Office"
"the office server baar crash ho raha hai abhi","Technology"
"Our itinerary for Kolkata includes a lot of sightseeing","Travel"
"I can't figure out why the operating system is so slow just now.","Technology"
"kuch ghanton se dost aa rahe hain aur pancakes banane ka plan hai.","Food"
"My online banking got auto-debited this weekend.","Finance"
"aaj shaam ko the final exams submit karna hai.","Education"
"my landlord mentioned the garden we're planting during our chat.","General/Other"
"Mujhe abhi se acidity ho raha hai.","Health"
"I noticed the new furniture we bought while walking since last night.","General/Other"
"i had to reinstall the new software update just now","Technology"
"I submitted the audit checklist this weekend but haven't heard back yet.","Work/Office"
"kuch ghanton se my monthly budget pay karna hai.","Finance"
"We ordered tacos for dinner right now.","Food"
"We finally closed the budget proposal from tomorrow","Work/Office"
"agle mahine Rishikesh ghumne ka plan bana raha hoon, kyunki is mahine Jaipur ke liye packing karni hai.","Travel"
"because I miss my old friends, I've just been feeling restless.","Mood/Emotion"
"is weekend physics submit karna hai.","Education"
"my colleague advised me to review the personal loan EMI since my father advised me to review my savings account.","Finance"
"Ooty wali local train Monday se delay ho gayi.","Travel"
"delivery wale ne the community meeting ka zikr kiya baat cheet mein","General/Other"
"I had to reinstall the mobile app next month.","Technology"
"Our overnight bus to Manali got stuck for almost three hours because of a landslide, and we ended up reaching our hotel well past midnight.","Travel"
"parso thoda time a documentary I watched sambhalne mein laga.","General/Other"
"kal raat se online sunglasses order kiya","Shopping"
"my laptop baar crash ho raha hai subah se aur the office server baar crash ho raha hai raat se.","Technology"
"I finally cleared my credit score today.","Finance"
"Monday se ghar pe grilled sandwiches banane ki koshish ki.","Food"
"kal the insurance premium pay karna hai.","Finance"
"I ordered a backpack online just now.","Shopping"
"Store mein a study lamp pe badi sale lagi hai abhi.","Shopping"
"vendor contract submit kar diya aaj shaam ko lekin abhi tak reply nahi aaya, aur agle hafte half day liya team meeting notes complete karne ke liye.","Work/Office"
"blurry vision has been bothering me since morning.","Health"
"I noticed nausea for a couple of hours and it's not going away.","Health"
"Pata nahi kyun par purane dosto ki yaad aane se bahut akela lag raha hoon.","Mood/Emotion"
"Abhi my smartwatch app troubleshoot kar raha hoon.","Technology"
"the insurance premium jaldi close karne ke liye paise bacha raha hoon","Finance"
"I'm planning a trip to Kerala since last night.","Travel"
"my landlord recommended a good brand for a new smartphone while the delivery for a backpack is delayed for a couple of hours.","Shopping"
"my smartwatch app suddenly stopped working just now.","Technology"
"the shopkeeper recommended a place that serves amazing idli sambar.","Food"
"the company website ka password bhool gaya.","Technology"
"my professor scheduled a call about the onboarding documents this afternoon","Work/Office"
"Store mein a kitchen mixer pe badi sale lagi hai pichle hafte se.","Shopping"
"Lately I feel so frustrated since the plans got cancelled, and I don't know why.","Mood/Emotion"
"I had to skip work due to a skin rash this morning","Health"
"I have to submit physics since last night so i'm nervous about the literature essay scheduled this month.","Education"
"mere cousin ne the weekend plans ka zikr kiya baat cheet mein.","General/Other"
"I've been dealing with dizziness tomorrow.","Health"
"subah se badan dard thik nahi ho raha.","Health"
"Boss wants the report now.","Work/Office"
"We're hosting friends these days and planning to make tacos but my brother recommended a place that serves amazing paneer tikka.","Food"
"my colleague advised me to review the tax filing.","Finance"
"The delivery for a winter jacket is delayed this afternoon","Shopping"
"Our flight to Goa got delayed this afternoon.","Travel"
"ghar pe sab the community meeting ke baare mein baat kar rahe the do din se","General/Other"
"raat se Ladakh ghumne ka plan bana raha hoon, kyunki pune wali flight pichle teen din se delay ho gayi.","Travel"
"I'm nervous about physics scheduled for the past three days.","Education"
"is mahine the semester project submit karna hai, aur meri behen ne the practical exam samjhaane mein madad ki.","Education"
"pichle hafte se online a formal shirt order kiya","Shopping"
"Restaurant ka pav bhaji bahut tasty tha.","Food"
"I just checked in for my connecting flight to Darjeeling.","Travel"
"I need to pack for Kolkata in a while, and the road trip to Kerala was surprisingly comfortable.","Travel"
"pichle teen din se kamzori thik nahi ho raha.","Health"
"We ordered dosa for dinner since Monday.","Food"
"I'm nervous about mathematics scheduled just now","Education"
"I'm nervous about the scholarship application scheduled last night.","Education"
"we're hosting friends from tomorrow and planning to make grilled sandwiches","Food"
"is weekend dinner mein noodles order kiya.","Food"
"My the insurance premium got auto-debited in a while though my credit card bill got auto-debited since Monday.","Finance"
"I need to pay this month's rent these days.","Finance"
"Everyone at home was discussing the noisy construction nearby this evening.","General/Other"
"Ladakh wali connecting flight kuch minute pehle delay ho gayi uske alawa pichle hafte se Kolkata ghumne ka plan bana raha hoon.","Travel"
"I finally cleared the personal loan EMI a few minutes ago.","Finance"
"my cousin helped me fix my phone.","Technology"
"customer support wale ne bola specialist ko dikhao kamzori ke liye","Health"
"Ghar pe sab the neighborhood cat ke baare mein baat kar rahe the kal raat se.","General/Other"
"I feel like back pain is getting worse for the past three days, and swelling in my ankle has been bothering me since morning.","Health"
"pichle hafte se ghar pe rajma chawal banane ki koshish ki, aur aajkal dost aa rahe hain aur pancakes banane ka plan hai.","Food"
"I woke up feeling nervous without any clear reason and there's a strange feeling of being overwhelmed after getting that message.","Mood/Emotion"
"our team is stuck on the vendor contract for a couple of hours","Work/Office"
"aaj the literature essay submit karna hai.","Education"
"Mujhe lagta hai badan dard badhta ja raha hai","Health"
"My savings account got auto-debited since Monday.","Finance"
"my smartwatch app baar crash ho raha hai agle hafte.","Technology"
"is weekend random mein the long queue at the grocery store ki baat chal padi.","General/Other"
"is hafte random mein the traffic on the way home ki baat chal padi","General/Other"
"agle hafte online a winter jacket order kiya","Shopping"
"doctor ne the history assignment samjhaane mein madad ki","Education"
"I think I need a checkup for nausea since i had to skip work due to an ear infection this afternoon.","Health"
"Bataana mushkil hai lekin sab kuch ek saath ho raha hai isliye bahut thoda low hoon.","Mood/Emotion"
"Aakhirkar my credit score clear kar diya parso.","Finance"
"I need to pack for Kolkata since Monday.","Travel"
"I tried making a vegetable stir fry at home since noon, since we're hosting friends since last night and planning to make paneer tikka.","Food"
"my roommate mentioned an old photo album during our chat","General/Other"
"my smartwatch app update kiya aur ab kuch bhi thik se kaam nahi kar raha","Technology"
"since things didn't go as planned, I've just been feeling so frustrated though there's a strange feeling of being pretty disappointed since things didn't go as planned.","Mood/Emotion"
"subah se dinner mein biryani order kiya.","Food"
"I need to pack for Ooty since morning.","Travel"
"We talked about the family gathering this weekend for a while these days, and on top of that my professor mentioned a documentary I watched during our chat.","General/Other"
"restaurant ka rajma chawal bahut tasty tha","Food"
"kal raat se random mein the new furniture we bought ki baat chal padi","General/Other"
"the Wi-Fi router suddenly stopped working a few minutes ago.","Technology"
"I ordered a formal shirt online tomorrow.","Shopping"
"Recovering slowly from acidity this afternoon.","Health"
"aajkal the scholarship application submit karna hai.","Education"
"I'm planning a trip to Rishikesh since Monday, since our road trip to Rishikesh got delayed since noon.","Travel"
"I have to submit the final exams this morning","Education"
"onboarding documents ki deadline aage badh gayi is hafte.","Work/Office"
"thodi der mein dost aa rahe hain aur biryani banane ka plan hai jabki pichle teen din se dinner mein pasta order kiya.","Food"
"mere bhai ne the community meeting ka zikr kiya baat cheet mein.","General/Other"
"Subah se hi bahut stressed mehsoos ho raha hai sab kuch ek saath ho raha hai isliye.","Mood/Emotion"
"I need to pack for Udaipur this weekend.","Travel"
"parso the online course submit karna hai","Education"
"Monday se online sunglasses order kiya.","Shopping"
"Main kaafi frustrated feel kar raha hoon bina kisi wajah ke","Mood/Emotion"
"The airport security took forever just now","Travel"
"I have a meeting today.","Work/Office"
"The store had a huge sale on a pair of running shoes these days.","Shopping"
"my brother recommended a place that serves amazing noodles so my landlord recommended a place that serves amazing tacos.","Food"
"I have to present the hiring paperwork in front of the leadership for a couple of hours.","Work/Office"
"mere neighbor ne bola a fixed deposit review karo, isliye the tax filing auto-debit ho gaya is weekend.","Finance"
"I ordered a backpack online this evening.","Shopping"
"Sach kahoon toh sab kuch ek saath ho raha hai isliye, mann bahut motivated hai.","Mood/Emotion"
"dukaandaar ne bola my savings account review karo","Finance"
"I had to reinstall the office server in a while.","Technology"
"is mahine tak sprint review complete karna hai par kuch ghanton se half day liya code review complete karne ke liye.","Work/Office"
"my salary auto-debit ho gaya kal.","Finance"
"my father recommended a good brand for a pair of jeans.","Shopping"
"abhi ghar pe pasta banane ki koshish ki","Food"
"I couldn't sleep properly because of weakness since last night.","Health"
"pichle hafte se leadership ke saamne onboarding documents present karna hai, isliye aakhirkar project timeline close kar diya pichle hafte se.","Work/Office"
"Bataana mushkil hai lekin us bahas ke baad bahut overwhelmed hoon.","Mood/Emotion"
"I read something interesting about the festival preparations though everyone at home was discussing the noisy construction nearby since last week.","General/Other"
"my professor advised me to review my online banking","Finance"
"my roommate recommended a place that serves amazing a vegetable stir fry though we're hosting friends since Monday and planning to make pav bhaji.","Food"
"the teacher helped me fix my email account.","Technology"
"Monday se my laptop reinstall karna pada.","Technology"
"I finally cleared my online banking from tomorrow plus my manager advised me to review the loan application.","Finance"
"We ordered a fruit salad for dinner since noon.","Food"
"Mujhe kal raat se kamar dard ho raha hai kyunki seene mein jakadan ki wajah se is mahine kaam pe nahi ja paaya.","Health"
"I finally cleared the insurance premium today.","Finance"
"I tried making pav bhaji at home since noon, because we're hosting friends since two days and planning to make tacos.","Food"
"the company website suddenly stopped working by Friday even though my laptop suddenly stopped working a few minutes ago.","Technology"
"The restaurant's butter chicken was absolutely delicious.","Food"
"I had to reinstall my browser this evening.","Technology"
"We talked about the family gathering this weekend for a while for a couple of hours.","General/Other"
"Ladakh wali road trip thodi der mein delay ho gayi.","Travel"
"parso the loan application pay karna hai.","Finance"
"jaipur wali cab kaafi comfortable thi","Travel"
"Our overnight bus to Jaipur got delayed since Monday.","Travel"
"I'm nervous about the online course scheduled tomorrow.","Education"
"It's hard to explain but I feel emotionally exhausted because I miss my old friends.","Mood/Emotion"
"I took a half day since Monday to catch up on the performance review.","Work/Office"
"Yeh bahut stressed wala feeling jaa hi nahi raha bina kisi wajah ke.","Mood/Emotion"
"Store mein a formal shirt pe badi sale lagi hai kuch ghanton se","Shopping"
"I need to pay my credit card bill since yesterday even though i need to pay my salary next week.","Finance"
"agle mahine my bank statement pay karna hai.","Finance"
"abhi Darjeeling ke liye packing karni hai.","Travel"
"my cousin scheduled a call about the code review today","Work/Office"
"I've been feeling irritated after that argument","Mood/Emotion"
"I have to present the quarterly report in front of the leadership right now.","Work/Office"
"aajkal online a formal shirt order kiya.","Shopping"
"mere dost ne bola my bank statement review karo.","Finance"
"We ordered idli sambar for dinner since two days.","Food"
"aaj work from home karke onboarding documents complete karunga, jabki monday se half day liya team meeting notes complete karne ke liye.","Work/Office"
"I have to submit physics by Friday.","Education"
"Samajh nahi aa raha my password manager itna slow kyun hai aajkal","Technology"
"my friend recommended a good brand for a new smartphone","Shopping"
"I can't figure out why my phone is so slow this afternoon.","Technology"
"I'm planning to visit the clinic because of stomach pain though i've started taking medicine for a running nose.","Health"
"Abhi Udaipur wali connecting flight ke liye check-in kar liya.","Travel"
"mere roommate ne the weather ka zikr kiya baat cheet mein.","General/Other"
"I'm nervous about the class test scheduled by Friday.","Education"
"boss ne the semester project samjhaane mein madad ki.","Education"
"The store had a huge sale on a study lamp this afternoon, and the store had a huge sale on a backpack since noon.","Shopping"
"I've been dealing with acidity since Monday.","Health"
"landlord ne the new furniture we bought ka zikr kiya baat cheet mein","General/Other"
"mere bhai ne bola specialist ko dikhao loose motion ke liye.","Health"
"sunglasses ki delivery late ho rahi hai thodi der mein par delivery wale ne ek achi brand suggest ki a pair of jeans ke liye.","Shopping"
"Varanasi wali road trip aajkal delay ho gayi.","Travel"
"I ordered sunglasses online this month.","Shopping"
"There's a meeting about the quarterly report scheduled today.","Work/Office"
"The technician looked at my browser but couldn't find the issue.","Technology"
"aakhirkar my monthly budget clear kar diya abhi","Finance"
"kuch ghanton se online a new smartphone order kiya","Shopping"
"landlord ne my smartwatch app fix karne mein madad ki.","Technology"
"Store mein a kitchen mixer pe badi sale lagi hai kal.","Shopping"
"I noticed nausea in a while and it's not going away, so my cousin suggested I see a specialist because of chest tightness.","Health"
"The store had a huge sale on a smartwatch last night","Shopping"
"I don't know why but I've been unusually irritated with small things lately, and it's starting to affect how I talk to people around me.","Mood/Emotion"
"the shopkeeper suggested I see a specialist because of a headache.","Health"
"aaj wale the chemistry lab report ko lekar nervous hoon.","Education"
"subah se my laptop reinstall karna pada.","Technology"
"Abhi the new software update troubleshoot kar raha hoon.","Technology"
"Rent is due today.","Finance"
"dopahar se wale mathematics ko lekar nervous hoon.","Education"
"I'm nervous about mathematics scheduled a few minutes ago since i have to submit the thesis draft this evening.","Education"
"team meeting notes ki deadline aage badh gayi is weekend.","Work/Office"
"Aaj kaafi shaant din raha, bas the festival preparations ke baare mein soch raha tha.","General/Other"
"I had to reinstall my password manager just now.","Technology"
"kuch ghanton se the semester project submit karna hai.","Education"
"agle mahine wale the entrance exam ko lekar nervous hoon.","Education"
"delivery wale ne ek jagah bataayi jahan ka pav bhaji zabardast hai.","Food"
"boss ne client presentation ke baare mein call rakhi hai abhi, aur quarterly report ki deadline aage badh gayi kal.","Work/Office"
"aaj shaam ko ghar pe idli sambar banane ki koshish ki.","Food"
"I finally cleared the personal loan EMI this morning, since my professor advised me to review my credit score.","Finance"
"mere manager ne physics samjhaane mein madad ki aur teacher ne the online course ka extra homework de diya.","Education"
"the delivery guy scheduled a call about the budget proposal these days.","Work/Office"
"We're hosting friends today and planning to make momos.","Food"
"subah se hi kaafi khush mehsoos ho raha hai bina kisi wajah ke","Mood/Emotion"
"Store mein a dining table pe badi sale lagi hai is weekend, isliye store mein a pair of sneakers pe badi sale lagi hai raat se.","Shopping"
"I finally booked a cab ticket to Goa.","Travel"
"pichle teen din se dost aa rahe hain aur grilled sandwiches banane ka plan hai, kyunki do din se dost aa rahe hain aur biryani banane ka plan hai.","Food"
"Lately I feel extremely stressed because nothing seems to be going right, and I don't know why.","Mood/Emotion"
"parso the thesis draft submit karna hai.","Education"
"I'll be working from home since Monday to complete the marketing plan.","Work/Office"
"Lately I feel extremely stressed because of everything going on lately, and I don't know why.","Mood/Emotion"
"Delhi wali overnight bus kaafi comfortable thi.","Travel"
"aaj ghar pe pav bhaji banane ki koshish ki.","Food"
"Hamari team marketing plan pe atki hui hai abhi.","Work/Office"
"Pata nahi kyun par plan cancel hone ke baad bahut motivated lag raha hoon","Mood/Emotion"
"subah se thoda time an old photo album sambhalne mein laga.","General/Other"
"I can't figure out why the new software update is so slow for the past three days.","Technology"
"agle mahine the neighbor's new dog ke baare mein baat hui","General/Other"
"My this month's rent got auto-debited just now.","Finance"
"I've been dealing with joint pain since Monday.","Health"
"is hafte ghar pe idli sambar banane ki koshish ki.","Food"
"I spent some time dealing with the weather tomorrow.","General/Other"
"kal raat se the scholarship application submit karna hai.","Education"
"the doctor mentioned a documentary I watched during our chat.","General/Other"
"I'm planning to visit the clinic because of acidity since my neighbor suggested I see a specialist because of a mild fever.","Health"
"I ordered a new smartphone online today.","Shopping"
"agle hafte dinner mein tacos order kiya.","Food"
"I finally cleared the loan application by Friday.","Finance"
"Jaipur wali road trip is hafte delay ho gayi.","Travel"
"I ordered a pair of running shoes online this month, since i ordered a dining table online since noon.","Shopping"
"the office server internet se connect hi nahi ho raha agle hafte, par my password manager baar crash ho raha hai Monday se.","Technology"
"pichle teen din se wale the practical exam ko lekar nervous hoon, aur customer support wale ne the final exams samjhaane mein madad ki.","Education"
"badan dard ki wajah se kal raat se kaam pe nahi ja paaya, aur checkup ke liye jaana padega kaafi khaansi ke liye.","Health"
"Pune wali flight kaafi comfortable thi.","Travel"
"The deadline for the budget proposal got moved up in a while","Work/Office"
"mere bhai ne ek achi brand suggest ki a study lamp ke liye.","Shopping"
"abhi Pune ke liye packing karni hai","Travel"
"There's a meeting about the marketing plan scheduled this morning.","Work/Office"
"my boss advised me to review the tax filing","Finance"
"I'm planning a trip to Varanasi for a couple of hours.","Travel"
"Monday se work from home karke status update complete karunga.","Work/Office"
"i ordered sunglasses online these days","Shopping"
"is mahine wale the scholarship application ko lekar nervous hoon.","Education"
"I ordered sunglasses online last night.","Shopping"
"parso the neighborhood cat ke baare mein baat hui.","General/Other"
"mere bhai ne the entrance exam samjhaane mein madad ki.","Education"
"I ordered a smartwatch online since morning","Shopping"
"I have to submit the online course this evening.","Education"
"Honestly, I feel proud after hearing the news.","Mood/Emotion"
"I have to submit the literature essay this evening.","Education"
"my landlord helped me understand the practical exam better","Education"
"customer support advised me to review the loan application","Finance"
"the doctor helped me fix the new software update.","Technology"
"We should talk about the community meeting sometime this week.","General/Other"
"my manager advised me to review my salary even though i need to pay my online banking next month.","Finance"
"Honestly, I feel restless thinking about the future.","Mood/Emotion"
"my neighbor recommended a place that serves amazing butter chicken.","Food"
"my friend helped me fix the office printer","Technology"
"Delhi wali flight kaafi comfortable thi.","Travel"
"Aakhirkar my bank statement clear kar diya pichle hafte se.","Finance"
"I tried making grilled sandwiches at home just now since i tried making pasta at home next week.","Food"
"I'm not sure whether to take a local train or drive to Varanasi.","Travel"
"the office printer won't connect to the internet this morning, and my brother helped me fix the mobile app.","Technology"
"mere neighbor ne bola specialist ko dikhao acidity ke liye.","Health"
"do din se loose motion thik nahi ho raha.","Health"
"after that argument, I've just been feeling a little low.","Mood/Emotion"
"I'm planning a trip to Udaipur today.","Travel"
"I'm planning a trip to Kolkata since noon, and on top of that i'm planning a trip to Varanasi from tomorrow.","Travel"
"a set of headphones ki delivery late ho rahi hai is mahine","Shopping"
"I'll be working from home since morning to complete the quarterly report.","Work/Office"
"I need to pack for Goa since last week.","Travel"
"Friday tak half day liya team meeting notes complete karne ke liye.","Work/Office"
"I noticed the weekend plans while walking this afternoon.","General/Other"
"dukaandaar ne my laptop fix karne mein madad ki","Technology"
"agle mahine my smartwatch app reinstall karna pada, kyunki the Wi-Fi router achanak kaam karna band kar diya agle mahine.","Technology"
"kuch minute pehle the noisy construction nearby ke baare mein baat hui.","General/Other"
"kuch minute pehle dost aa rahe hain aur pav bhaji banane ka plan hai.","Food"
"Lately I feel emotionally exhausted without any clear reason, and I don't know why.","Mood/Emotion"
"Pata nahi kyun par future ke baare mein soch kar bahut demotivated lag raha hoon.","Mood/Emotion"
"everyone at home was discussing the family gathering this weekend next month, though i spent some time dealing with a documentary I watched since Monday.","General/Other"
"performance review submit kar diya dopahar se lekin abhi tak reply nahi aaya.","Work/Office"
"my email account won't connect to the internet this morning.","Technology"
"I'm nervous about physics scheduled today","Education"
"my password manager suddenly stopped working since last night.","Technology"
"I'm trying to figure out the tax filing this month.","Finance"
"Subah se hi bahut motivated mehsoos ho raha hai wo message padhne ke baad.","Mood/Emotion"
"mummy ne the final exams samjhaane mein madad ki aur raat se the group presentation submit karna hai.","Education"
"Main kaafi disappointed feel kar raha hoon cheezein plan ke hisaab se na hone ki wajah se","Mood/Emotion"
"I'm nervous about the history assignment scheduled since noon, and on top of that my roommate helped me understand the chemistry lab report better.","Education"
"I'm planning a trip to Kerala these days","Travel"
"The road trip to Ooty was surprisingly comfortable.","Travel"
"pichle hafte se Darjeeling ghumne ka plan bana raha hoon","Travel"
"Store mein a new smartphone pe badi sale lagi hai parso, lekin doctor ne ek achi brand suggest ki a pair of jeans ke liye.","Shopping"
"dopahar se dinner mein pancakes order kiya.","Food"
"Delhi wali train is mahine delay ho gayi","Travel"
"kal the office server reinstall karna pada","Technology"
"marketing plan submit kar diya do din se lekin abhi tak reply nahi aaya.","Work/Office"
"boss ne khush nahi hai performance review ke result se.","Work/Office"
"It's hard to explain but I feel so frustrated since things didn't go as planned","Mood/Emotion"
"I have to present the marketing plan in front of the leadership this morning.","Work/Office"
"I can't shake off this really happy feeling since the plans got cancelled.","Mood/Emotion"
"mummy ne the office server fix karne mein madad ki halaanki the mobile app achanak kaam karna band kar diya aaj shaam ko.","Technology"
"a winter jacket ke refund ka wait kar raha hoon.","Shopping"
"I have to submit mathematics since noon.","Education"
"Sach kahoon toh us baat cheet ke baad, mann bahut demotivated hai.","Mood/Emotion"
"i skipped lunch and just had grilled sandwiches instead","Food"
"I couldn't sleep properly because of body aches since morning.","Health"
"I ordered a dining table online since last week","Shopping"
"is hafte my monthly budget pay karna hai.","Finance"
"my boss mentioned the traffic on the way home during our chat","General/Other"
"the airport security took forever this afternoon","Travel"
"I feel like a migraine is getting worse last night.","Health"
"Pata nahi kyun par us baat cheet ke baad bahut santusht lag raha hoon.","Mood/Emotion"
"aajkal tak quarterly report complete karna hai.","Work/Office"
"Main restless feel kar raha hoon future ke baare mein soch kar.","Mood/Emotion"
"Hamari team project timeline pe atki hui hai agle mahine, aur hamari team project timeline pe atki hui hai kuch ghanton se.","Work/Office"
"kal se acidity thik nahi ho raha.","Health"
"the delivery guy is not happy with how the quarterly report turned out","Work/Office"
"naak behna ke liye appointment book karwa liya hai.","Health"
"I feel like body aches is getting worse next week since i couldn't sleep properly because of swelling in my ankle next week.","Health"
"We're hosting friends since two days and planning to make a cheese pizza while i tried making pav bhaji at home this morning.","Food"
"Shimla wali road trip kaafi comfortable thi","Travel"
"I ordered a smartwatch online since two days.","Shopping"
"momos bahut spicy tha, poora khaya hi nahi gaya.","Food"
"We talked about the garden we're planting for a while since noon because i noticed the family gathering this weekend while walking since noon.","General/Other"
"my the electricity bill got auto-debited for a couple of hours","Finance"
"my father recommended a place that serves amazing butter chicken.","Food"
"I got my blood test done because of acidity.","Health"
"I woke up feeling emotionally exhausted without any clear reason.","Mood/Emotion"
"thodi der mein my email account reinstall karna pada lekin the Wi-Fi router ko poori tarah reset karna padega.","Technology"
"raat se Kerala ghumne ka plan bana raha hoon.","Travel"
"I have to submit the coding assignment from tomorrow.","Education"
"I'm not sure whether to take a overnight bus or drive to Shimla","Travel"
"We ordered grilled sandwiches for dinner this weekend since my cousin recommended a place that serves amazing idli sambar.","Food"
"kal raat se the weather ke baare mein baat hui.","General/Other"
"aajkal online a winter jacket order kiya.","Shopping"
"abhi bhi the final exams ki taiyari kar raha hoon, uske upar se aaj shaam ko wale the class test ko lekar nervous hoon.","Education"
"main proud feel kar raha hoon kuch bhi thik nahi ho raha isliye","Mood/Emotion"
"I need to pack for Mumbai since last night, since the hotel in Ladakh upgraded our room for free.","Travel"
"Mujhe lagta hai kaafi khaansi badhta ja raha hai.","Health"
"Ghar pe sab the traffic on the way home ke baare mein baat kar rahe the Friday tak.","General/Other"
"thodi der mein tak audit checklist complete karna hai jabki kuch minute pehle half day liya code review complete karne ke liye.","Work/Office"
"do din se ghar pe grilled sandwiches banane ki koshish ki.","Food"
"We talked about the festival preparations for a while since noon","General/Other"
"Kal raat late tak rukna pada client presentation complete karne ke liye kyunki meeting bina zyada notice ke ek din pehle shift ho gayi.","Work/Office"
"I woke up feeling so frustrated because nothing seems to be going right","Mood/Emotion"
"The delivery for a backpack is delayed in a while since the delivery for a winter jacket is delayed since noon.","Shopping"
"I need to pay the insurance premium in a while and my friend advised me to review my savings account.","Finance"
"The train to Kolkata was surprisingly comfortable","Travel"
"i spent some time dealing with the weather next week but the community meeting came up randomly in conversation since Monday.","General/Other"
"agle hafte thoda time the community meeting sambhalne mein laga.","General/Other"
"raat se badan dard thik nahi ho raha","Health"
"I've been feeling a bit lonely after getting that message though there's a strange feeling of being so frustrated because of everything going on lately.","Mood/Emotion"
"boss ne ek achi brand suggest ki a laptop bag ke liye, par landlord ne ek achi brand suggest ki a pair of jeans ke liye.","Shopping"
"papa ne bola my credit score review karo.","Finance"
"Is mahine my savings account samajhne ki koshish kar raha hoon.","Finance"
"agle hafte dinner mein momos order kiya.","Food"
"mere roommate ne the mobile app fix karne mein madad ki.","Technology"
"I just checked in for my connecting flight to Shimla.","Travel"
"We ordered momos for dinner this morning.","Food"
"I have to submit mathematics for a couple of hours.","Education"
"aakhirkar kaam khatam karne ke baad, bas ek ajeeb sa kaafi khush feeling aa rahi hai.","Mood/Emotion"
"client presentation ko lekar meeting hai kal raat se isliye pichle teen din se tak marketing plan complete karna hai.","Work/Office"
"is hafte my savings account pay karna hai.","Finance"
"my password manager won't connect to the internet this evening, because the mobile app suddenly stopped working last night.","Technology"
"lunch skip karke seedha pancakes kha liya","Food"
"the doctor recommended a place that serves amazing a cheese pizza, while i skipped lunch and just had idli sambar instead.","Food"
"I need to pay the loan application by Friday.","Finance"
"My professor extended the deadline for mathematics.","Education"
"I'm not sure whether to take a flight or drive to Delhi.","Travel"
"I couldn't concentrate on the history assignment because of the noise plus i'm nervous about the coding assignment scheduled by Friday.","Education"
"kal raat se wale the online course ko lekar nervous hoon.","Education"
"I tried making pancakes at home these days.","Food"
"mere dost ne bola specialist ko dikhao jee michlana ke liye.","Health"
"my smartwatch app suddenly stopped working this month.","Technology"
"I'm nervous about the final exams scheduled since yesterday.","Education"
"the neighbor's new dog ke baare mein kuch interesting padha.","General/Other"
"My mutual fund investment got auto-debited since Monday.","Finance"
"I have to present the project timeline in front of the leadership right now.","Work/Office"
"Recovering slowly from joint pain next week.","Health"
"store mein a handbag pe badi sale lagi hai is weekend kyunki papa ne ek achi brand suggest ki a dining table ke liye.","Shopping"
"Subah se hi santusht mehsoos ho raha hai cheezein plan ke hisaab se na hone ki wajah se.","Mood/Emotion"
"I missed a class and now I'm behind on the literature essay while i have to submit the entrance exam from tomorrow.","Education"
"I woke up feeling hopeful because I miss my old friends while i've been feeling a bit lonely after a long day.","Mood/Emotion"
"the tax filing auto-debit ho gaya subah se, uske upar se aakhirkar my mutual fund investment clear kar diya kuch minute pehle.","Finance"
"We finally closed the project timeline today.","Work/Office"
"boss ne bola my bank statement review karo.","Finance"
"I've been feeling overwhelmed after that argument.","Mood/Emotion"
"my professor recommended a place that serves amazing idli sambar plus i tried making a cheese pizza at home since two days.","Food"
"a smartwatch ki delivery late ho rahi hai agle mahine.","Shopping"
"the office server achanak kaam karna band kar diya raat se, kyunki my browser internet se connect hi nahi ho raha Monday se.","Technology"
"The bank sent a notification about my credit score.","Finance"
"I couldn't sleep properly because of nausea just now.","Health"
"my external hard drive internet se connect hi nahi ho raha dopahar se","Technology"
"We spent the entire evening on the balcony just talking about random things, from the weather to old childhood memories, and it was surprisingly relaxing.","General/Other"
"I need to pack for Varanasi this evening.","Travel"
"hamari team sales deck pe atki hui hai pichle teen din se","Work/Office"
"customer support wale ne bola team meeting notes revise karo Friday tak.","Work/Office"
"I'm planning a trip to Kerala for the past three days.","Travel"
"agle mahine dinner mein dosa order kiya.","Food"
"We ordered idli sambar for dinner this morning, but my boss recommended a place that serves amazing pasta.","Food"
"I can't figure out why the office printer is so slow since last night, since the office printer won't connect to the internet just now.","Technology"
"vendor contract submit kar diya do din se lekin abhi tak reply nahi aaya.","Work/Office"
"mere manager ne my email account fix karne mein madad ki, kyunki my smartwatch app baar crash ho raha hai do din se.","Technology"
"is mahine the company website reinstall karna pada.","Technology"
"code review ko lekar meeting hai pichle hafte se.","Work/Office"
"Honestly, I feel emotionally exhausted because I miss my old friends.","Mood/Emotion"
"We ordered biryani for dinner since Monday.","Food"
"is mahine Singapore ke liye packing karni hai.","Travel"
"kal se my phone reinstall karna pada.","Technology"
"Main akela feel kar raha hoon plan cancel hone ke baad.","Mood/Emotion"
"aakhirkar kaam khatam karne ke baad bas ek ajeeb sa santusht feeling aa rahi hai","Mood/Emotion"
"lambe din ke baad, bas ek ajeeb sa kaafi frustrated feeling aa rahi hai.","Mood/Emotion"
"Samajh nahi aa raha my phone itna slow kyun hai abhi.","Technology"
"I'll be working from home in a while to complete the vendor contract.","Work/Office"
"professor ne the mobile app fix karne mein madad ki aur pichle teen din se my phone reinstall karna pada.","Technology"
"Aajkal bahut stressed feel ho raha hai future ke baare mein soch kar.","Mood/Emotion"
"Latest software update ke baad se laptop din mein kam se kam do baar random crash ho raha hai, aur koi bhi usual troubleshooting step kaam nahi kar raha.","Technology"
"The store had a huge sale on a backpack this morning","Shopping"
"Our itinerary for Pune includes a lot of sightseeing","Travel"
"i have to submit the entrance exam since two days","Education"
"I can't shake off this content feeling thinking about the future.","Mood/Emotion"
"We ordered momos for dinner this weekend.","Food"
"There's a meeting about the vendor contract scheduled since noon.","Work/Office"
"my cousin recommended a good brand for a kitchen mixer","Shopping"
"Kharab mausam ki wajah se road trip cancel ho gayi","Travel"
"customer support helped me understand physics better","Education"
"subah se wale the chemistry lab report ko lekar nervous hoon jabki kuch ghanton se wale the thesis draft ko lekar nervous hoon.","Education"
"mere bhai ne bola thoda rest kar loose motion thik ho jayega","Health"
"the shopkeeper mentioned an old photo album during our chat.","General/Other"
"I noticed the long queue at the grocery store while walking today.","General/Other"
"I ordered a smartwatch online since Monday.","Shopping"
"the new software update achanak kaam karna band kar diya pichle hafte se, lekin my password manager internet se connect hi nahi ho raha Friday tak.","Technology"
"I spent some time dealing with an old photo album these days, and on top of that i noticed the family gathering this weekend while walking since morning.","General/Other"
"Ghar pe sab the noisy construction nearby ke baare mein baat kar rahe the Friday tak","General/Other"
"I spent some time dealing with a documentary I watched in a while.","General/Other"
"loose motion ki wajah se abhi kaam pe nahi ja paaya.","Health"
"the store had a huge sale on a pair of jeans today","Shopping"
"I finally cleared my savings account a few minutes ago","Finance"
"my laptop baar crash ho raha hai is hafte.","Technology"
"Aakhirkar my credit card bill clear kar diya abhi, kyunki aakhirkar my credit card bill clear kar diya parso.","Finance"
"i took a half day right now to catch up on the hiring paperwork","Work/Office"
"my smartwatch app baar crash ho raha hai abhi","Technology"
"I have to submit the class test next week.","Education"
"My salary got auto-debited since last week.","Finance"
"my neighbor helped me understand the coding assignment better, so i have to submit the literature essay since last week.","Education"
"I finally perfected my recipe for pancakes.","Food"
"my neighbor helped me understand the entrance exam better, and on top of that my mother helped me understand the semester project better.","Education"
"Pata nahi kyun par purane dosto ki yaad aane se bahut kaafi disappointed lag raha hoon.","Mood/Emotion"
"I'm planning to visit the clinic because of a headache.","Health"
"I had to reinstall my email account for the past three days.","Technology"
"kal raat se Delhi ghumne ka plan bana raha hoon, isliye pune ke hotel ne free mein room upgrade kar diya.","Travel"
"I need to finish the code review before for the past three days.","Work/Office"
"I had to skip work due to a migraine in a while since my manager suggested I see a specialist because of stomach pain.","Health"
"mere bhai ne the power cut yesterday ka zikr kiya baat cheet mein.","General/Other"
"I'll be working from home a few minutes ago to complete the onboarding documents, and on top of that i'll be working from home this morning to complete the hiring paperwork.","Work/Office"
"we're hosting friends since last week and planning to make rajma chawal but we ordered rajma chawal for dinner next month.","Food"
"my laptop won't connect to the internet since two days.","Technology"
"Our overnight bus to Mumbai got delayed just now","Travel"
"the new software update achanak kaam karna band kar diya is mahine.","Technology"
"abhi the new software update reinstall karna pada, lekin monday se my password manager reinstall karna pada.","Technology"
"is hafte leadership ke saamne team meeting notes present karna hai par budget proposal submit kar diya aaj lekin abhi tak reply nahi aaya.","Work/Office"
"The store had a huge sale on a pair of jeans for a couple of hours.","Shopping"
"a vegetable stir fry ki delivery aane mein ek ghanta lag gaya halaanki abhi ghar pe a fruit salad banane ki koshish ki.","Food"
"I finally booked a local train ticket to Jaipur.","Travel"
"team meeting notes submit kar diya Friday tak lekin abhi tak reply nahi aaya","Work/Office"
"kuch minute pehle online a pair of running shoes order kiya","Shopping"
"the teacher helped me fix my laptop.","Technology"
"i'll be working from home this afternoon to complete the vendor contract and the delivery guy is not happy with how the client presentation turned out.","Work/Office"
"chakkar ki wajah se is mahine kaam pe nahi ja paaya jabki skin par rash ki wajah se thodi der mein kaam pe nahi ja paaya.","Health"
"the noisy construction nearby came up randomly in conversation this afternoon","General/Other"
"mere cousin ne khush nahi hai sprint review ke result se","Work/Office"
"my friend advised me to review a fixed deposit.","Finance"
"aajkal ghar pe a vegetable stir fry banane ki koshish ki jabki parso dinner mein a cheese pizza order kiya.","Food"
"I can't shake off this content feeling without any clear reason, but lately I feel overwhelmed after that conversation, and I don't know why.","Mood/Emotion"
"raat se dinner mein tacos order kiya","Food"
"we ordered noodles for dinner next week","Food"
"the doctor scheduled a call about the budget proposal since yesterday","Work/Office"
"dukaandaar ne bola thoda rest kar takhne mein sujan thik ho jayega uske alawa ghutno mein dard ki wajah se is hafte kaam pe nahi ja paaya.","Health"
"a winter jacket ki delivery late ho rahi hai kuch minute pehle.","Shopping"
"I ordered a pair of running shoes online today because my manager recommended a good brand for a kitchen mixer.","Shopping"
"It's hard to explain but I feel overwhelmed after that argument.","Mood/Emotion"
"Aaj bahut khush hoon.","Mood/Emotion"
"We spent the entire Sunday afternoon trying out a new recipe for butter chicken, and even though it took hours, the end result was totally worth it.","Food"
"I tried making tacos at home this afternoon, and i tried making a fruit salad at home from tomorrow.","Food"
"Honestly, I feel proud because nothing seems to be going right","Mood/Emotion"
"Hamari team hiring paperwork pe atki hui hai Friday tak.","Work/Office"
"papa ne my password manager fix karne mein madad ki.","Technology"
"We talked about the community meeting for a while this morning.","General/Other"
"my password manager won't connect to the internet since yesterday because i forgot the password for my password manager.","Technology"
"I need to pay my bank statement right now.","Finance"
"pichle teen din se leadership ke saamne hiring paperwork present karna hai.","Work/Office"
"quarterly report submit kar diya dopahar se lekin abhi tak reply nahi aaya.","Work/Office"
"thodi der mein the practical exam submit karna hai aur pichle teen din se wale mathematics ko lekar nervous hoon.","Education"
"I'll be working from home since morning to complete the client presentation.","Work/Office"
"Mujhe raat se kaafi khaansi ho raha hai","Health"
"kal se my salary pay karna hai","Finance"
"parso wale the final exams ko lekar nervous hoon","Education"
"I ordered a formal shirt online since Monday.","Shopping"
"kuch ghanton se Kerala ghumne ka plan bana raha hoon.","Travel"
"ghar pe sab the family gathering this weekend ke baare mein baat kar rahe the do din se","General/Other"
"There's a meeting about the onboarding documents scheduled since two days.","Work/Office"
"a skin rash has been bothering me this afternoon and i couldn't sleep properly because of a migraine right now.","Health"
"I need to pay the personal loan EMI in a while.","Finance"
"my credit score auto-debit ho gaya is mahine, jabki aakhirkar my salary clear kar diya pichle teen din se.","Finance"
"We're hosting friends for the past three days and planning to make idli sambar, but the delivery guy recommended a place that serves amazing paneer tikka.","Food"
"Yeh nervous wala feeling jaa hi nahi raha lambe din ke baad.","Mood/Emotion"
"pichle teen din se the traffic on the way home ke baare mein baat hui","General/Other"
"Singapore wali flight kuch ghanton se delay ho gayi.","Travel"
"Abhi Rishikesh wali overnight bus ke liye check-in kar liya, jabki is mahine Pune ke liye packing karni hai.","Travel"
"paneer tikka bahut spicy tha, poora khaya hi nahi gaya.","Food"
"Monday se wale the scholarship application ko lekar nervous hoon, lekin aaj wale the literature essay ko lekar nervous hoon.","Education"
"the noisy construction nearby came up randomly in conversation since last week.","General/Other"
"Ghar pe sab the power cut yesterday ke baare mein baat kar rahe the aaj","General/Other"
"i just checked in for my overnight bus to Ladakh","Travel"
"aajkal tak hiring paperwork complete karna hai.","Work/Office"
"pichle teen din se walk karte waqt an old photo album dikha.","General/Other"
"cheezein plan ke hisaab se na hone ki wajah se, bas ek ajeeb sa bahut overwhelmed feeling aa rahi hai.","Mood/Emotion"
"abhi dost aa rahe hain aur pancakes banane ka plan hai.","Food"
"i tried making a vegetable stir fry at home this month","Food"
"Aajkal santusht feel ho raha hai aakhirkar kaam khatam karne ke baad.","Mood/Emotion"
"aaj shaam ko mathematics submit karna hai.","Education"
"I had to skip work due to swelling in my ankle since last night.","Health"
"I couldn't finish my plate of rajma chawal, it was too spicy.","Food"
"the insurance premium auto-debit ho gaya is mahine uske alawa my credit score auto-debit ho gaya kal se.","Finance"
"The deadline for the team meeting notes got moved up for a couple of hours but i submitted the client presentation for the past three days but haven't heard back yet.","Work/Office"
"the new software update won't connect to the internet this evening.","Technology"
"I have to present the client presentation in front of the leadership next month.","Work/Office"
"i need to pack for Ooty this afternoon","Travel"
"mere neighbor ne the online course samjhaane mein madad ki, uske upar se aakhirkar the practical exam ka result aa gaya.","Education"
"I finally cleared the electricity bill from tomorrow","Finance"
"Airport pe security check mein bahut time laga is hafte aur agle mahine Pune ghumne ka plan bana raha hoon.","Travel"
"mere neighbor ne ek achi brand suggest ki a kitchen mixer ke liye, aur hafton sochne ke baad aakhirkar a winter jacket khareed liya.","Shopping"
"Raat ko so nahi paati kyunki khaansi itni badh gayi hai ki gala bhi sujja hua mehsoos hota hai.","Health"
"our local train to Singapore got delayed last night","Travel"
"My appointment for back pain got rescheduled.","Health"
"Our team is stuck on the quarterly report since last week.","Work/Office"
"subah se acidity thik nahi ho raha","Health"
"the teacher recommended a place that serves amazing a vegetable stir fry.","Food"
"my laptop keeps crashing this month.","Technology"
"delivery wale ne the operating system fix karne mein madad ki uske alawa boss ne the office printer fix karne mein madad ki.","Technology"
"I ordered a pair of sneakers online since noon.","Shopping"
"Everyone at home was discussing the weekend plans since Monday.","General/Other"
"Samajh nahi aa raha my password manager itna slow kyun hai thodi der mein.","Technology"
"The delivery for dosa took almost an hour though we ordered pancakes for dinner for a couple of hours.","Food"
"thodi der mein online a pair of sneakers order kiya.","Shopping"
"Recovering slowly from acidity since morning.","Health"
"my neighbor helped me understand the class test better.","Education"
"The overnight bus to Darjeeling was surprisingly comfortable even though i'm not sure whether to take a road trip or drive to Mumbai.","Travel"
"I can't figure out why my smartwatch app is so slow this afternoon, so the new software update suddenly stopped working since Monday.","Technology"
"boss ne khush nahi hai marketing plan ke result se.","Work/Office"
"We talked about the traffic on the way home for a while for a couple of hours","General/Other"
"the mobile app keeps crashing since last night.","Technology"
"Our teacher gave extra homework for mathematics.","Education"
"Ghar pe sab an old photo album ke baare mein baat kar rahe the kal.","General/Other"
"everyone at home was discussing the festival preparations this weekend","General/Other"
"future ke baare mein soch kar, bas ek ajeeb sa nervous feeling aa rahi hai.","Mood/Emotion"
"I can't figure out why my external hard drive is so slow since Monday.","Technology"
"We're hosting friends for the past three days and planning to make pancakes.","Food"
"kuch minute pehle se pet dard thik nahi ho raha.","Health"
"the noisy construction nearby came up randomly in conversation since morning.","General/Other"
"Aakhirkar pancakes ki recipe perfect ho gayi meri.","Food"
"Samajh nahi aa raha my external hard drive itna slow kyun hai abhi.","Technology"
"this month's rent auto-debit ho gaya Monday se.","Finance"
"Abhi Udaipur wali local train ke liye check-in kar liya","Travel"
"there's a meeting about the sprint review scheduled this month but my manager is not happy with how the client presentation turned out.","Work/Office"
"the company website internet se connect hi nahi ho raha kal raat se kyunki the office server achanak kaam karna band kar diya kal se.","Technology"
"Samajh nahi aa raha the mobile app itna slow kyun hai subah se kyunki boss ne the Wi-Fi router fix karne mein madad ki.","Technology"
"I couldn't sleep properly because of blurry vision since noon.","Health"
"Darjeeling ke hotel ne free mein room upgrade kar diya.","Travel"
"I've been preparing for the entrance exam for the past six months, and even though I feel more confident now, the pressure keeps building up as the date gets closer.","Education"
"i ordered a laptop bag online next month because the store had a huge sale on a set of headphones this afternoon.","Shopping"
"i need to pay my mutual fund investment for the past three days","Finance"
"The deadline for the audit checklist got moved up since yesterday.","Work/Office"
"Mujhe raat se migraine ho raha hai.","Health"
"Ghar pe sab the family gathering this weekend ke baare mein baat kar rahe the dopahar se.","General/Other"
"agle mahine Ooty ke liye packing karni hai.","Travel"
"customer support wale ne bola the insurance premium review karo","Finance"
"The store had a huge sale on a handbag since Monday.","Shopping"
"is mahine the insurance premium pay karna hai.","Finance"
"since things didn't go as planned, I've just been feeling restless.","Mood/Emotion"
"delivery wale ne ek achi brand suggest ki a pair of running shoes ke liye, uske upar se mere neighbor ne ek achi brand suggest ki a winter jacket ke liye.","Shopping"
"mere bhai ne bola my bank statement review karo.","Finance"
"do din se Singapore ke liye packing karni hai, par abhi Bangalore wali train ke liye check-in kar liya.","Travel"
"we're hosting friends since Monday and planning to make pasta","Food"
"pichle teen din se tak sprint review complete karna hai","Work/Office"
"my browser achanak kaam karna band kar diya pichle hafte se.","Technology"
"I couldn't finish my plate of idli sambar, it was too spicy.","Food"
"my mutual fund investment auto-debit ho gaya abhi","Finance"
"Our team is stuck on the sales deck this morning.","Work/Office"
"teacher ne the power cut yesterday ka zikr kiya baat cheet mein.","General/Other"
"pichle teen din se the long queue at the grocery store ke baare mein baat hui.","General/Other"
"I just checked in for my overnight bus to Darjeeling plus our local train to Darjeeling got delayed just now.","Travel"
"Yeh poori tarah drained wala feeling jaa hi nahi raha lambe din ke baad","Mood/Emotion"
"honestly I feel really happy because nothing seems to be going right","Mood/Emotion"
"Subah se hi bahut motivated mehsoos ho raha hai plan cancel hone ke baad.","Mood/Emotion"
"ghar pe sab the family gathering this weekend ke baare mein baat kar rahe the thodi der mein","General/Other"
"Ghar pe sab the festival preparations ke baare mein baat kar rahe the is mahine.","General/Other"
"Bahut kamzori lag rahi hai.","Health"
"my friend helped me understand the literature essay better.","Education"
"I took a half day a few minutes ago to catch up on the code review.","Work/Office"
"hiring paperwork submit kar diya kuch ghanton se lekin abhi tak reply nahi aaya, kyunki hamari team status update pe atki hui hai Monday se.","Work/Office"
"I need to pay my credit card bill next week since my the loan application got auto-debited since two days.","Finance"
"aaj shaam ko the semester project submit karna hai.","Education"
"The store had a huge sale on a new smartphone next month, and my brother recommended a good brand for a winter jacket.","Shopping"
"the teacher asked me to revise the onboarding documents since Monday.","Work/Office"
"a handbag ke refund ka wait kar raha hoon, jabki sunglasses ki delivery late ho rahi hai Monday se.","Shopping"
"an old photo album came up randomly in conversation this weekend.","General/Other"
"kal thoda time the new furniture we bought sambhalne mein laga.","General/Other"
"My salary got auto-debited last night.","Finance"
"Monday se dost aa rahe hain aur pasta banane ka plan hai.","Food"
"the delivery guy recommended a good brand for a formal shirt.","Shopping"
"the doctor mentioned the neighborhood cat during our chat.","General/Other"
"I have to submit the coding assignment since noon.","Education"
"I need to pack for Ladakh in a while.","Travel"
"Monday se my browser reinstall karna pada.","Technology"
"kal raat se my monthly budget pay karna hai.","Finance"
"We're hosting friends next week and planning to make pancakes.","Food"
"Train phir se late hai.","Travel"
"I have to submit the semester project a few minutes ago.","Education"
"My credit card bill got auto-debited tomorrow.","Finance"
"i'm nervous about the coding assignment scheduled since morning while i have to submit the class test this morning.","Education"
"my salary auto-debit ho gaya aaj shaam ko, jabki is mahine my credit score pay karna hai.","Finance"
"I feel like a bad cough is getting worse this weekend.","Health"
"aaj shaam ko the chemistry lab report submit karna hai","Education"
"Ghar pe sab an old photo album ke baare mein baat kar rahe the raat se.","General/Other"
"I submitted the client presentation today but haven't heard back yet.","Work/Office"
"Yeh kaafi disappointed wala feeling jaa hi nahi raha cheezein plan ke hisaab se na hone ki wajah se.","Mood/Emotion"
"i noticed joint pain last night and it's not going away even though my boss suggested I see a specialist because of joint pain.","Health"
"kuch ghanton se dinner mein grilled sandwiches order kiya.","Food"
"Darjeeling wali local train kaafi comfortable thi.","Travel"
"the teacher recommended a place that serves amazing a fruit salad, since we ordered paneer tikka for dinner last night.","Food"
"I finally cleared my credit card bill this afternoon.","Finance"
"subah se thoda time the traffic on the way home sambhalne mein laga","General/Other"
"my laptop ko poori tarah reset karna padega.","Technology"
"I'm nervous about the literature essay scheduled since yesterday.","Education"
"I spent some time dealing with the noisy construction nearby for the past three days.","General/Other"
"papa ne ek jagah bataayi jahan ka paneer tikka zabardast hai.","Food"
"dizziness has been bothering me since morning.","Health"
"teacher ne ek jagah bataayi jahan ka noodles zabardast hai","Food"
"I'm planning a trip to Udaipur by Friday","Travel"
"I finally cleared my bank statement just now","Finance"
"i'm not sure whether to take a overnight bus or drive to Bangalore while i'm not sure whether to take a flight or drive to Singapore.","Travel"
"boss ne a documentary I watched ka zikr kiya baat cheet mein.","General/Other"
"i can't shake off this a little low feeling after a long day","Mood/Emotion"
"Aakhirkar the electricity bill clear kar diya dopahar se.","Finance"
"subah se random mein the family gathering this weekend ki baat chal padi.","General/Other"
"The delivery for sunglasses is delayed for a couple of hours.","Shopping"
"Friday tak Shimla ke liye packing karni hai","Travel"
"we finally closed the sprint review just now","Work/Office"
"I feel like a migraine is getting worse by Friday though i noticed an ear infection since noon and it's not going away.","Health"
"I had to skip work due to a mild fever a few minutes ago","Health"
"We're hosting friends last night and planning to make pasta even though i tried making grilled sandwiches at home this evening.","Food"
"is mahine the tax filing pay karna hai halaanki customer support wale ne bola the electricity bill review karo.","Finance"
"pichle hafte se ghar pe dosa banane ki koshish ki, kyunki kal dost aa rahe hain aur pasta banane ka plan hai.","Food"
"Aaj last bus miss ho gayi.","Travel"
"kal se my browser reinstall karna pada.","Technology"
"my professor suggested I see a specialist because of a sore throat","Health"
"my cousin recommended a place that serves amazing tacos, but i tried making butter chicken at home from tomorrow.","Food"
"The a fruit salad at that new cafe was overpriced.","Food"
"Pichle do hafte se bagal wali building mein construction ka shor lagatar chal raha hai, aur sach mein sabke nerves pe asar padne laga hai.","General/Other"
"Samajh nahi aa raha flight loon ya khud drive karke Manali jaaun par agle hafte Singapore ghumne ka plan bana raha hoon.","Travel"
"Ghar pe sab the garden we're planting ke baare mein baat kar rahe the aajkal.","General/Other"
"we ordered butter chicken for dinner this month, while i tried making pancakes at home for a couple of hours.","Food"
"parso online a smartwatch order kiya.","Shopping"
"sach kahoon toh kuch bhi thik nahi ho raha isliye mann bahut kaafi khush hai","Mood/Emotion"
"The delivery for a laptop bag is delayed this afternoon.","Shopping"
"kal online a study lamp order kiya.","Shopping"
"I can't figure out why the new software update is so slow this month.","Technology"
"Restaurant ka a vegetable stir fry bahut tasty tha.","Food"
"aajkal wale mathematics ko lekar nervous hoon","Education"
"Goa wali local train aaj delay ho gayi.","Travel"
"abhi my browser reinstall karna pada.","Technology"
"raat se ghar pe dosa banane ki koshish ki isliye mere bhai ne ek jagah bataayi jahan ka momos zabardast hai.","Food"
"my phone internet se connect hi nahi ho raha aajkal, lekin my phone baar crash ho raha hai do din se.","Technology"
"The delivery for a kitchen mixer is delayed just now.","Shopping"
"the shopkeeper mentioned the weekend plans during our chat.","General/Other"
"Aajkal proud feel ho raha hai bina kisi wajah ke.","Mood/Emotion"
"subah se wale mathematics ko lekar nervous hoon","Education"
"doctor ne mathematics samjhaane mein madad ki.","Education"
"the coding assignment expectation se zyada tough nikal raha hai.","Education"
"the shopkeeper recommended a place that serves amazing rajma chawal.","Food"
"I have to submit the scholarship application this evening.","Education"
"I finally cleared a fixed deposit today.","Finance"
"kal ghar pe pasta banane ki koshish ki.","Food"
"abhi se pet dard thik nahi ho raha lekin naak behna ki wajah se kal raat se kaam pe nahi ja paaya.","Health"
"marketing plan ki deadline aage badh gayi abhi.","Work/Office"
"Aakhirkar the electricity bill clear kar diya agle hafte.","Finance"
"i need to pay my bank statement just now","Finance"
"kuch minute pehle the Wi-Fi router reinstall karna pada","Technology"
"Ghar pe sab the noisy construction nearby ke baare mein baat kar rahe the agle hafte.","General/Other"
"I submitted the quarterly report this month but haven't heard back yet.","Work/Office"
"agle hafte Kolkata ghumne ka plan bana raha hoon.","Travel"
"delivery wale ne bola sales deck revise karo kal se.","Work/Office"
"I took a half day this morning to catch up on the client presentation","Work/Office"
"papa ne ek jagah bataayi jahan ka dosa zabardast hai","Food"
"my cousin mentioned the family gathering this weekend during our chat.","General/Other"
"kuch ghanton se online a smartwatch order kiya.","Shopping"
"aaj Dubai ghumne ka plan bana raha hoon.","Travel"
"Darjeeling wali local train subah se delay ho gayi.","Travel"
"We talked about the weekend plans for a while in a while.","General/Other"
"subah se hi thoda low mehsoos ho raha hai news sunne ke baad","Mood/Emotion"
"i submitted the code review since Monday but haven't heard back yet","Work/Office"
"i tried making biryani at home this afternoon","Food"
"migraine ki wajah se kal se kaam pe nahi ja paaya.","Health"
"I noticed the noisy construction nearby while walking for a couple of hours.","General/Other"
"my sister mentioned the community meeting during our chat","General/Other"
"Ladakh wali train Monday se delay ho gayi.","Travel"
"Mujhe parso se loose motion ho raha hai.","Health"
"Main thoda anxious feel kar raha hoon us baat cheet ke baad.","Mood/Emotion"
"We're hosting friends next month and planning to make tacos while i tried making tacos at home for a couple of hours.","Food"
"Aakhirkar my bank statement clear kar diya aaj.","Finance"
"is weekend this month's rent pay karna hai.","Finance"
"Store mein a dining table pe badi sale lagi hai is mahine.","Shopping"
"aaj the office server reinstall karna pada.","Technology"
"is hafte online a laptop bag order kiya.","Shopping"
"Pata nahi kyun par purane dosto ki yaad aane se bahut proud lag raha hoon.","Mood/Emotion"
"Goa ke paas ek chhota sa hotel liya hai humne isliye abhi Darjeeling wali road trip ke liye check-in kar liya.","Travel"
"is mahine the coding assignment submit karna hai, jabki dopahar se the online course submit karna hai.","Education"
"a set of headphones ki delivery late ho rahi hai kuch minute pehle.","Shopping"
"agle mahine tak performance review complete karna hai.","Work/Office"
"It's hard to explain but I feel completely drained after a long day.","Mood/Emotion"
"thodi der mein the weather ke baare mein baat hui","General/Other"
"I'm still preparing for the final exams.","Education"
"Samajh nahi aa raha the mobile app itna slow kyun hai thodi der mein.","Technology"
"i had to reinstall the new software update since two days, while i can't figure out why my smartwatch app is so slow by Friday.","Technology"
"I took a half day since noon to catch up on the status update but i took a half day since Monday to catch up on the hiring paperwork.","Work/Office"
"a new smartphone ki delivery late ho rahi hai is hafte.","Shopping"
"dopahar se work from home karke hiring paperwork complete karunga.","Work/Office"
"Recovering slowly from swelling in my ankle a few minutes ago, and my brother suggested I see a specialist because of nausea.","Health"
"It's hard to explain but I feel a bit lonely since things didn't go as planned.","Mood/Emotion"
"mere colleague ne the final exams samjhaane mein madad ki","Education"
"professor ne bola my credit card bill review karo uske alawa my bank statement jaldi close karne ke liye paise bacha raha hoon.","Finance"
"Sach kahoon toh sab kuch ek saath ho raha hai isliye, mann bahut hopeful hai","Mood/Emotion"
"my manager helped me understand the semester project better, and i finally got my results for the entrance exam.","Education"
"I've been dealing with an ear infection a few minutes ago but i've started taking medicine for swelling in my ankle.","Health"
"I can't shake off this irritated feeling because I miss my old friends.","Mood/Emotion"
"Store mein a set of headphones pe badi sale lagi hai pichle hafte se, aur dopahar se online a kitchen mixer order kiya.","Shopping"
"medical se acidity ki tablet le aaya","Health"
"Store mein sunglasses pe badi sale lagi hai is weekend","Shopping"
"customer support helped me understand the final exams better.","Education"
"my email account won't connect to the internet today, but the new software update won't connect to the internet since Monday.","Technology"
"Aakhirkar the tax filing clear kar diya kuch ghanton se.","Finance"
"aajkal my password manager reinstall karna pada.","Technology"
"My credit card bill got auto-debited this morning so i need to pay the insurance premium next week.","Finance"
"There's a strange feeling of being very motivated after getting that message","Mood/Emotion"
"My monthly budget got auto-debited these days.","Finance"
"the new software update internet se connect hi nahi ho raha aaj.","Technology"
"My online banking got auto-debited just now.","Finance"
"I had to reinstall the new software update for a couple of hours.","Technology"
"a backpack ko different size mein exchange karwana hai kyunki mere cousin ne ek achi brand suggest ki sunglasses ke liye.","Shopping"
"Everyone at home was discussing the neighborhood cat since Monday.","General/Other"
"I've started taking medicine for joint pain.","Health"
"I noticed the new furniture we bought while walking this afternoon.","General/Other"
"the new software update suddenly stopped working since morning, but my password manager suddenly stopped working for the past three days.","Technology"
"pichle teen din se walk karte waqt the new furniture we bought dikha.","General/Other"
"kal raat se dost aa rahe hain aur a cheese pizza banane ka plan hai, jabki papa ne ek jagah bataayi jahan ka a vegetable stir fry zabardast hai.","Food"
"i had to reinstall my browser these days","Technology"
"i had to skip work due to a sore throat this afternoon, because i've been dealing with a migraine since last night.","Health"
"Samajh nahi aa raha the Wi-Fi router itna slow kyun hai agle hafte.","Technology"
"I finally cleared my online banking since last week and i need to pay the personal loan EMI since two days.","Finance"
"aajkal the operating system reinstall karna pada.","Technology"
"Hamari team sprint review pe atki hui hai kuch ghanton se.","Work/Office"
"Honestly, I feel overwhelmed because I miss my old friends.","Mood/Emotion"
"pichle hafte se dinner mein pancakes order kiya.","Food"
"The hotel in Goa upgraded our room for free.","Travel"
"Naye shoes order kiye.","Shopping"
"a set of headphones ki delivery late ho rahi hai Friday tak","Shopping"
"Sach kahoon toh news sunne ke baad, mann bahut santusht hai","Mood/Emotion"
"I noticed stomach pain this evening and it's not going away but i couldn't sleep properly because of a running nose last night.","Health"
"status update ki deadline aage badh gayi kal isliye code review ki deadline aage badh gayi raat se.","Work/Office"
"Bataana mushkil hai lekin us baat cheet ke baad bahut irritated hoon.","Mood/Emotion"
"a laptop bag pe zabardast discount mila.","Shopping"
"My savings account got auto-debited by Friday.","Finance"
"tacos ki delivery aane mein ek ghanta lag gaya uske alawa friday tak dost aa rahe hain aur momos banane ka plan hai.","Food"
"I took a half day since Monday to catch up on the vendor contract.","Work/Office"
"i'm nervous about the chemistry lab report scheduled since yesterday","Education"
"dopahar se wale the class test ko lekar nervous hoon","Education"
"Traffic ki wajah se connecting cab miss ho gayi.","Travel"
"I'm planning a trip to Goa since yesterday.","Travel"
"the Wi-Fi router internet se connect hi nahi ho raha Monday se aur samajh nahi aa raha my password manager itna slow kyun hai abhi.","Technology"
"I can't figure out why the operating system is so slow for a couple of hours.","Technology"
"code review ko lekar meeting hai is weekend","Work/Office"
"my email account achanak kaam karna band kar diya Monday se.","Technology"
"my mother is not happy with how the code review turned out so i submitted the performance review just now but haven't heard back yet.","Work/Office"
"Samajh nahi aa raha my external hard drive itna slow kyun hai aaj shaam ko isliye the company website internet se connect hi nahi ho raha kuch minute pehle.","Technology"
"There's a discrepancy in a fixed deposit that I need to resolve, and on top of that my friend advised me to review the tax filing.","Finance"
"my neighbor mentioned the new furniture we bought during our chat.","General/Other"
"my sister helped me understand physics better.","Education"
"I tried making idli sambar at home today.","Food"
"I ordered a winter jacket online since last night.","Shopping"
"mere roommate ne khush nahi hai status update ke result se lekin performance review ko lekar meeting hai pichle teen din se.","Work/Office"
"Mujhe kuch ghanton se aankhon mein dhundhlapan ho raha hai","Health"
"mere dost ne khush nahi hai vendor contract ke result se.","Work/Office"
"I have to present the onboarding documents in front of the leadership this weekend.","Work/Office"
"kal my phone reinstall karna pada","Technology"
"aajkal dinner mein dosa order kiya","Food"
"agle mahine Varanasi ke liye packing karni hai, jabki kuch minute pehle Udaipur ke liye packing karni hai.","Travel"
"yeh restless wala feeling jaa hi nahi raha future ke baare mein soch kar","Mood/Emotion"
"There's a strange feeling of being emotionally exhausted thinking about the future","Mood/Emotion"
"purane dosto ki yaad aane se, bas ek ajeeb sa restless feeling aa rahi hai.","Mood/Emotion"
"We talked about the weekend plans for a while since noon even though i noticed the long queue at the grocery store while walking this afternoon.","General/Other"
"I'll be working from home for the past three days to complete the code review, because we finally closed the code review this month.","Work/Office"
"my browser baar crash ho raha hai pichle hafte se.","Technology"
"I can't shake off this a little low feeling because nothing seems to be going right.","Mood/Emotion"
"Store mein a handbag pe badi sale lagi hai aajkal.","Shopping"
"There's a strange feeling of being really happy after that conversation.","Mood/Emotion"
"abhi dinner mein grilled sandwiches order kiya.","Food"
"Rishikesh wali connecting flight Friday tak delay ho gayi","Travel"
"Monday se walk karte waqt the family gathering this weekend dikha.","General/Other"
"kal the practical exam submit karna hai.","Education"
"kal thoda time the weekend plans sambhalne mein laga.","General/Other"
"papa ne ek achi brand suggest ki a study lamp ke liye","Shopping"
"monday se walk karte waqt the garden we're planting dikha","General/Other"
"I've been dealing with a sore throat since last night, and on top of that i feel like stomach pain is getting worse since last week.","Health"
"Poori dopahar Jaipur ke liye train aur flight compare karne mein nikal gayi, aakhir mein train hi sasti aur zyada scenic lagi.","Travel"
"seene mein jakadan ki wajah se kal kaam pe nahi ja paaya.","Health"
"Friday tak walk karte waqt the weather dikha","General/Other"
"abhi half day liya marketing plan complete karne ke liye, uske upar se hamari team code review pe atki hui hai kuch ghanton se.","Work/Office"
"is hafte the class test submit karna hai, jabki is mahine wale the coding assignment ko lekar nervous hoon.","Education"
"My this month's rent got auto-debited since yesterday","Finance"
"mere neighbor ne the new furniture we bought ka zikr kiya baat cheet mein.","General/Other"
"There's a strange feeling of being pretty disappointed thinking about the future.","Mood/Emotion"
"We talked about the weekend plans for a while just now.","General/Other"
"i finally cleared my bank statement this morning, and on top of that my the loan application got auto-debited this month.","Finance"
"pichle hafte se dost aa rahe hain aur a vegetable stir fry banane ka plan hai.","Food"
"Subah se hi poori tarah drained mehsoos ho raha hai cheezein plan ke hisaab se na hone ki wajah se.","Mood/Emotion"
"Subah se hi thoda anxious mehsoos ho raha hai cheezein plan ke hisaab se na hone ki wajah se","Mood/Emotion"
"kal the online course submit karna hai.","Education"
"kal raat se ghar pe pancakes banane ki koshish ki.","Food"
"Kerala wali flight kaafi comfortable thi.","Travel"
"kal se dinner mein pav bhaji order kiya.","Food"
"we're hosting friends this weekend and planning to make butter chicken","Food"
"store mein a kitchen mixer pe badi sale lagi hai is mahine, kyunki store mein a study lamp pe badi sale lagi hai kal se.","Shopping"
"my the insurance premium got auto-debited tomorrow","Finance"
"aakhirkar my monthly budget clear kar diya kal raat se","Finance"
"I had to reinstall my password manager these days, because i can't figure out why my laptop is so slow today.","Technology"
"I'm not in the mood to cook so we're getting momos.","Food"
"Our flight to Darjeeling got delayed since yesterday.","Travel"
"pichle teen din se my online banking pay karna hai.","Finance"
"Subah se hi hopeful mehsoos ho raha hai sab kuch ek saath ho raha hai isliye.","Mood/Emotion"
"Monday se online a laptop bag order kiya, par a backpack ki delivery late ho rahi hai is mahine.","Shopping"
"delivery wale ne hiring paperwork ke baare mein call rakhi hai aajkal, uske upar se teacher ne sprint review ke baare mein call rakhi hai kuch minute pehle.","Work/Office"
"our road trip to Bangalore got delayed next month","Travel"
"I'm planning a trip to Varanasi this month","Travel"
"It's hard to explain but I feel content without any clear reason.","Mood/Emotion"
"Friday tak my phone reinstall karna pada.","Technology"
"bataana mushkil hai lekin purane dosto ki yaad aane se bahut kaafi khush hoon","Mood/Emotion"
"I need to pack for Delhi last night while our overnight bus to Manali got delayed since two days.","Travel"
"We're hosting friends next week and planning to make dosa so i tried making momos at home since last night.","Food"
"my sister helped me understand the coding assignment better.","Education"
"i'm craving rajma chawal right now","Food"
"Abhi Ladakh wali overnight bus ke liye check-in kar liya.","Travel"
"I finally cleared the personal loan EMI for the past three days, and i finally cleared my mutual fund investment just now.","Finance"
"a backpack pe zabardast discount mila.","Shopping"
"monday se acidity thik nahi ho raha","Health"
"agle hafte the scholarship application submit karna hai.","Education"
"The store had a huge sale on a set of headphones just now.","Shopping"
"dukaandaar ne bola the loan application review karo","Finance"
"Our cab to Jaipur got delayed last night plus our road trip to Varanasi got delayed a few minutes ago.","Travel"
"There's a strange feeling of being really excited thinking about the future.","Mood/Emotion"
"agle mahine se halka bukhar thik nahi ho raha.","Health"
"abhi dinner mein a fruit salad order kiya.","Food"
"Everyone at home was discussing the long queue at the grocery store since last night.","General/Other"
"I'm planning a trip to Dubai this afternoon","Travel"
"Friday tak mathematics submit karna hai.","Education"
"I noticed the family gathering this weekend while walking for the past three days.","General/Other"
"We ordered pav bhaji for dinner from tomorrow.","Food"
"agle mahine random mein the weekend plans ki baat chal padi.","General/Other"
"the delivery guy recommended a place that serves amazing grilled sandwiches","Food"
"thodi der mein Jaipur ghumne ka plan bana raha hoon.","Travel"
"I finally cleared the personal loan EMI by Friday.","Finance"
"parso the weather ke baare mein baat hui.","General/Other"
"I've been feeling very motivated after that argument, and after a long day, I've just been feeling pretty disappointed.","Mood/Emotion"
"I've been dealing with stomach pain a few minutes ago.","Health"
"I can't shake off this irritated feeling since I've been so busy.","Mood/Emotion"
"I have to present the budget proposal in front of the leadership since yesterday","Work/Office"
"Our flight to Delhi got delayed for a couple of hours and i finally booked a road trip ticket to Jaipur.","Travel"
"aaj shaam ko dost aa rahe hain aur a vegetable stir fry banane ka plan hai.","Food"
"I need to pack for Bangalore since noon.","Travel"
"I need to reset the operating system completely plus the operating system keeps crashing in a while.","Technology"
"is mahine my external hard drive reinstall karna pada kyunki my laptop achanak kaam karna band kar diya agle hafte.","Technology"
"I need to pack for Bangalore for the past three days, but i just checked in for my local train to Ladakh.","Travel"
"my neighbor scheduled a call about the client presentation just now.","Work/Office"
"my boss recommended a good brand for a smartwatch, because i ordered a study lamp online these days.","Shopping"
"i have to present the sales deck in front of the leadership a few minutes ago","Work/Office"
"mere bhai ne bola status update revise karo aajkal.","Work/Office"
"the operating system keeps crashing since noon","Technology"
"kal raat se dost aa rahe hain aur grilled sandwiches banane ka plan hai.","Food"
"the family gathering this weekend came up randomly in conversation tomorrow because i was just thinking about the new furniture we bought.","General/Other"
"my smartwatch app baar crash ho raha hai pichle hafte se.","Technology"
"lunch skip karke seedha butter chicken kha liya halaanki friday tak dost aa rahe hain aur pancakes banane ka plan hai.","Food"
"project timeline submit kar diya aaj shaam ko lekin abhi tak reply nahi aaya, uske upar se doctor ne bola marketing plan revise karo is weekend.","Work/Office"
"the tax filing cover karne ke liye paise transfer kiye.","Finance"
"i ordered a formal shirt online this month","Shopping"
"subah se my external hard drive reinstall karna pada, aur the new software update achanak kaam karna band kar diya raat se.","Technology"
"Aakhirkar my online banking clear kar diya dopahar se par aakhirkar the electricity bill clear kar diya kuch ghanton se.","Finance"
"mere neighbor ne bola specialist ko dikhao chakkar ke liye.","Health"
"weakness has been bothering me these days.","Health"
"my email account keeps crashing this morning.","Technology"
"I've been dealing with loose motions this afternoon.","Health"
"after hearing the news I've just been feeling unusually calm","Mood/Emotion"
"We ordered a cheese pizza for dinner this weekend, while i tried making rajma chawal at home just now.","Food"
"I had to reinstall my browser since noon, but i can't figure out why my password manager is so slow right now.","Technology"
"the insurance premium ki wajah se budget dobara plan kar raha hoon aur aakhirkar my credit card bill clear kar diya kuch ghanton se.","Finance"
"the office printer baar crash ho raha hai aaj","Technology"
"kal se wale the final exams ko lekar nervous hoon.","Education"
"I ordered a backpack online this weekend.","Shopping"
"I ordered a dining table online since morning.","Shopping"
"The store had a huge sale on a set of headphones a few minutes ago.","Shopping"
"I need to pay the loan application today, and my credit card bill got auto-debited in a while.","Finance"
"The airport security took forever next week","Travel"
"I woke up feeling demotivated after finishing the task finally","Mood/Emotion"
"Poori raat jaagkar physics complete kiya.","Education"
"There's a meeting about the sales deck scheduled tomorrow.","Work/Office"
"Honestly, I feel a little low after finishing the task finally.","Mood/Emotion"
"agle mahine dost aa rahe hain aur paneer tikka banane ka plan hai, uske upar se kuch minute pehle dinner mein a vegetable stir fry order kiya.","Food"
"kal raat se the literature essay submit karna hai","Education"
"Our road trip to Dubai got delayed next month.","Travel"
"I had to reinstall the office printer since Monday.","Technology"
"mere bhai ne ek jagah bataayi jahan ka butter chicken zabardast hai kyunki monday se dinner mein a cheese pizza order kiya.","Food"
"Sach kahoon toh purane dosto ki yaad aane se, mann bahut stressed hai","Mood/Emotion"
"I tried making pancakes at home since two days","Food"
"raat se online a new smartphone order kiya, uske upar se mummy ne ek achi brand suggest ki a pair of jeans ke liye.","Shopping"
"I had to reinstall the new software update since Monday.","Technology"
"is weekend ghar pe biryani banane ki koshish ki aur mummy ne ek jagah bataayi jahan ka idli sambar zabardast hai.","Food"
"a sore throat has been bothering me this evening.","Health"
"The airport security took forever this morning.","Travel"
"I can't figure out why my smartwatch app is so slow in a while.","Technology"
"a documentary I watched came up randomly in conversation next month.","General/Other"
"Kal se migraine pareshan kar raha hai.","Health"
"Our team is stuck on the code review for the past three days.","Work/Office"
"Subah se hi ajeeb sa calm mehsoos ho raha hai cheezein plan ke hisaab se na hone ki wajah se.","Mood/Emotion"
"Store mein a study lamp pe badi sale lagi hai aajkal uske alawa delivery wale ne ek achi brand suggest ki a dining table ke liye.","Shopping"
"kal raat se the chemistry lab report submit karna hai.","Education"
"Goa wali train kaafi comfortable thi.","Travel"
"Aaj class cancel ho gayi.","Education"
"Ooty wali local train kaafi comfortable thi.","Travel"
"kamar dard ki wajah se agle mahine kaam pe nahi ja paaya","Health"
"I need to pay my salary this month, and on top of that i set up a reminder to pay my online banking.","Finance"
"Bank se my salary ke baare mein notification aayi","Finance"
"the teacher scheduled a call about the hiring paperwork a few minutes ago, while i submitted the team meeting notes in a while but haven't heard back yet.","Work/Office"
"Ghar pe sab the long queue at the grocery store ke baare mein baat kar rahe the kuch ghanton se.","General/Other"
"my mother helped me understand physics better.","Education"
"Dubai wali local train kaafi comfortable thi.","Travel"
"my brother asked me to revise the hiring paperwork since noon.","Work/Office"
"agle hafte online a dining table order kiya.","Shopping"
"aaj shaam ko se acidity thik nahi ho raha","Health"
"my neighbor recommended a place that serves amazing grilled sandwiches because we ordered grilled sandwiches for dinner for a couple of hours.","Food"
"agle mahine dinner mein noodles order kiya","Food"
"after hearing the news, I've just been feeling demotivated since there's a strange feeling of being overwhelmed since things didn't go as planned.","Mood/Emotion"
"boss ne ek achi brand suggest ki a study lamp ke liye","Shopping"
"I'm not sure whether to take a road trip or drive to Darjeeling, and on top of that our overnight bus to Delhi got delayed today.","Travel"
"subah se naak behna thik nahi ho raha.","Health"
"papa ne ek jagah bataayi jahan ka pancakes zabardast hai.","Food"
"a bad cough has been bothering me this month but i've been dealing with a bad cough for the past three days.","Health"
"i need to finish the quarterly report before since morning but i'll be working from home since noon to complete the project timeline.","Work/Office"
"I can't figure out why my password manager is so slow for the past three days.","Technology"
"The store had a huge sale on a winter jacket right now.","Shopping"
"kal my credit score pay karna hai.","Finance"
"Doctor ne bola hai ki thoda weight kam karo warna ghutno ka dard aur badh sakta hai aane wale dino mein.","Health"
"The delivery for a study lamp is delayed right now.","Shopping"
"dukaandaar ne ek jagah bataayi jahan ka idli sambar zabardast hai, par mere cousin ne ek jagah bataayi jahan ka dosa zabardast hai.","Food"
"The delivery for a kitchen mixer is delayed since last week.","Shopping"
"Monday se Shimla ke liye packing karni hai.","Travel"
"Subah se hi nervous mehsoos ho raha hai bina kisi wajah ke","Mood/Emotion"
"My a fixed deposit got auto-debited today.","Finance"
"my neighbor suggested I see a specialist because of a headache.","Health"
"I joined a study group for the history assignment.","Education"
"Recovering slowly from an ear infection next week.","Health"
"There's a meeting about the team meeting notes scheduled since two days, while i submitted the onboarding documents since last night but haven't heard back yet.","Work/Office"
"the new furniture we bought came up randomly in conversation a few minutes ago, but i noticed the long queue at the grocery store while walking in a while.","General/Other"
"dopahar se thoda time the noisy construction nearby sambhalne mein laga.","General/Other"
"Abhi my browser troubleshoot kar raha hoon.","Technology"
"boss ne bola specialist ko dikhao chakkar ke liye.","Health"
"my landlord helped me understand mathematics better.","Education"
"Everyone at home was discussing the long queue at the grocery store since yesterday","General/Other"
"i have to submit mathematics a few minutes ago, since i'm nervous about the class test scheduled since two days.","Education"
"the company website suddenly stopped working since morning","Technology"
"I'm waiting for my refund for a pair of running shoes.","Shopping"
"Samajh nahi aa raha local train loon ya khud drive karke Kerala jaaun.","Travel"
"Aakhirkar my credit score clear kar diya is weekend.","Finance"
"customer support wale ne ek achi brand suggest ki a study lamp ke liye","Shopping"
"I'm planning a trip to Kerala this morning, because our local train got cancelled due to bad weather.","Travel"
"I can't shake off this completely drained feeling since things didn't go as planned.","Mood/Emotion"
"i finally cleared a fixed deposit these days","Finance"
"Everyone at home was discussing the long queue at the grocery store a few minutes ago.","General/Other"
"mere neighbor ne the Wi-Fi router fix karne mein madad ki.","Technology"
"I need to pay the insurance premium this weekend.","Finance"
"Our cab to Udaipur got delayed in a while","Travel"
"I had to reinstall the company website for a couple of hours","Technology"
"My online banking got auto-debited this evening.","Finance"
"purane dosto ki yaad aane se bas ek ajeeb sa bahut overwhelmed feeling aa rahi hai","Mood/Emotion"
"my cousin advised me to review the personal loan EMI.","Finance"
"I spent some time dealing with an old photo album next month","General/Other"
"I'm nervous about the coding assignment scheduled since Monday, but i'm nervous about the practical exam scheduled since Monday.","Education"
"kal raat se wale the scholarship application ko lekar nervous hoon, isliye teacher ne the final exams ka extra homework de diya.","Education"
"aajkal random mein the traffic on the way home ki baat chal padi","General/Other"
"i submitted the sales deck this evening but haven't heard back yet","Work/Office"
"Store mein a study lamp pe badi sale lagi hai agle hafte, kyunki mere manager ne ek achi brand suggest ki a winter jacket ke liye.","Shopping"
"kal raat se random mein the family gathering this weekend ki baat chal padi.","General/Other"
"i've been dealing with chest tightness since last night, because i had to skip work due to weakness this weekend.","Health"
"I can't shake off this overwhelmed feeling after that argument.","Mood/Emotion"
"I'm nervous about the final exams scheduled since last week.","Education"
"store mein a set of headphones pe badi sale lagi hai aaj","Shopping"
"us baat cheet ke baad, bas ek ajeeb sa kaafi frustrated feeling aa rahi hai.","Mood/Emotion"
"Lately I feel so frustrated since I've been so busy, and I don't know why.","Mood/Emotion"
"the company website suddenly stopped working since yesterday.","Technology"
"meri behen ne the coding assignment samjhaane mein madad ki.","Education"
"aaj shaam ko physics submit karna hai.","Education"
"Store mein a pair of sneakers pe badi sale lagi hai agle hafte aur pichle hafte se online a backpack order kiya.","Shopping"
"There's a strange feeling of being overwhelmed thinking about the future since it's hard to explain but I feel really excited thinking about the future.","Mood/Emotion"
"Pata nahi kyun par news sunne ke baad bahut nervous lag raha hoon","Mood/Emotion"
"subah se Pune ke liye packing karni hai","Travel"
"everyone at home was discussing the weather next week even though the shopkeeper mentioned a documentary I watched during our chat.","General/Other"
"mere colleague ne ek jagah bataayi jahan ka paneer tikka zabardast hai.","Food"
"i spent some time dealing with the power cut yesterday in a while","General/Other"
"delivery wale ne ek jagah bataayi jahan ka a cheese pizza zabardast hai, par kuch minute pehle dost aa rahe hain aur pancakes banane ka plan hai.","Food"
"teacher ne bola my credit card bill review karo, jabki aakhirkar my salary clear kar diya Monday se.","Finance"
"kal raat se kaafi khaansi thik nahi ho raha, aur medical se naak behna ki tablet le aaya.","Health"
"Bataana mushkil hai lekin plan cancel hone ke baad bahut excited hoon.","Mood/Emotion"
"Store mein a winter jacket pe badi sale lagi hai raat se.","Shopping"
"Aaj clinic jaana hai acidity check karwane.","Health"
"kal raat se random mein a documentary I watched ki baat chal padi.","General/Other"
"Aakhirkar sprint review close kar diya abhi.","Work/Office"
"customer support recommended a good brand for a backpack","Shopping"
"My the loan application got auto-debited since last week.","Finance"
"The store had a huge sale on a kitchen mixer tomorrow","Shopping"
"ghar pe sab the neighbor's new dog ke baare mein baat kar rahe the is hafte","General/Other"
"aakhirkar the tax filing clear kar diya thodi der mein","Finance"
"I couldn't sleep properly because of an ear infection this evening, because i've been dealing with stomach pain this afternoon.","Health"
"Bangalore wali train kaafi comfortable thi.","Travel"
"parso ghar pe paneer tikka banane ki koshish ki","Food"
"Pata nahi kyun par bina kisi wajah ke bahut kaafi frustrated lag raha hoon.","Mood/Emotion"
"the delivery guy suggested I see a specialist because of back pain, though i feel like back pain is getting worse in a while.","Health"
"We're hosting friends by Friday and planning to make rajma chawal","Food"
"teacher ne the entrance exam samjhaane mein madad ki.","Education"
"boss ne ek jagah bataayi jahan ka momos zabardast hai.","Food"
"Aakhirkar team meeting notes close kar diya pichle teen din se kyunki onboarding documents ki deadline aage badh gayi abhi.","Work/Office"
"Abhi Pune wali train ke liye check-in kar liya.","Travel"
"I forgot the password for my email account.","Technology"
"agle mahine my laptop reinstall karna pada.","Technology"
"I've been dealing with body aches this afternoon.","Health"
"my laptop won't connect to the internet tomorrow.","Technology"
"parso half day liya sprint review complete karne ke liye par delivery wale ne hiring paperwork ke baare mein call rakhi hai do din se.","Work/Office"
"the office printer won't connect to the internet this afternoon but i updated the operating system and now nothing works properly.","Technology"
"I submitted the project timeline since morning but haven't heard back yet even though the deadline for the sprint review got moved up since two days.","Work/Office"
"customer support wale ne bola onboarding documents revise karo dopahar se.","Work/Office"
"abhi random mein the neighborhood cat ki baat chal padi.","General/Other"
"I tried making a vegetable stir fry at home since last week.","Food"
"the mobile app won't connect to the internet since last week, because the company website keeps crashing since last night.","Technology"
"I'm nervous about the chemistry lab report scheduled this month.","Education"
"I spent some time dealing with the traffic on the way home from tomorrow.","General/Other"
"Honestly, I feel overwhelmed without any clear reason.","Mood/Emotion"
"I ordered sunglasses online in a while.","Shopping"
"is weekend wale mathematics ko lekar nervous hoon, kyunki kal wale the coding assignment ko lekar nervous hoon.","Education"
"kuch ghanton se tak client presentation complete karna hai.","Work/Office"
"I ordered a pair of jeans online this evening plus the store had a huge sale on a dining table for a couple of hours.","Shopping"
"kal dinner mein a vegetable stir fry order kiya.","Food"
"honestly I feel really excited after getting that message","Mood/Emotion"
"kal se Kerala ke liye packing karni hai uske alawa kuch minute pehle Pune ke liye packing karni hai.","Travel"
"kal raat se wale physics ko lekar nervous hoon.","Education"
"Subah se hi ajeeb sa calm mehsoos ho raha hai aakhirkar kaam khatam karne ke baad","Mood/Emotion"
"I noticed the festival preparations while walking this afternoon.","General/Other"
"Aaj wifi kaam nahi kar raha.","Technology"
"Samajh nahi aa raha flight loon ya khud drive karke Pune jaaun kyunki varanasi wali local train aajkal delay ho gayi.","Travel"
"my sister mentioned the garden we're planting during our chat, so the festival preparations came up randomly in conversation just now.","General/Other"
"The a smartwatch I ordered arrived damaged.","Shopping"
"Monday se dinner mein pancakes order kiya.","Food"
"I feel like chest tightness is getting worse this weekend","Health"
"wo message padhne ke baad, bas ek ajeeb sa restless feeling aa rahi hai.","Mood/Emotion"
"kuch bhi thik nahi ho raha isliye, bas ek ajeeb sa akela feeling aa rahi hai.","Mood/Emotion"
"the doctor is not happy with how the client presentation turned out and there's a meeting about the audit checklist scheduled tomorrow.","Work/Office"
"do din se dinner mein pav bhaji order kiya, par aakhirkar butter chicken ki recipe perfect ho gayi meri.","Food"
"i can't figure out why my password manager is so slow by Friday","Technology"
"I joined a study group for the final exams last week, and honestly discussing tricky topics with others has helped me understand them so much better.","Education"
"it's hard to explain but I feel really happy because nothing seems to be going right","Mood/Emotion"
"the new furniture we bought came up randomly in conversation next week.","General/Other"
"I'm nervous about the final exams scheduled this evening while i have to submit physics since last week.","Education"
"a pair of running shoes ke refund ka wait kar raha hoon.","Shopping"
"i need to pay this month's rent this afternoon, but i finally cleared my credit score right now.","Finance"
"a sore throat has been bothering me today.","Health"
"is hafte ghar pe paneer tikka banane ki koshish ki.","Food"
"the train to Jaipur was surprisingly comfortable","Travel"
"My a fixed deposit got auto-debited last night.","Finance"
"aaj shaam ko random mein the long queue at the grocery store ki baat chal padi.","General/Other"
"loose motion ki wajah se kuch ghanton se kaam pe nahi ja paaya.","Health"
"i've been feeling demotivated after finishing the task finally","Mood/Emotion"
"mere bhai ne the long queue at the grocery store ka zikr kiya baat cheet mein","General/Other"
"I need to pay my savings account for the past three days, though i finally cleared my credit card bill a few minutes ago.","Finance"
"mummy ne bola thoda rest kar seene mein jakadan thik ho jayega isliye doctor ne bola thoda rest kar seene mein jakadan thik ho jayega.","Health"
"aajkal online a backpack order kiya","Shopping"
"is weekend Varanasi ghumne ka plan bana raha hoon.","Travel"
"i need to pack for Shimla a few minutes ago","Travel"
"Aakhirkar my bank statement clear kar diya pichle teen din se uske alawa mere colleague ne bola my credit card bill review karo.","Finance"
"I woke up feeling unusually calm thinking about the future.","Mood/Emotion"
"mere cousin ne bola specialist ko dikhao kaafi khaansi ke liye, aur kamzori ki wajah se kuch minute pehle kaam pe nahi ja paaya.","Health"
"Family gathering ke dauraan dadi ne apne bachpan ki kahaniyaan sunayi, aur pehli baar unki kuch baatein sunne ko mili.","General/Other"
"customer support wale ne bola specialist ko dikhao loose motion ke liye.","Health"
"We're hosting friends right now and planning to make biryani","Food"
"the new software update keeps crashing since two days.","Technology"
"kal raat se leadership ke saamne performance review present karna hai.","Work/Office"
"The delivery for a handbag is delayed this afternoon.","Shopping"
"the shopkeeper helped me understand the coding assignment better plus i have to submit the scholarship application since last night.","Education"
"Everyone at home was discussing the community meeting right now","General/Other"
"gale mein kharash ki wajah se agle hafte kaam pe nahi ja paaya.","Health"
"Samajh nahi aa raha my phone itna slow kyun hai aaj jabki professor ne my external hard drive fix karne mein madad ki.","Technology"
"is mahine dinner mein pav bhaji order kiya.","Food"
"Aakhirkar status update close kar diya is weekend.","Work/Office"
"dopahar se dost aa rahe hain aur biryani banane ka plan hai.","Food"
"the mobile app achanak kaam karna band kar diya subah se","Technology"
"parso Rishikesh ke liye packing karni hai","Travel"
"I ordered sunglasses online since last week.","Shopping"
"I have to submit the practical exam next month","Education"
"My appointment for acidity got rescheduled.","Health"
"i've been feeling overwhelmed because of everything going on lately","Mood/Emotion"
"thodi der mein dost aa rahe hain aur grilled sandwiches banane ka plan hai","Food"
"I have to submit the scholarship application for a couple of hours","Education"
"Mujhe is mahine se loose motion ho raha hai.","Health"
"We're hosting friends for a couple of hours and planning to make dosa while i skipped lunch and just had pancakes instead.","Food"
"I'll be working from home this morning to complete the project timeline.","Work/Office"
"I have to submit the practical exam this month.","Education"
"a backpack return kar raha hoon kyunki size fit nahi hui, lekin a new smartphone return kar raha hoon kyunki size fit nahi hui.","Shopping"
"my savings account auto-debit ho gaya aaj.","Finance"
"abhi tak code review complete karna hai.","Work/Office"
"pichle hafte se dinner mein dosa order kiya.","Food"
"Mujhe is hafte se sar dard ho raha hai.","Health"
"kal the Wi-Fi router reinstall karna pada.","Technology"
"my roommate scheduled a call about the hiring paperwork this evening.","Work/Office"
"my browser won't connect to the internet this evening.","Technology"
"My appointment for nausea got rescheduled.","Health"
"is hafte walk karte waqt the neighborhood cat dikha.","General/Other"
"my professor advised me to review the tax filing, and i need to pay the personal loan EMI since last week.","Finance"
"Bahut stressed feel ho raha hai.","Mood/Emotion"
"I can't figure out why my browser is so slow last night but my smartwatch app suddenly stopped working since two days.","Technology"
"I'll be working from home since last night to complete the performance review.","Work/Office"
"the weekend plans came up randomly in conversation since noon while everyone at home was discussing the neighbor's new dog last night.","General/Other"
"I finally cleared my bank statement tomorrow.","Finance"
"the operating system suddenly stopped working from tomorrow.","Technology"
"Store mein a dining table pe badi sale lagi hai kuch minute pehle, lekin store mein a smartwatch pe badi sale lagi hai aajkal.","Shopping"
"Friday tak budget proposal complete karna hai.","Work/Office"
"Checkup ke liye jaana padega acidity ke liye.","Health"
"professor ne bola thoda rest kar badan dard thik ho jayega, par mujhe dopahar se ghutno mein dard ho raha hai.","Health"
"Ghar pe sab the neighbor's new dog ke baare mein baat kar rahe the subah se.","General/Other"
"aaj my smartwatch app reinstall karna pada.","Technology"
"my email account suddenly stopped working since Monday.","Technology"
"my password manager won't connect to the internet since last night because my phone won't connect to the internet this evening.","Technology"
"I need to pay the loan application from tomorrow but i need to pay my mutual fund investment this month.","Finance"
"a new smartphone ki delivery late ho rahi hai kal, lekin store mein a laptop bag pe badi sale lagi hai aajkal.","Shopping"
"I submitted the code review this afternoon but haven't heard back yet.","Work/Office"
"i'm craving a cheese pizza right now","Food"
"mere neighbor ne ek achi brand suggest ki a new smartphone ke liye.","Shopping"
"subah se my monthly budget pay karna hai.","Finance"
"There's a strange feeling of being a bit lonely after finishing the task finally, since thinking about the future, I've just been feeling proud.","Mood/Emotion"
"raat se ghar pe tacos banane ki koshish ki, aur pichle teen din se dinner mein tacos order kiya.","Food"
"I have to submit the history assignment from tomorrow, though my roommate helped me understand the semester project better.","Education"
"Abhi my password manager troubleshoot kar raha hoon.","Technology"
"a sore throat has been bothering me since morning.","Health"
"We're hosting friends this evening and planning to make momos.","Food"
"My mutual fund investment got auto-debited last night.","Finance"
"I'm nervous about the literature essay scheduled next month, but i'm nervous about the literature essay scheduled this weekend.","Education"
"kal raat se ghar pe tacos banane ki koshish ki.","Food"
"professor ne bola team meeting notes revise karo abhi.","Work/Office"
"I finally cleared my salary this weekend.","Finance"
"thodi der mein the long queue at the grocery store ke baare mein baat hui.","General/Other"
"The delivery for a kitchen mixer is delayed since two days, and on top of that the store had a huge sale on a winter jacket since last night.","Shopping"
"the operating system suddenly stopped working by Friday","Technology"
"raat se online a pair of sneakers order kiya.","Shopping"
"kal se dost aa rahe hain aur a fruit salad banane ka plan hai, lekin pichle hafte se dinner mein butter chicken order kiya.","Food"
"I tried making pav bhaji at home since two days.","Food"
"boss ne khush nahi hai budget proposal ke result se","Work/Office"
"i have to present the audit checklist in front of the leadership by Friday","Work/Office"
"dopahar se wale the chemistry lab report ko lekar nervous hoon, jabki do din se the entrance exam submit karna hai.","Education"
"kal raat se dinner mein a fruit salad order kiya.","Food"
"We ordered butter chicken for dinner since noon.","Food"
"Airport pe security check mein bahut time laga pichle teen din se.","Travel"
"Varanasi wali cab do din se delay ho gayi.","Travel"
"kal raat se wale the final exams ko lekar nervous hoon.","Education"
"I tried making a fruit salad at home since morning.","Food"
"parso online sunglasses order kiya.","Shopping"
"I tried making a vegetable stir fry at home this morning.","Food"
"We should talk about the new furniture we bought sometime this week.","General/Other"
"do din se wale the final exams ko lekar nervous hoon, isliye the class test expectation se zyada tough nikal raha hai.","Education"
"Aaj rent due hai.","Finance"
"We're hosting friends just now and planning to make a vegetable stir fry.","Food"
"professor ne the noisy construction nearby ka zikr kiya baat cheet mein","General/Other"
"Bank balance kam hai.","Finance"
"I'm planning a trip to Kolkata since yesterday.","Travel"
"I can't figure out why the office server is so slow since two days.","Technology"
"I need to pay my monthly budget this month, while i finally cleared my savings account this afternoon.","Finance"
"We talked about the new furniture we bought for a while since yesterday though i spent some time dealing with the garden we're planting last night.","General/Other"
"Our local train to Goa got delayed since morning.","Travel"
"dopahar se half day liya team meeting notes complete karne ke liye, par audit checklist ki deadline aage badh gayi subah se.","Work/Office"
"teacher ne audit checklist ke baare mein call rakhi hai aaj","Work/Office"
"kal dinner mein biryani order kiya","Food"
"sach kahoon toh aakhirkar kaam khatam karne ke baad mann bahut thoda anxious hai","Mood/Emotion"
"Our itinerary for Singapore includes a lot of sightseeing because our itinerary for Manali includes a lot of sightseeing.","Travel"
"I have to submit the entrance exam last night.","Education"
"I've been dealing with chest tightness since yesterday.","Health"
"Mujhe kuch minute pehle se ghutno mein dard ho raha hai uske alawa dukaandaar ne bola specialist ko dikhao seene mein jakadan ke liye.","Health"
"raat se work from home karke project timeline complete karunga","Work/Office"
"is hafte tak hiring paperwork complete karna hai.","Work/Office"
"Monday se the entrance exam submit karna hai, uske upar se friday tak wale the thesis draft ko lekar nervous hoon.","Education"
"Us naye cafe ka pancakes bahut mehenga tha.","Food"
"Dhire migraine se recover kar raha hoon.","Health"
"dukaandaar ne the operating system fix karne mein madad ki, par my phone internet se connect hi nahi ho raha parso.","Technology"
"subah se dinner mein pancakes order kiya.","Food"
"the tax filing auto-debit ho gaya aajkal","Finance"
"Aakhirkar my bank statement clear kar diya kuch ghanton se","Finance"
"the operating system suddenly stopped working this afternoon and i had to reinstall the new software update tomorrow.","Technology"
"We ordered a fruit salad for dinner in a while even though i tried making paneer tikka at home last night.","Food"
"i've been feeling hopeful after that argument","Mood/Emotion"
"the mobile app internet se connect hi nahi ho raha subah se, lekin my external hard drive baar crash ho raha hai agle hafte.","Technology"
"I noticed stomach pain this morning and it's not going away.","Health"
"my laptop internet se connect hi nahi ho raha kuch ghanton se.","Technology"
"do din se thoda time the weather sambhalne mein laga.","General/Other"
"I tried making momos at home since morning.","Food"
"my credit card bill auto-debit ho gaya Monday se.","Finance"
"the long queue at the grocery store came up randomly in conversation tomorrow","General/Other"
"the pav bhaji at that new cafe was overpriced because we're hosting friends this weekend and planning to make a cheese pizza.","Food"
"plan cancel hone ke baad, bas ek ajeeb sa ajeeb sa calm feeling aa rahi hai","Mood/Emotion"
"I ordered a smartwatch online by Friday.","Shopping"
"my boss advised me to review the loan application.","Finance"
"Yeh kaafi disappointed wala feeling jaa hi nahi raha purane dosto ki yaad aane se.","Mood/Emotion"
"Bas ghar pe relax kar raha hoon.","General/Other"
"I have to submit the scholarship application just now.","Education"
"my father helped me understand the practical exam better.","Education"
"the weekend plans came up randomly in conversation a few minutes ago","General/Other"
"I need to pack for Dubai tomorrow","Travel"
"kuch ghanton se gale mein kharash thik nahi ho raha.","Health"
"subah se pet dard thik nahi ho raha, lekin meri behen ne bola thoda rest kar acidity thik ho jayega.","Health"
"the shopkeeper advised me to review my bank statement.","Finance"
"the company website achanak kaam karna band kar diya aaj.","Technology"
"Aakhirkar sales deck close kar diya pichle teen din se, kyunki kal se half day liya team meeting notes complete karne ke liye.","Work/Office"
"acidity ki wajah se raat se kaam pe nahi ja paaya","Health"
"the company website suddenly stopped working next month, because the office server won't connect to the internet since morning.","Technology"
"the operating system keeps crashing since yesterday.","Technology"
"doctor ne bola thoda rest kar chakkar thik ho jayega lekin kal raat se acidity thik nahi ho raha.","Health"
"i finally cleared the loan application for a couple of hours","Finance"
"raat se Pune ke liye packing karni hai.","Travel"
"Subah se hi proud mehsoos ho raha hai bina kisi wajah ke.","Mood/Emotion"
"is hafte walk karte waqt the garden we're planting dikha.","General/Other"
"dopahar se the semester project submit karna hai.","Education"
"I'm planning a trip to Ooty this morning even though i need to pack for Jaipur next week.","Travel"
"I need to pay the insurance premium for a couple of hours even though the teacher advised me to review the loan application.","Finance"
"aaj work from home karke vendor contract complete karunga.","Work/Office"
"my mutual fund investment auto-debit ho gaya kal se, lekin my mutual fund investment mein kuch mismatch hai jise sort karna hai.","Finance"
"Bataana mushkil hai lekin sab kuch ek saath ho raha hai isliye bahut emotionally thaka hua hoon.","Mood/Emotion"
"professor ne bola onboarding documents revise karo is hafte","Work/Office"
"I updated my smartwatch app and now nothing works properly.","Technology"
"pichle hafte se dinner mein pav bhaji order kiya.","Food"
"kuch minute pehle wale the group presentation ko lekar nervous hoon.","Education"
"It's been a quiet day, mostly thinking about the neighborhood cat since we talked about the traffic on the way home for a while since last week.","General/Other"
"Bataana mushkil hai lekin plan cancel hone ke baad bahut emotionally thaka hua hoon.","Mood/Emotion"
"I tried making rajma chawal at home since last week.","Food"
"my laptop internet se connect hi nahi ho raha aaj shaam ko, aur doctor ne the office printer fix karne mein madad ki.","Technology"
"mere manager ne ek achi brand suggest ki sunglasses ke liye.","Shopping"
"I need to pay this month's rent today.","Finance"
"I'm nervous about the entrance exam scheduled since two days, but the doctor helped me understand the literature essay better.","Education"
"The cab to Bangalore was surprisingly comfortable.","Travel"
"Yeh kaafi frustrated wala feeling jaa hi nahi raha plan cancel hone ke baad.","Mood/Emotion"
"I ordered a laptop bag online since two days.","Shopping"
"I need to pay my credit card bill since morning but my brother advised me to review my online banking.","Finance"
"Samajh nahi aa raha the office printer itna slow kyun hai kal raat se","Technology"
"our team is stuck on the team meeting notes since yesterday","Work/Office"
"Honestly, I feel demotivated after that conversation.","Mood/Emotion"
"the insurance premium auto-debit ho gaya kuch minute pehle, jabki pichle hafte se my monthly budget pay karna hai.","Finance"
"my brother helped me understand the class test better.","Education"
"It's hard to explain but I feel irritated because I miss my old friends, so there's a strange feeling of being a little low after that conversation.","Mood/Emotion"
"dukaandaar ne client presentation ke baare mein call rakhi hai is mahine","Work/Office"
"subah se hi bahut excited mehsoos ho raha hai cheezein plan ke hisaab se na hone ki wajah se","Mood/Emotion"
"I noticed a migraine since two days and it's not going away.","Health"
"Aakhirkar team meeting notes close kar diya Friday tak.","Work/Office"
"I had to reinstall my smartwatch app since two days, because my password manager suddenly stopped working next week.","Technology"
"Bangalore wali cab kal delay ho gayi.","Travel"
"We ordered momos for dinner since Monday","Food"
"the doctor helped me understand physics better.","Education"
"Store mein a new smartphone pe badi sale lagi hai Friday tak.","Shopping"
"Aakhirkar this month's rent clear kar diya agle hafte.","Finance"
"my credit score auto-debit ho gaya parso.","Finance"
"The store had a huge sale on a pair of jeans since yesterday.","Shopping"
"pichle teen din se online a winter jacket order kiya, aur store mein a new smartphone pe badi sale lagi hai abhi.","Shopping"
"I need to reset my phone completely.","Technology"
"mere neighbor ne ek achi brand suggest ki a pair of running shoes ke liye.","Shopping"
"I woke up feeling completely drained since I've been so busy though i can't shake off this overwhelmed feeling after finishing the task finally.","Mood/Emotion"
"We ordered dosa for dinner since morning.","Food"
"I can't figure out why the mobile app is so slow since noon","Technology"
"teacher ne bola hiring paperwork revise karo aajkal.","Work/Office"
"I tried making rajma chawal at home this weekend.","Food"
"I found a great discount on sunglasses.","Shopping"
"Aajkal bahut overwhelmed feel ho raha hai future ke baare mein soch kar.","Mood/Emotion"
"My a fixed deposit got auto-debited in a while because my the insurance premium got auto-debited since morning.","Finance"
"Store mein sunglasses pe badi sale lagi hai aajkal.","Shopping"
"Aakhirkar my salary clear kar diya aajkal.","Finance"
"I spent some time dealing with the garden we're planting this evening.","General/Other"
"i spent some time dealing with a documentary I watched next week","General/Other"
"I've been feeling proud without any clear reason.","Mood/Emotion"
"boss ne client presentation ke baare mein call rakhi hai is weekend.","Work/Office"
"The store had a huge sale on a kitchen mixer by Friday.","Shopping"
"I noticed a headache right now and it's not going away while i noticed a migraine in a while and it's not going away.","Health"
"My online banking got auto-debited today.","Finance"
"Honestly, I feel restless since I've been so busy.","Mood/Emotion"
"the online course is turning out to be tougher than I expected.","Education"
"Aakhirkar this month's rent clear kar diya kuch ghanton se","Finance"
"The store had a huge sale on a set of headphones by Friday","Shopping"
"delivery wale ne bola specialist ko dikhao naak behna ke liye","Health"
"I'm nervous about the semester project scheduled for the past three days, because i'm nervous about the thesis draft scheduled today.","Education"
"The local train to Kolkata was surprisingly comfortable, and on top of that i'm not sure whether to take a connecting flight or drive to Singapore.","Travel"
"bataana mushkil hai lekin us bahas ke baad bahut restless hoon","Mood/Emotion"
"Hamari team budget proposal pe atki hui hai dopahar se, jabki dukaandaar ne team meeting notes ke baare mein call rakhi hai aajkal.","Work/Office"
"my landlord mentioned the neighbor's new dog during our chat.","General/Other"
"I woke up feeling quite anxious after a long day.","Mood/Emotion"
"the office server keeps crashing just now","Technology"
"the office printer internet se connect hi nahi ho raha aaj.","Technology"
"My bank statement got auto-debited since morning","Finance"
"meri behen ne the final exams samjhaane mein madad ki.","Education"
"Our team is stuck on the budget proposal right now","Work/Office"
"Aajkal bahut motivated feel ho raha hai sab kuch ek saath ho raha hai isliye.","Mood/Emotion"
"since things didn't go as planned I've just been feeling extremely stressed","Mood/Emotion"
"the doctor advised me to review my mutual fund investment","Finance"
"pichle hafte se tak audit checklist complete karna hai.","Work/Office"
"my friend mentioned a documentary I watched during our chat.","General/Other"
"I spent some time dealing with the community meeting this morning.","General/Other"
"do din se naak behna thik nahi ho raha par aaj clinic jaana hai seene mein jakadan check karwane.","Health"
"subah se dost aa rahe hain aur paneer tikka banane ka plan hai isliye aaj ghar pe a vegetable stir fry banane ki koshish ki.","Food"
"Store mein a pair of sneakers pe badi sale lagi hai kuch ghanton se","Shopping"
"customer support advised me to review the insurance premium.","Finance"
"My a fixed deposit got auto-debited this morning, and on top of that i need to pay my salary this morning.","Finance"
"Mumbai wali overnight bus kaafi comfortable thi.","Travel"
"i read something interesting about the garden we're planting, and on top of that we should talk about the weather sometime this week.","General/Other"
"Store mein a kitchen mixer pe badi sale lagi hai parso.","Shopping"
"I noticed stomach pain since last night and it's not going away.","Health"
"delivery wale ne the company website fix karne mein madad ki.","Technology"
"I took a half day since yesterday to catch up on the performance review","Work/Office"
"Friday tak Jaipur ghumne ka plan bana raha hoon.","Travel"
"I ordered a pair of sneakers online this afternoon but the store had a huge sale on sunglasses since yesterday.","Shopping"
"I submitted the status update since yesterday but haven't heard back yet, but i'll be working from home since morning to complete the budget proposal.","Work/Office"
"marketing plan submit kar diya dopahar se lekin abhi tak reply nahi aaya aur aakhirkar sprint review close kar diya raat se.","Work/Office"
"kal se chakkar pareshan kar raha hai","Health"
"It's been a quiet day, mostly thinking about the community meeting.","General/Other"
"is mahine thoda time the festival preparations sambhalne mein laga.","General/Other"
"Bas ek reminder the power cut yesterday ke baare mein.","General/Other"
"Rishikesh ke paas ek chhota sa hotel liya hai humne.","Travel"
"kal raat se this month's rent pay karna hai jabki pichle teen din se my credit score pay karna hai.","Finance"
"We're hosting friends since morning and planning to make dosa","Food"
"We finally closed the code review tomorrow.","Work/Office"
"I had to skip work due to joint pain since Monday","Health"
"i tried making a vegetable stir fry at home just now","Food"
"landlord ne bola a fixed deposit review karo lekin doctor ne bola the insurance premium review karo.","Finance"
"customer support wale ne ek jagah bataayi jahan ka idli sambar zabardast hai.","Food"
"I tried making butter chicken at home right now.","Food"
"Singapore wali local train kaafi comfortable thi.","Travel"
"I have to submit the online course these days.","Education"
"I need to pay my salary since noon and i finally cleared the electricity bill just now.","Finance"
"meri behen ne the thesis draft samjhaane mein madad ki aur pichle hafte se wale the chemistry lab report ko lekar nervous hoon.","Education"
"audit checklist ko lekar meeting hai abhi.","Work/Office"
"boss ne bola thoda rest kar acidity thik ho jayega","Health"
"Ladakh wali train pichle teen din se delay ho gayi.","Travel"
"mere roommate ne the practical exam samjhaane mein madad ki, aur subah se the practical exam submit karna hai.","Education"
"The deadline for the team meeting notes got moved up next month.","Work/Office"
"The store had a huge sale on a new smartphone since two days plus the delivery for a pair of sneakers is delayed since last week.","Shopping"
"delivery wale ne bola thoda rest kar jee michlana thik ho jayega.","Health"
"agle hafte half day liya audit checklist complete karne ke liye uske alawa is weekend tak quarterly report complete karna hai.","Work/Office"
"i have to submit the final exams since last night","Education"
"My professor extended the deadline for the coding assignment.","Education"
"my colleague advised me to review the electricity bill plus i finally cleared my credit card bill right now.","Finance"
"my roommate recommended a place that serves amazing idli sambar, while my brother recommended a place that serves amazing biryani.","Food"
"the store had a huge sale on sunglasses this weekend because the doctor recommended a good brand for a backpack.","Shopping"
"abhi online a winter jacket order kiya.","Shopping"
"the hotel in Varanasi upgraded our room for free","Travel"
"my mutual fund investment got auto-debited by Friday","Finance"
"i'm still preparing for the chemistry lab report","Education"
"We ordered paneer tikka for dinner just now though the teacher recommended a place that serves amazing pasta.","Food"
"mere cousin ne ek achi brand suggest ki a study lamp ke liye.","Shopping"
"It's hard to explain but I feel really excited since I've been so busy.","Mood/Emotion"
"a pair of jeans ki delivery late ho rahi hai agle hafte.","Shopping"
"Aajkal emotionally thaka hua feel ho raha hai news sunne ke baad","Mood/Emotion"
"Lately I feel irritated because I miss my old friends, and I don't know why but because I miss my old friends, I've just been feeling overwhelmed.","Mood/Emotion"
"the chemistry lab report ke liye ek study group join kiya.","Education"
"I've been feeling restless after that conversation.","Mood/Emotion"
"pata nahi kyun par bina kisi wajah ke bahut thoda anxious lag raha hoon","Mood/Emotion"
"subah se kamzori thik nahi ho raha.","Health"
"raat se ghar pe paneer tikka banane ki koshish ki.","Food"
"the noisy construction nearby came up randomly in conversation tomorrow.","General/Other"
"aajkal Singapore ghumne ka plan bana raha hoon.","Travel"
"pichle hafte se physics submit karna hai.","Education"
"is weekend dinner mein pasta order kiya.","Food"
"is hafte dinner mein a vegetable stir fry order kiya par kal se dost aa rahe hain aur momos banane ka plan hai.","Food"
"the mobile app suddenly stopped working right now because my email account won't connect to the internet since last night.","Technology"
"do din se dinner mein paneer tikka order kiya.","Food"
"Aakhirkar status update close kar diya dopahar se.","Work/Office"
"parso walk karte waqt the family gathering this weekend dikha.","General/Other"
"kal se the entrance exam submit karna hai, uske upar se raat se the practical exam submit karna hai.","Education"
"my phone baar crash ho raha hai thodi der mein, kyunki my external hard drive achanak kaam karna band kar diya is hafte.","Technology"
"There's a strange feeling of being irritated because nothing seems to be going right but i woke up feeling restless since I've been so busy.","Mood/Emotion"
"kal online a laptop bag order kiya","Shopping"
"I'm planning a trip to Varanasi this evening even though our local train to Mumbai got delayed since noon.","Travel"
"the noisy construction nearby came up randomly in conversation today.","General/Other"
"I have to submit physics just now.","Education"
"mujhe raat se acidity ho raha hai","Health"
"Subah se hi restless mehsoos ho raha hai wo message padhne ke baad.","Mood/Emotion"
"Cook karne ka mann nahi hai isliye butter chicken order kar rahe hain.","Food"
"kal tak project timeline complete karna hai.","Work/Office"
"Honestly, I feel completely drained after getting that message.","Mood/Emotion"
"kal ghar pe pav bhaji banane ki koshish ki.","Food"
"landlord ne the entrance exam samjhaane mein madad ki.","Education"
"i've been feeling a little low since the plans got cancelled","Mood/Emotion"
"is weekend se pet dard thik nahi ho raha.","Health"
"kal raat se Shimla ghumne ka plan bana raha hoon.","Travel"
"I'm trying to figure out my monthly budget this month.","Finance"
"I'm nervous about the entrance exam scheduled from tomorrow.","Education"
"I can't figure out why the new software update is so slow for a couple of hours.","Technology"
"Aakhirkar audit checklist close kar diya is weekend, kyunki raat se half day liya audit checklist complete karne ke liye.","Work/Office"
"aaj clinic jaana hai chakkar check karwane","Health"
"Pata nahi kyun par kuch bhi thik nahi ho raha isliye bahut irritated lag raha hoon.","Mood/Emotion"
"I tried making pasta at home since Monday since i tried making idli sambar at home these days.","Food"
"I noticed a migraine this weekend and it's not going away.","Health"
"Jo a pair of running shoes order kiya tha wo damaged aaya, kyunki landlord ne ek achi brand suggest ki a formal shirt ke liye.","Shopping"
"a laptop bag ki delivery late ho rahi hai Friday tak isliye store mein a pair of running shoes pe badi sale lagi hai aaj shaam ko.","Shopping"
"My credit score got auto-debited this month.","Finance"
"landlord ne ek achi brand suggest ki a study lamp ke liye.","Shopping"
"kal physics submit karna hai.","Education"
"We ordered pancakes for dinner just now.","Food"
"I'm planning a trip to Darjeeling since morning.","Travel"
"Samajh nahi aa raha the operating system itna slow kyun hai abhi.","Technology"
"kuch ghanton se my phone reinstall karna pada, aur the office printer baar crash ho raha hai dopahar se.","Technology"
"I ordered a pair of jeans online next month.","Shopping"
"my boss helped me understand physics better.","Education"
"subah se online a study lamp order kiya.","Shopping"
"I ordered a set of headphones online from tomorrow.","Shopping"
"raat se online a dining table order kiya.","Shopping"
"mere roommate ne the festival preparations ka zikr kiya baat cheet mein.","General/Other"
"My savings account got auto-debited since last week plus my boss advised me to review my bank statement.","Finance"
"aajkal dost aa rahe hain aur butter chicken banane ka plan hai.","Food"
"aakhirkar my savings account clear kar diya is weekend, isliye aakhirkar the loan application clear kar diya kal.","Finance"
"my smartwatch app baar crash ho raha hai dopahar se","Technology"
"mere manager ne bola specialist ko dikhao gale mein kharash ke liye.","Health"
"my father mentioned the power cut yesterday during our chat.","General/Other"
"We finally closed the project timeline just now.","Work/Office"
"my brother mentioned the festival preparations during our chat and we talked about the neighborhood cat for a while right now.","General/Other"
"Aakhirkar quarterly report close kar diya Friday tak.","Work/Office"
"my colleague scheduled a call about the marketing plan for the past three days.","Work/Office"
"kal online a kitchen mixer order kiya.","Shopping"
"subah se hi ajeeb sa calm mehsoos ho raha hai us baat cheet ke baad","Mood/Emotion"
"boss ne my phone fix karne mein madad ki.","Technology"
"I spent some time dealing with the family gathering this weekend this afternoon.","General/Other"
"the new software update achanak kaam karna band kar diya Monday se.","Technology"
"dopahar se wale the coding assignment ko lekar nervous hoon.","Education"
"i took a half day for a couple of hours to catch up on the status update","Work/Office"
"I spent some time dealing with the neighborhood cat right now.","General/Other"
"i need to pack for Udaipur since morning","Travel"
"My the tax filing got auto-debited since two days, but i finally cleared my monthly budget next week.","Finance"
"I took a half day since noon to catch up on the team meeting notes.","Work/Office"
"meri behen ne ek achi brand suggest ki a pair of running shoes ke liye kyunki subah se online a pair of running shoes order kiya.","Shopping"
"Recovering slowly from chest tightness this evening","Health"
"kal wale the history assignment ko lekar nervous hoon","Education"
"I have to submit physics last night.","Education"
"our train to Singapore got delayed last night","Travel"
"my neighbor helped me understand the practical exam better","Education"
"We talked about an old photo album for a while a few minutes ago.","General/Other"
"thodi der mein ghar pe pancakes banane ki koshish ki","Food"
"raat se online a pair of running shoes order kiya.","Shopping"
"dosa bahut spicy tha, poora khaya hi nahi gaya.","Food"
"Hamari team status update pe atki hui hai aajkal, jabki hamari team performance review pe atki hui hai agle mahine.","Work/Office"
"my online banking jaldi close karne ke liye paise bacha raha hoon","Finance"
"Abhi Goa wali local train ke liye check-in kar liya kyunki abhi Rishikesh wali local train ke liye check-in kar liya.","Travel"
"I'm planning a trip to Kerala last night, but i'm planning a trip to Goa right now.","Travel"
"I tried making rajma chawal at home a few minutes ago, though my roommate recommended a place that serves amazing grilled sandwiches.","Food"
"is mahine online a winter jacket order kiya.","Shopping"
"Shimla wali connecting flight Monday se delay ho gayi.","Travel"
"landlord ne the history assignment samjhaane mein madad ki lekin mere bhai ne the group presentation samjhaane mein madad ki.","Education"
"Recovering slowly from blurry vision since last night.","Health"
"i finally perfected my recipe for pasta","Food"
"marketing plan ko lekar meeting hai abhi","Work/Office"
"doctor ne the operating system fix karne mein madad ki, isliye the company website baar crash ho raha hai kuch ghanton se.","Technology"
"my online banking auto-debit ho gaya kal.","Finance"
"I need to pay this month's rent in a while.","Finance"
"I'm not in the mood to cook so we're getting biryani.","Food"
"mere roommate ne the online course samjhaane mein madad ki.","Education"
"aaj wale the history assignment ko lekar nervous hoon, par pichle teen din se the online course submit karna hai.","Education"
"papa ne bola thoda rest kar kamzori thik ho jayega.","Health"
"acidity has been bothering me today","Health"
"Ghar pe sab the weather ke baare mein baat kar rahe the kuch ghanton se.","General/Other"
"performance review submit kar diya raat se lekin abhi tak reply nahi aaya","Work/Office"
"my roommate helped me fix the Wi-Fi router","Technology"
"Friday tak the group presentation submit karna hai uske alawa doctor ne the thesis draft samjhaane mein madad ki.","Education"
"agle hafte wale the literature essay ko lekar nervous hoon.","Education"
"Aakhirkar my bank statement clear kar diya thodi der mein.","Finance"
"kuch ghanton se leadership ke saamne client presentation present karna hai.","Work/Office"
"abhi dost aa rahe hain aur grilled sandwiches banane ka plan hai.","Food"
"parso wale mathematics ko lekar nervous hoon.","Education"
"Jaipur wali cab thodi der mein delay ho gayi","Travel"
"I noticed the family gathering this weekend while walking this month.","General/Other"
"There's a meeting about the quarterly report scheduled since Monday.","Work/Office"
"my mutual fund investment auto-debit ho gaya is weekend","Finance"
"pichle hafte se dinner mein pasta order kiya halaanki thodi der mein dost aa rahe hain aur noodles banane ka plan hai.","Food"
"teacher ne ek jagah bataayi jahan ka pasta zabardast hai kyunki kuch ghanton se dinner mein momos order kiya.","Food"
"meri behen ne bola thoda rest kar loose motion thik ho jayega.","Health"
"my brother helped me fix the operating system","Technology"
"mere bhai ne ek achi brand suggest ki a dining table ke liye.","Shopping"
"I ordered a set of headphones online just now and the delivery for a new smartphone is delayed since Monday.","Shopping"
"my sister asked me to revise the client presentation today.","Work/Office"
"kal dinner mein tacos order kiya.","Food"
"aajkal wale the coding assignment ko lekar nervous hoon jabki the semester project expectation se zyada tough nikal raha hai.","Education"
"I've been feeling demotivated after hearing the news.","Mood/Emotion"
"i tried making pasta at home by Friday, since i tried making a fruit salad at home right now.","Food"
"kal raat se dost aa rahe hain aur paneer tikka banane ka plan hai, isliye monday se ghar pe a vegetable stir fry banane ki koshish ki.","Food"
"nausea has been bothering me this afternoon.","Health"
"I'm planning to visit the clinic because of a mild fever.","Health"
"Purana my browser baar hang hota tha isliye naya le liya","Technology"
"Our overnight bus to Varanasi got delayed this weekend.","Travel"
"my smartwatch app internet se connect hi nahi ho raha dopahar se.","Technology"
"We ordered biryani for dinner next week.","Food"
"I tried making momos at home in a while","Food"
"my neighbor suggested I see a specialist because of acidity, and on top of that my professor suggested I see a specialist because of a running nose.","Health"
"kuch minute pehle tak quarterly report complete karna hai par monday se work from home karke audit checklist complete karunga.","Work/Office"
"Recovering slowly from nausea just now.","Health"
"We talked about the weekend plans for a while since morning.","General/Other"
"raat se walk karte waqt the power cut yesterday dikha.","General/Other"
"raat se ghar pe pav bhaji banane ki koshish ki.","Food"
"aaj my email account reinstall karna pada.","Technology"
"I just checked in for my road trip to Singapore.","Travel"
"the personal loan EMI auto-debit ho gaya raat se uske alawa mere colleague ne bola the electricity bill review karo.","Finance"
"a pair of running shoes ki delivery late ho rahi hai parso kyunki teacher ne ek achi brand suggest ki a dining table ke liye.","Shopping"
"I can't figure out why the Wi-Fi router is so slow since two days.","Technology"
"kal raat se dost aa rahe hain aur idli sambar banane ka plan hai.","Food"
"aajkal dost aa rahe hain aur idli sambar banane ka plan hai.","Food"
"seene mein jakadan ki wajah se raat bhar so nahi paaya uske alawa mere colleague ne bola thoda rest kar halka bukhar thik ho jayega.","Health"
"i've been feeling really excited since the plans got cancelled","Mood/Emotion"
"dopahar se walk karte waqt the weekend plans dikha","General/Other"
"parso Ooty ghumne ka plan bana raha hoon, jabki do din se Bangalore ghumne ka plan bana raha hoon.","Travel"
"aakhirkar the tax filing clear kar diya agle mahine","Finance"
"Aakhirkar a vegetable stir fry ki recipe perfect ho gayi meri, jabki kal raat se ghar pe momos banane ki koshish ki.","Food"
"raat se random mein the neighbor's new dog ki baat chal padi.","General/Other"
"I submitted the quarterly report tomorrow but haven't heard back yet since i submitted the audit checklist since morning but haven't heard back yet.","Work/Office"
"I feel like dizziness is getting worse this month","Health"
"Aaj clinic jaana hai loose motion check karwane jabki mere manager ne bola thoda rest kar halka bukhar thik ho jayega.","Health"
"kal raat se dost aa rahe hain aur a vegetable stir fry banane ka plan hai.","Food"
"delivery wale ne sales deck ke baare mein call rakhi hai kuch ghanton se par landlord ne bola project timeline revise karo kuch ghanton se.","Work/Office"
"Ghar pe sab the family gathering this weekend ke baare mein baat kar rahe the kuch ghanton se.","General/Other"
"my sister helped me fix the new software update.","Technology"
"i was just thinking about the weather","General/Other"
"I updated the new software update and now nothing works properly because i can't figure out why the office server is so slow today.","Technology"
"doctor ne bola specialist ko dikhao naak behna ke liye","Health"
"Ghar pe sab the power cut yesterday ke baare mein baat kar rahe the Friday tak.","General/Other"
"kal raat se tak budget proposal complete karna hai.","Work/Office"
"my phone baar crash ho raha hai pichle hafte se.","Technology"
"the traffic on the way home came up randomly in conversation for a couple of hours.","General/Other"
"We're hosting friends since Monday and planning to make noodles.","Food"
"Ghar pe sab the neighborhood cat ke baare mein baat kar rahe the do din se.","General/Other"
"aajkal online a pair of running shoes order kiya.","Shopping"
"ghutno mein dard ki wajah se aaj kaam pe nahi ja paaya uske alawa mere bhai ne bola specialist ko dikhao gale mein kharash ke liye.","Health"
"The store had a huge sale on sunglasses since last night.","Shopping"
"The delivery for a winter jacket is delayed since yesterday.","Shopping"
"Our train to Ooty got delayed just now.","Travel"
"aakhirkar onboarding documents close kar diya agle hafte","Work/Office"
"teacher ne my smartwatch app fix karne mein madad ki.","Technology"
"I had to skip work due to body aches for a couple of hours.","Health"
"pichle hafte se dost aa rahe hain aur noodles banane ka plan hai.","Food"
"the neighborhood cat came up randomly in conversation since last week.","General/Other"
"Bataana mushkil hai lekin bina kisi wajah ke bahut excited hoon.","Mood/Emotion"
"dopahar se walk karte waqt the long queue at the grocery store dikha.","General/Other"
"Mujhe agle mahine se pet dard ho raha hai, jabki sar dard ki wajah se kal raat se kaam pe nahi ja paaya.","Health"
"subah se the group presentation submit karna hai.","Education"
"Everyone at home was discussing the traffic on the way home tomorrow.","General/Other"
"aaj shaam ko half day liya sprint review complete karne ke liye.","Work/Office"
"Class miss hone ki wajah se the literature essay mein peeche reh gaya hoon.","Education"
"Recovering slowly from a mild fever since noon.","Health"
"my landlord helped me understand the online course better.","Education"
"I ordered a smartwatch online next week.","Shopping"
"papa ne the thesis draft samjhaane mein madad ki","Education"
"I'll be working from home for a couple of hours to complete the performance review.","Work/Office"
"Yeh kaafi disappointed wala feeling jaa hi nahi raha bina kisi wajah ke.","Mood/Emotion"
"Hafton sochne ke baad aakhirkar a pair of jeans khareed liya, lekin kal online a pair of jeans order kiya.","Shopping"
"Storeroom saaf karte waqt ek purana photo album mil gaya, aur poori dopahar purani photos dekhte aur hasi majaak karte hi nikal gayi.","General/Other"
"the loan application auto-debit ho gaya raat se, jabki kuch minute pehle my monthly budget pay karna hai.","Finance"
"back pain has been bothering me this afternoon, but my brother suggested I see a specialist because of a headache.","Health"
"I tried making a fruit salad at home for a couple of hours.","Food"
"do din se an old photo album ke baare mein baat hui.","General/Other"
"The delivery for a pair of jeans is delayed this weekend and the delivery for a pair of running shoes is delayed next week.","Shopping"
"Main bahut stressed feel kar raha hoon bina kisi wajah ke.","Mood/Emotion"
"my manager scheduled a call about the audit checklist since two days.","Work/Office"
"I'm nervous about the semester project scheduled for a couple of hours, and on top of that our teacher gave extra homework for the coding assignment.","Education"
"agle hafte Kerala ke liye packing karni hai.","Travel"
"aaj online a winter jacket order kiya.","Shopping"
"The delivery for a kitchen mixer is delayed since Monday.","Shopping"
"I had to skip work due to a running nose tomorrow plus the pharmacist gave me some tablets for joint pain.","Health"
"my bank statement auto-debit ho gaya aajkal.","Finance"
"do din se tak sales deck complete karna hai.","Work/Office"
"my neighbor helped me understand physics better","Education"
"kal raat se online a pair of sneakers order kiya kyunki store mein a pair of jeans pe badi sale lagi hai aajkal.","Shopping"
"dopahar se Jaipur ke liye packing karni hai.","Travel"
"I spent some time dealing with the festival preparations this month.","General/Other"
"I noticed loose motions since last week and it's not going away","Health"
"i have to submit the chemistry lab report in a while but i have to submit the chemistry lab report since morning.","Education"
"I can't figure out why my laptop is so slow in a while but my browser won't connect to the internet for a couple of hours.","Technology"
"the Wi-Fi router won't connect to the internet since two days","Technology"
"I have to submit mathematics this evening.","Education"
"teacher ne ek jagah bataayi jahan ka a fruit salad zabardast hai kyunki subah se ghar pe biryani banane ki koshish ki.","Food"
"The restaurant's pasta was absolutely delicious.","Food"
"agle mahine my online banking pay karna hai kyunki aakhirkar my mutual fund investment clear kar diya kal.","Finance"
"I have to submit the chemistry lab report since Monday since my professor helped me understand the scholarship application better.","Education"
"I couldn't sleep properly because of an ear infection next month, and on top of that blurry vision has been bothering me a few minutes ago.","Health"
"Aaj loose motion ki wajah se rest kar raha hoon.","Health"
"my colleague recommended a place that serves amazing a vegetable stir fry.","Food"
"Aakhirkar Ooty ke liye overnight bus ki ticket book kar li lekin abhi Kerala wali overnight bus ke liye check-in kar liya.","Travel"
"dopahar se the coding assignment submit karna hai, uske upar se dopahar se wale the final exams ko lekar nervous hoon.","Education"
"I ordered a dining table online since two days, because the store had a huge sale on a pair of running shoes today.","Shopping"
"my neighbor recommended a place that serves amazing a fruit salad","Food"
"kal se dinner mein a vegetable stir fry order kiya.","Food"
"We talked about a documentary I watched for a while today.","General/Other"
"the company website keeps crashing this morning","Technology"
"aajkal half day liya onboarding documents complete karne ke liye.","Work/Office"
"code review ki deadline aage badh gayi kuch minute pehle.","Work/Office"
"the shopkeeper is not happy with how the sprint review turned out, while the deadline for the audit checklist got moved up today.","Work/Office"
"Shor ki wajah se the chemistry lab report pe concentrate nahi kar paaya, aur do din se wale the class test ko lekar nervous hoon.","Education"
"Store mein a kitchen mixer pe badi sale lagi hai Friday tak","Shopping"
"Aakhirkar my credit score clear kar diya pichle teen din se.","Finance"
"The delivery for a smartwatch is delayed just now while the delivery for a backpack is delayed this afternoon.","Shopping"
"The store had a huge sale on a dining table these days.","Shopping"
"my landlord helped me understand the group presentation better, so my landlord helped me understand the semester project better.","Education"
"kal se wale the coding assignment ko lekar nervous hoon.","Education"
"Mujhe agle mahine se chakkar ho raha hai.","Health"
"Mujhe Friday tak se naak behna ho raha hai.","Health"
"kal se my laptop reinstall karna pada.","Technology"
"my sister recommended a good brand for a study lamp so the delivery for a smartwatch is delayed this afternoon.","Shopping"
"I've been feeling a little low after a long day.","Mood/Emotion"
"mere colleague ne bola thoda rest kar badan dard thik ho jayega.","Health"
"aaj walk karte waqt the weather dikha","General/Other"
"a pair of sneakers ki delivery late ho rahi hai aaj, uske upar se thodi der mein online a pair of running shoes order kiya.","Shopping"
"I can't shake off this really excited feeling after that conversation and i've been feeling really excited after that conversation.","Mood/Emotion"
"my brother mentioned the weekend plans during our chat, while we talked about the noisy construction nearby for a while since two days.","General/Other"
"Udaipur wali cab is weekend delay ho gayi, jabki jaipur wali connecting flight agle mahine delay ho gayi.","Travel"
"kuch minute pehle work from home karke vendor contract complete karunga kyunki hamari team hiring paperwork pe atki hui hai abhi.","Work/Office"
"the personal loan EMI auto-debit ho gaya pichle hafte se","Finance"
"aakhirkar the loan application clear kar diya is weekend","Finance"
"my cousin helped me fix the operating system, while my sister helped me fix my password manager.","Technology"
"thodi der mein the festival preparations ke baare mein baat hui.","General/Other"
"Yeh demotivated wala feeling jaa hi nahi raha cheezein plan ke hisaab se na hone ki wajah se.","Mood/Emotion"
"The road trip to Dubai was surprisingly comfortable.","Travel"
"raat se online a backpack order kiya.","Shopping"
"Monday se wale physics ko lekar nervous hoon.","Education"
"Samajh nahi aa raha flight loon ya khud drive karke Bangalore jaaun","Travel"
"my brother recommended a good brand for a pair of jeans","Shopping"
"mere colleague ne the online course samjhaane mein madad ki, isliye friday tak wale the coding assignment ko lekar nervous hoon.","Education"
"I had to reinstall my smartwatch app for the past three days.","Technology"
"my roommate mentioned the weather during our chat","General/Other"
"is weekend ghar pe paneer tikka banane ki koshish ki.","Food"
"Restaurant ka idli sambar bahut tasty tha.","Food"
"customer support suggested I see a specialist because of stomach pain.","Health"
"is mahine Goa ke liye packing karni hai.","Travel"
"I feel like a sore throat is getting worse this weekend, and i noticed loose motions this weekend and it's not going away.","Health"
"my manager suggested I see a specialist because of dizziness, and i feel like weakness is getting worse this month.","Health"
"we ordered pav bhaji for dinner since noon plus my roommate recommended a place that serves amazing tacos.","Food"
"the Wi-Fi router internet se connect hi nahi ho raha aajkal","Technology"
"my bank statement auto-debit ho gaya abhi.","Finance"
"I'm reworking my budget because of the electricity bill.","Finance"
"my browser won't connect to the internet right now","Technology"
"i took a half day in a while to catch up on the audit checklist but my boss is not happy with how the onboarding documents turned out.","Work/Office"
"Samajh nahi aa raha the company website itna slow kyun hai do din se.","Technology"
"Sach kahoon toh us baat cheet ke baad, mann bahut emotionally thaka hua hai.","Mood/Emotion"
"delivery wale ne ek achi brand suggest ki a laptop bag ke liye.","Shopping"
"kuch minute pehle the loan application pay karna hai.","Finance"
"I tried making momos at home tomorrow.","Food"
"We talked about the new furniture we bought for a while from tomorrow.","General/Other"
"Mujhe agle hafte se kamzori ho raha hai.","Health"
"Mujhe lagta hai jee michlana badhta ja raha hai.","Health"
"I finally cleared the personal loan EMI last night.","Finance"
"I noticed swelling in my ankle since yesterday and it's not going away, though i noticed an ear infection by Friday and it's not going away.","Health"
"The store had a huge sale on a formal shirt for the past three days while i ordered a formal shirt online just now.","Shopping"
"Everyone at home was discussing the weekend plans just now though everyone at home was discussing the power cut yesterday tomorrow.","General/Other"
"I finally booked a overnight bus ticket to Udaipur.","Travel"
"Samajh nahi aa raha overnight bus loon ya khud drive karke Bangalore jaaun.","Travel"
"Friday tak Goa ke liye packing karni hai par do din se Darjeeling ghumne ka plan bana raha hoon.","Travel"
"i'll be working from home this morning to complete the onboarding documents","Work/Office"
"The deadline for the audit checklist got moved up since two days","Work/Office"
"marketing plan ki deadline aage badh gayi do din se, isliye aakhirkar status update close kar diya subah se.","Work/Office"
"The dog won't stop barking.","General/Other"
"The store had a huge sale on a new smartphone since morning, though the store had a huge sale on a laptop bag since yesterday.","Shopping"
"the Wi-Fi router achanak kaam karna band kar diya abhi, par meri behen ne the company website fix karne mein madad ki.","Technology"
"I feel like nausea is getting worse this weekend, so i feel like weakness is getting worse just now.","Health"
"the doctor helped me fix my smartwatch app.","Technology"
"i ordered a pair of jeans online this morning","Shopping"
"teacher ne the neighborhood cat ka zikr kiya baat cheet mein.","General/Other"
"agle hafte my credit score pay karna hai.","Finance"
"Mujhe kal raat se jee michlana ho raha hai uske alawa aankhon mein dhundhlapan ki wajah se aajkal kaam pe nahi ja paaya.","Health"
"Recovering slowly from a sore throat since noon.","Health"
"I've been feeling extremely stressed after hearing the news, though i can't shake off this very motivated feeling after hearing the news.","Mood/Emotion"
"my friend helped me understand the thesis draft better.","Education"
"we're hosting friends since noon and planning to make a fruit salad, so my professor recommended a place that serves amazing grilled sandwiches.","Food"
"I can't shake off this quite anxious feeling after that argument.","Mood/Emotion"
"I'm nervous about the scholarship application scheduled this month, since i'm nervous about the literature essay scheduled tomorrow.","Education"
"grilled sandwiches ki delivery aane mein ek ghanta lag gaya halaanki kuch ghanton se ghar pe tacos banane ki koshish ki.","Food"
"I finally booked a local train ticket to Shimla, but i finally booked a train ticket to Ooty.","Travel"
"the delivery for a formal shirt is delayed next week, because the delivery for a laptop bag is delayed this weekend.","Shopping"
"Ghar pe sab the long queue at the grocery store ke baare mein baat kar rahe the parso.","General/Other"
"I have to submit the online course in a while.","Education"
"I can't shake off this proud feeling because nothing seems to be going right.","Mood/Emotion"
"Our cab got cancelled due to bad weather.","Travel"
"Restaurant ka pancakes bahut tasty tha.","Food"
"the overnight bus to Ladakh was surprisingly comfortable","Travel"
"I've been feeling very motivated after getting that message because since I've been so busy I've just been feeling a little low.","Mood/Emotion"
"Lately I feel completely drained after that argument, and I don't know why, and there's a strange feeling of being emotionally exhausted without any clear reason.","Mood/Emotion"
"parso online a new smartphone order kiya.","Shopping"
"the long queue at the grocery store came up randomly in conversation by Friday","General/Other"
"professor ne bola thoda rest kar kamar dard thik ho jayega.","Health"
"i've been dealing with stomach pain since noon","Health"
"abhi Singapore ghumne ka plan bana raha hoon","Travel"
"papa ne ek jagah bataayi jahan ka pasta zabardast hai.","Food"
"aaj my password manager reinstall karna pada","Technology"
"I finally booked a cab ticket to Pune.","Travel"
"the company website keeps crashing this weekend.","Technology"
"Ghar pe sab the noisy construction nearby ke baare mein baat kar rahe the kuch ghanton se.","General/Other"
"Blood test karwaya migraine ki wajah se.","Health"
"a formal shirt ki delivery late ho rahi hai aaj","Shopping"
"thodi der mein Singapore ke liye packing karni hai","Travel"
"dopahar se Kerala ke liye packing karni hai","Travel"
"I need to pack for Dubai this evening.","Travel"
"kuch ghanton se ghar pe momos banane ki koshish ki.","Food"
"The delivery for sunglasses is delayed by Friday.","Shopping"
"my manager advised me to review my credit score, though my friend advised me to review the personal loan EMI.","Finance"
"subah se half day liya sales deck complete karne ke liye, isliye marketing plan ki deadline aage badh gayi parso.","Work/Office"
"I switched to a new my phone because the old one kept freezing.","Technology"
"my mother is not happy with how the onboarding documents turned out but our team is stuck on the team meeting notes since morning.","Work/Office"
"I have to present the quarterly report in front of the leadership for a couple of hours.","Work/Office"
"The store had a huge sale on a new smartphone from tomorrow.","Shopping"
"Monday se pet dard thik nahi ho raha","Health"
"i ordered a pair of sneakers online since yesterday","Shopping"
"I spent some time dealing with the long queue at the grocery store by Friday plus the traffic on the way home came up randomly in conversation since last week.","General/Other"
"My credit score got auto-debited since morning","Finance"
"We're hosting friends next week and planning to make biryani.","Food"
"Samajh nahi aa raha my browser itna slow kyun hai kuch ghanton se.","Technology"
"aaj dinner mein pav bhaji order kiya.","Food"
"i spent some time dealing with the long queue at the grocery store in a while","General/Other"
"a smartwatch ki delivery late ho rahi hai do din se.","Shopping"
"I finally cleared my salary next month","Finance"
"aaj shaam ko dost aa rahe hain aur pav bhaji banane ka plan hai.","Food"
"parso Shimla ghumne ka plan bana raha hoon.","Travel"
"thodi der mein walk karte waqt the family gathering this weekend dikha","General/Other"
"Ghar pe sab the neighbor's new dog ke baare mein baat kar rahe the raat se.","General/Other"
"Recovering slowly from swelling in my ankle since noon but i couldn't sleep properly because of blurry vision a few minutes ago.","Health"
"Recovering slowly from blurry vision next week.","Health"
"I tried making rajma chawal at home last night.","Food"
"sales deck submit kar diya Monday se lekin abhi tak reply nahi aaya.","Work/Office"
"the operating system internet se connect hi nahi ho raha subah se.","Technology"
"Honestly, I feel pretty disappointed after that conversation.","Mood/Emotion"
"I have to submit the history assignment for a couple of hours.","Education"
"mere neighbor ne ek jagah bataayi jahan ka pasta zabardast hai.","Food"
"I was just thinking about the festival preparations.","General/Other"
"I finally cleared this month's rent next month","Finance"
"mere colleague ne the class test samjhaane mein madad ki, jabki dukaandaar ne the class test samjhaane mein madad ki.","Education"
"the doctor suggested I see a specialist because of nausea.","Health"
"thodi der mein se halka bukhar thik nahi ho raha","Health"
"pichle teen din se my email account reinstall karna pada.","Technology"
"Darjeeling wali train kaafi comfortable thi.","Travel"
"my credit score auto-debit ho gaya kal.","Finance"
"the Wi-Fi router baar crash ho raha hai abhi.","Technology"
"We talked about the long queue at the grocery store for a while since last week.","General/Other"
"the electricity bill auto-debit ho gaya kuch minute pehle.","Finance"
"We finally closed the team meeting notes since yesterday while i'll be working from home this evening to complete the quarterly report.","Work/Office"
"landlord ne my browser fix karne mein madad ki kyunki the office printer achanak kaam karna band kar diya is weekend.","Technology"
"Pune wali local train kaafi comfortable thi.","Travel"
"dopahar se online a backpack order kiya.","Shopping"
"Kolkata wali train pichle teen din se delay ho gayi.","Travel"
"aaj the entrance exam submit karna hai.","Education"
"I took a half day from tomorrow to catch up on the sprint review.","Work/Office"
"kuch ghanton se ghutno mein dard thik nahi ho raha.","Health"
"us baat cheet ke baad, bas ek ajeeb sa ajeeb sa calm feeling aa rahi hai.","Mood/Emotion"
"I finally cleared my credit card bill by Friday.","Finance"
"code review ko lekar meeting hai kal raat se.","Work/Office"
"Medical se kaafi khaansi ki tablet le aaya.","Health"
"I feel like joint pain is getting worse in a while, because i feel like loose motions is getting worse since two days.","Health"
"my landlord scheduled a call about the status update right now plus there's a meeting about the status update scheduled since last night.","Work/Office"
"landlord ne the scholarship application samjhaane mein madad ki aur kal raat se wale the practical exam ko lekar nervous hoon.","Education"
"I'll be working from home a few minutes ago to complete the sales deck","Work/Office"
"everyone at home was discussing the power cut yesterday these days","General/Other"
"Excited for the road trip!","Travel"
"my laptop baar crash ho raha hai Friday tak.","Technology"
"Ghar pe sab the long queue at the grocery store ke baare mein baat kar rahe the Monday se.","General/Other"
"Back pain is unbearable.","Health"
"I'm not in the mood to cook so we're getting pancakes but my roommate recommended a place that serves amazing biryani.","Food"
"aaj shaam ko thoda time the weekend plans sambhalne mein laga.","General/Other"
"parso dost aa rahe hain aur a vegetable stir fry banane ka plan hai, uske upar se aajkal dinner mein a vegetable stir fry order kiya.","Food"
"I've been dealing with nausea next month.","Health"
"my father recommended a place that serves amazing tacos.","Food"
"I'm nervous about the online course scheduled next week.","Education"
"I ordered sunglasses online just now.","Shopping"
"Friday tak leadership ke saamne marketing plan present karna hai kyunki kuch minute pehle leadership ke saamne onboarding documents present karna hai.","Work/Office"
"Aakhirkar the personal loan EMI clear kar diya kal se, aur mere bhai ne bola the electricity bill review karo.","Finance"
"Lately I feel extremely stressed since things didn't go as planned, and I don't know why.","Mood/Emotion"
"halka bukhar ki wajah se aaj shaam ko kaam pe nahi ja paaya.","Health"
"professor ne the online course samjhaane mein madad ki","Education"
"is mahine my salary pay karna hai.","Finance"
"mere colleague ne bola thoda rest kar pet dard thik ho jayega","Health"
"I couldn't sleep properly because of nausea a few minutes ago","Health"
"There's a strange feeling of being overwhelmed because I miss my old friends while after finishing the task finally, I've just been feeling emotionally exhausted.","Mood/Emotion"
"pichle teen din se dost aa rahe hain aur a cheese pizza banane ka plan hai.","Food"
"I took a half day in a while to catch up on the sales deck.","Work/Office"
"We ordered pav bhaji for dinner since two days.","Food"
"I have to submit the semester project since last night","Education"
"my browser keeps crashing next month.","Technology"
"subah se leadership ke saamne status update present karna hai par aakhirkar team meeting notes close kar diya dopahar se.","Work/Office"
"the neighbor's new dog came up randomly in conversation this morning, but everyone at home was discussing the weather tomorrow.","General/Other"
"We ordered grilled sandwiches for dinner from tomorrow, while we're hosting friends since two days and planning to make noodles.","Food"
"delivery wale ne ek jagah bataayi jahan ka tacos zabardast hai, uske upar se abhi momos khaane ka mann kar raha hai.","Food"
"my sister scheduled a call about the project timeline since two days, so my father asked me to revise the project timeline just now.","Work/Office"
"The delivery for a set of headphones is delayed by Friday","Shopping"
"My savings account got auto-debited since yesterday.","Finance"
"Subah se hi kaafi disappointed mehsoos ho raha hai plan cancel hone ke baad.","Mood/Emotion"
"The store had a huge sale on a kitchen mixer since noon.","Shopping"
"kal my monthly budget pay karna hai.","Finance"
"Pata nahi kyun par cheezein plan ke hisaab se na hone ki wajah se bahut overwhelmed lag raha hoon","Mood/Emotion"
"mere bhai ne ek jagah bataayi jahan ka pav bhaji zabardast hai.","Food"
"a handbag ki delivery late ho rahi hai parso, uske upar se kal se online a set of headphones order kiya.","Shopping"
"I feel like chest tightness is getting worse this morning.","Health"
"kuch minute pehle dost aa rahe hain aur paneer tikka banane ka plan hai, uske upar se raat se dinner mein paneer tikka order kiya.","Food"
"Subah se hi akela mehsoos ho raha hai future ke baare mein soch kar.","Mood/Emotion"
"i took a half day since yesterday to catch up on the quarterly report, so the deadline for the hiring paperwork got moved up a few minutes ago.","Work/Office"
"Lately I feel a bit lonely because of everything going on lately, and I don't know why.","Mood/Emotion"
"my landlord helped me fix the mobile app.","Technology"
"I have to present the status update in front of the leadership for a couple of hours.","Work/Office"
"We talked about the noisy construction nearby for a while since last week.","General/Other"
"We ordered biryani for dinner for a couple of hours because we're hosting friends just now and planning to make butter chicken.","Food"
"I had to reinstall my email account this weekend.","Technology"
"Hamari team client presentation pe atki hui hai aajkal.","Work/Office"
"I had to reinstall the office printer tomorrow plus my colleague helped me fix the office printer.","Technology"
"The cab to Singapore was surprisingly comfortable","Travel"
"lately I feel content because nothing seems to be going right and I don't know why","Mood/Emotion"
"Aakhirkar Udaipur ke liye cab ki ticket book kar li.","Travel"
"We talked about the festival preparations for a while for the past three days","General/Other"
"I have a fever.","Health"
"Aajkal thoda low feel ho raha hai lambe din ke baad","Mood/Emotion"
"We ordered noodles for dinner since last night.","Food"
"Class miss hone ki wajah se the scholarship application mein peeche reh gaya hoon","Education"
"Our train to Mumbai got delayed since two days.","Travel"
"my phone ka password bhool gaya.","Technology"
"kal se my credit card bill pay karna hai.","Finance"
"I spent some time dealing with the traffic on the way home for a couple of hours.","General/Other"
"I spent some time dealing with the family gathering this weekend this month, and on top of that i was just thinking about the long queue at the grocery store.","General/Other"
"We talked about the community meeting for a while just now, and we talked about the weekend plans for a while since Monday.","General/Other"
"There's a meeting about the audit checklist scheduled since morning.","Work/Office"
"I finally cleared my salary tomorrow.","Finance"
"kuch minute pehle dost aa rahe hain aur idli sambar banane ka plan hai jabki kal se ghar pe butter chicken banane ki koshish ki.","Food"
"Lately I feel really excited because of everything going on lately, and I don't know why.","Mood/Emotion"
"I spent some time dealing with the noisy construction nearby today.","General/Other"
"I need to exchange a handbag for a different size.","Shopping"
"I have to submit the coding assignment for the past three days even though i'm nervous about the scholarship application scheduled since morning.","Education"
"my boss helped me understand the semester project better, since i'm nervous about the history assignment scheduled just now.","Education"
"I have to submit the coding assignment next week.","Education"
"I spent some time dealing with the traffic on the way home this morning.","General/Other"
"We ordered pasta for dinner this month","Food"
"I've been feeling content after that conversation.","Mood/Emotion"
"I submitted the hiring paperwork this month but haven't heard back yet.","Work/Office"
"Ghar pe sab a documentary I watched ke baare mein baat kar rahe the is mahine.","General/Other"
"landlord ne bola the electricity bill review karo.","Finance"
"Bank se this month's rent ke baare mein notification aayi.","Finance"
"I'm planning a trip to Manali next week while i'm not sure whether to take a overnight bus or drive to Mumbai.","Travel"
"agle mahine dinner mein a cheese pizza order kiya","Food"
"Aajkal thoda low feel ho raha hai bina kisi wajah ke.","Mood/Emotion"
"I'm waiting for my refund for sunglasses.","Shopping"
"i'm nervous about the practical exam scheduled just now","Education"
"I have to submit the history assignment this afternoon.","Education"
"i checked the insurance premium and noticed something odd","Finance"
"Update ke baad sab kharab ho gaya.","Technology"
"kuch minute pehle online a new smartphone order kiya, jabki is weekend online a pair of sneakers order kiya.","Shopping"
"pata nahi kyun par sab kuch ek saath ho raha hai isliye bahut kaafi frustrated lag raha hoon","Mood/Emotion"
"the neighborhood cat came up randomly in conversation for the past three days.","General/Other"
"parso dost aa rahe hain aur momos banane ka plan hai, par boss ne ek jagah bataayi jahan ka biryani zabardast hai.","Food"
"because nothing seems to be going right, I've just been feeling demotivated","Mood/Emotion"
"my smartwatch app suddenly stopped working a few minutes ago.","Technology"
"Bataana mushkil hai lekin purane dosto ki yaad aane se bahut demotivated hoon","Mood/Emotion"
"My monthly budget got auto-debited today.","Finance"
"Subah se hi thoda low mehsoos ho raha hai us baat cheet ke baad.","Mood/Emotion"
"everyone at home was discussing the neighbor's new dog next week","General/Other"
"kuch minute pehle thoda time a documentary I watched sambhalne mein laga","General/Other"
"Our team is stuck on the project timeline these days","Work/Office"
"the doctor scheduled a call about the code review since Monday and i have to present the hiring paperwork in front of the leadership since yesterday.","Work/Office"
"the shopkeeper recommended a good brand for a pair of sneakers.","Shopping"
"Rishikesh wali cab kaafi comfortable thi.","Travel"
"kal raat se the office server reinstall karna pada lekin my external hard drive baar crash ho raha hai pichle hafte se.","Technology"
"kuch ghanton se online a dining table order kiya kyunki a new smartphone ki delivery late ho rahi hai is mahine.","Shopping"
"I'm nervous about the online course scheduled for a couple of hours.","Education"
"subah se the coding assignment submit karna hai","Education"
"the entrance exam expectation se zyada tough nikal raha hai","Education"
"Technician ne the operating system dekha lekin issue nahi mila, isliye samajh nahi aa raha the office server itna slow kyun hai kuch minute pehle.","Technology"
"agle mahine the coding assignment submit karna hai.","Education"
"Aakhirkar my salary clear kar diya thodi der mein.","Finance"
"I ordered a backpack online tomorrow.","Shopping"
"my email account baar crash ho raha hai kal se isliye thodi der mein the new software update reinstall karna pada.","Technology"
"I spent some time dealing with the noisy construction nearby next month.","General/Other"
"dopahar se random mein the power cut yesterday ki baat chal padi.","General/Other"
"the neighbor's new dog came up randomly in conversation since Monday.","General/Other"
"I'm planning a trip to Udaipur since Monday so i'm planning a trip to Goa last night.","Travel"
"We talked about an old photo album for a while since last week while i spent some time dealing with an old photo album tomorrow.","General/Other"
"I've been dealing with dizziness since two days","Health"
"My credit score got auto-debited this evening.","Finance"
"Pata nahi kyun par wo message padhne ke baad bahut kaafi frustrated lag raha hoon.","Mood/Emotion"
"thodi der mein the garden we're planting ke baare mein baat hui","General/Other"
"I need to pay the insurance premium a few minutes ago.","Finance"
"I'm not sure whether to take a overnight bus or drive to Kerala.","Travel"
"a set of headphones ki delivery late ho rahi hai aaj shaam ko uske alawa store mein a handbag pe badi sale lagi hai agle hafte.","Shopping"
"aaj wale the online course ko lekar nervous hoon lekin friday tak wale physics ko lekar nervous hoon.","Education"
"I have to present the team meeting notes in front of the leadership a few minutes ago.","Work/Office"
"a fixed deposit auto-debit ho gaya pichle teen din se.","Finance"
"the mobile app baar crash ho raha hai subah se.","Technology"
"I spent some time dealing with an old photo album this morning.","General/Other"
"kal se thoda time the power cut yesterday sambhalne mein laga.","General/Other"
"joint pain has been bothering me just now, but i had to skip work due to a mild fever just now.","Health"
"parso dost aa rahe hain aur a fruit salad banane ka plan hai, aur raat se dost aa rahe hain aur a cheese pizza banane ka plan hai.","Food"
"my manager mentioned a documentary I watched during our chat.","General/Other"
"is mahine walk karte waqt the community meeting dikha.","General/Other"
"abhi wale the coding assignment ko lekar nervous hoon, jabki delivery wale ne physics samjhaane mein madad ki.","Education"
"code review ko lekar meeting hai pichle teen din se.","Work/Office"
"I'm not sure whether to take a train or drive to Manali.","Travel"
"Friday tak dinner mein dosa order kiya.","Food"
"mere cousin ne bola specialist ko dikhao migraine ke liye.","Health"
"Everyone at home was discussing the weekend plans next month.","General/Other"
"kuch minute pehle online a backpack order kiya.","Shopping"
"The airport was unusually crowded today because of the long weekend, so we ended up standing in the security line for almost an hour.","Travel"
"customer support wale ne bola code review revise karo parso","Work/Office"
"i need to pack for Varanasi in a while even though the overnight bus to Delhi was surprisingly comfortable.","Travel"
"Pata nahi kyun par itna busy rehne ki wajah se bahut hopeful lag raha hoon.","Mood/Emotion"
"I need to pack for Udaipur tomorrow.","Travel"
"I can't figure out why the mobile app is so slow these days.","Technology"
"my smartwatch app won't connect to the internet since two days.","Technology"
"Purana my email account baar hang hota tha isliye naya le liya.","Technology"
"I took a half day next month to catch up on the quarterly report.","Work/Office"
"mere cousin ne the Wi-Fi router fix karne mein madad ki.","Technology"
"I had to skip work due to chest tightness for a couple of hours.","Health"
"I finally cleared the loan application since last week.","Finance"
"abhi walk karte waqt the weekend plans dikha.","General/Other"
"mere cousin ne bola specialist ko dikhao jee michlana ke liye isliye acidity ki wajah se pichle teen din se kaam pe nahi ja paaya.","Health"
"i'm craving paneer tikka right now","Food"
"abhi Kolkata wali cab ke liye check-in kar liya, isliye subah se Varanasi ghumne ka plan bana raha hoon.","Travel"
"my roommate asked me to revise the team meeting notes in a while","Work/Office"
"Sach kahoon toh kuch bhi thik nahi ho raha isliye, mann bahut akela hai.","Mood/Emotion"
"Monday se ghar pe butter chicken banane ki koshish ki.","Food"
"my professor recommended a place that serves amazing pancakes.","Food"
"Bataana mushkil hai lekin purane dosto ki yaad aane se bahut ajeeb sa calm hoon.","Mood/Emotion"
"the new software update suddenly stopped working by Friday","Technology"
"I need to pay the tax filing by Friday.","Finance"
"Hamari team client presentation pe atki hui hai aaj shaam ko.","Work/Office"
"Professor ne the semester project ki deadline badha di.","Education"
"Aakhirkar quarterly report close kar diya aaj.","Work/Office"
"I woke up feeling overwhelmed after getting that message.","Mood/Emotion"
"The delivery for a study lamp is delayed since last week but i ordered a winter jacket online last night.","Shopping"
"is weekend the thesis draft submit karna hai par meri behen ne the chemistry lab report samjhaane mein madad ki.","Education"
"a pair of jeans ki delivery late ho rahi hai is mahine par teen websites pe a kitchen mixer ka price compare kiya.","Shopping"
"Bataana mushkil hai lekin us baat cheet ke baad bahut proud hoon.","Mood/Emotion"
"I'll be working from home for a couple of hours to complete the sales deck","Work/Office"
"the delivery guy asked me to revise the sprint review since two days.","Work/Office"
"kal se mathematics submit karna hai.","Education"
"My grandmother told us stories about her childhood during the family gathering, and it was the first time I'd heard some of those details.","General/Other"
"my laptop keeps crashing since last week.","Technology"
"my smartwatch app suddenly stopped working these days, since my email account won't connect to the internet just now.","Technology"
"my smartwatch app achanak kaam karna band kar diya dopahar se.","Technology"
"boss ne my email account fix karne mein madad ki.","Technology"
"kuch minute pehle the neighbor's new dog ke baare mein baat hui","General/Other"
"friday tak the noisy construction nearby ke baare mein baat hui","General/Other"
"We're hosting friends tomorrow and planning to make tacos.","Food"
"I couldn't sleep properly because of dizziness since noon.","Health"
"I've been dealing with body aches since yesterday.","Health"
"I feel like a mild fever is getting worse since last night while recovering slowly from a migraine a few minutes ago.","Health"
"the office printer won't connect to the internet today.","Technology"
"sales deck submit kar diya agle hafte lekin abhi tak reply nahi aaya isliye abhi leadership ke saamne quarterly report present karna hai.","Work/Office"
"I noticed the weather while walking this weekend.","General/Other"
"my phone suddenly stopped working tomorrow.","Technology"
"my phone won't connect to the internet since two days, and on top of that i can't figure out why my smartwatch app is so slow since morning.","Technology"
"a pair of jeans cart mein daala hai lekin checkout nahi kiya abhi tak isliye a kitchen mixer ki delivery late ho rahi hai is mahine.","Shopping"
"Yeh anxiety jaati hi nahi.","Mood/Emotion"
"the shopkeeper recommended a good brand for a backpack.","Shopping"
"kuch minute pehle the chemistry lab report submit karna hai kyunki mere dost ne the chemistry lab report samjhaane mein madad ki.","Education"
"My savings account got auto-debited last night.","Finance"
"customer support wale ne the chemistry lab report samjhaane mein madad ki, lekin mummy ne the online course samjhaane mein madad ki.","Education"
"Is mahine the insurance premium samajhne ki koshish kar raha hoon par mere manager ne bola a fixed deposit review karo.","Finance"
"abhi my online banking pay karna hai.","Finance"
"Hamari team quarterly report pe atki hui hai is hafte isliye mummy ne bola budget proposal revise karo dopahar se.","Work/Office"
"onboarding documents ki deadline aage badh gayi aaj shaam ko uske alawa hamari team project timeline pe atki hui hai do din se.","Work/Office"
"I noticed an old photo album while walking for a couple of hours so i spent some time dealing with the festival preparations tomorrow.","General/Other"
"Lately I feel quite anxious because of everything going on lately, and I don't know why.","Mood/Emotion"
"Honestly, I feel proud thinking about the future.","Mood/Emotion"
"I spent some time dealing with the new furniture we bought since two days.","General/Other"
"my credit card bill auto-debit ho gaya do din se.","Finance"
"kal ghar pe pancakes banane ki koshish ki.","Food"
"I noticed the neighbor's new dog while walking next month.","General/Other"
"I finally cleared a fixed deposit by Friday","Finance"
"the operating system achanak kaam karna band kar diya kal.","Technology"
"I finally cleared my salary right now.","Finance"
"Singapore wali train kaafi comfortable thi.","Travel"
"my colleague mentioned the long queue at the grocery store during our chat, and i spent some time dealing with the power cut yesterday for a couple of hours.","General/Other"
"customer support asked me to revise the performance review next month","Work/Office"
"I need to pay a fixed deposit in a while, but there's a discrepancy in the tax filing that I need to resolve.","Finance"
"Samajh nahi aa raha the office server itna slow kyun hai aaj shaam ko aur dopahar se the office server reinstall karna pada.","Technology"
"Samajh nahi aa raha my browser itna slow kyun hai agle hafte, jabki my email account internet se connect hi nahi ho raha raat se.","Technology"
"The deadline for the performance review got moved up tomorrow.","Work/Office"
"our connecting flight to Jaipur got delayed in a while","Travel"
"The airport security took forever since morning.","Travel"
"I have to submit the coding assignment right now, and the teacher helped me understand the group presentation better.","Education"
"my brother recommended a place that serves amazing a cheese pizza.","Food"
"We're hosting friends next week and planning to make a vegetable stir fry, and my friend recommended a place that serves amazing paneer tikka.","Food"
"New hire ka interview process delay ho gaya kyunki panel ke do members ka schedule is hafte clash kar raha tha.","Work/Office"
"raat se my laptop reinstall karna pada.","Technology"
"Honestly, I feel really happy since I've been so busy","Mood/Emotion"
"I couldn't finish my plate of a cheese pizza, it was too spicy","Food"
"Store mein a formal shirt pe badi sale lagi hai aaj.","Shopping"
"the personal loan EMI auto-debit ho gaya aaj shaam ko.","Finance"
"pichle hafte se wale the practical exam ko lekar nervous hoon.","Education"
"parso Goa ke liye packing karni hai.","Travel"
"I noticed the neighborhood cat while walking next month.","General/Other"
"I have to submit the online course today so my cousin helped me understand the final exams better.","Education"
"pet dard ki wajah se do din se kaam pe nahi ja paaya, par mere manager ne bola specialist ko dikhao ghutno mein dard ke liye.","Health"
"I ordered a handbag online this month.","Shopping"
"do din se dinner mein momos order kiya.","Food"
"I need to pack for Darjeeling since Monday.","Travel"
"chakkar ki wajah se pichle hafte se kaam pe nahi ja paaya","Health"
"sab kuch ek saath ho raha hai isliye bas ek ajeeb sa kaafi khush feeling aa rahi hai","Mood/Emotion"
"my neighbor mentioned the weather during our chat.","General/Other"
"a kitchen mixer return kar raha hoon kyunki size fit nahi hui.","Shopping"
"Ghar pe sab the neighbor's new dog ke baare mein baat kar rahe the agle hafte.","General/Other"
"Rishikesh wali connecting flight Monday se delay ho gayi","Travel"
"mummy ne bola specialist ko dikhao migraine ke liye.","Health"
"Recovering slowly from a bad cough this afternoon plus my professor suggested I see a specialist because of acidity.","Health"
"Aakhirkar client presentation close kar diya dopahar se.","Work/Office"
"mere cousin ne bola thoda rest kar pet dard thik ho jayega.","Health"
"The delivery for a kitchen mixer is delayed in a while.","Shopping"
"the office printer won't connect to the internet next month.","Technology"
"parso Manali ke liye packing karni hai.","Travel"
"the semester project is turning out to be tougher than I expected","Education"
"my boss recommended a good brand for a handbag though the delivery for a backpack is delayed since noon.","Shopping"
"I feel like a running nose is getting worse next month.","Health"
"Goa wali cab kaafi comfortable thi.","Travel"
"I need to finish the hiring paperwork before since yesterday.","Work/Office"
"a pair of running shoes ki delivery late ho rahi hai thodi der mein.","Shopping"
"The train to Manali was surprisingly comfortable.","Travel"
"Subah se hi hopeful mehsoos ho raha hai cheezein plan ke hisaab se na hone ki wajah se.","Mood/Emotion"
"mere manager ne ek achi brand suggest ki a pair of sneakers ke liye.","Shopping"
"my boss recommended a good brand for sunglasses.","Shopping"
"I can't figure out why the mobile app is so slow for the past three days.","Technology"
"Lately I feel overwhelmed since the plans got cancelled, and I don't know why","Mood/Emotion"
"my colleague advised me to review my mutual fund investment, while my roommate advised me to review this month's rent.","Finance"
"I can't shake off this so frustrated feeling because I miss my old friends.","Mood/Emotion"
"Teacher ne the practical exam ka extra homework de diya.","Education"
"I had to skip work due to joint pain a few minutes ago, but a running nose has been bothering me this weekend.","Health"
"I need to pay my salary this afternoon even though i need to pay my salary these days.","Finance"
"I need to exchange a study lamp for a different size.","Shopping"
"is hafte my credit card bill pay karna hai, lekin aakhirkar my credit card bill clear kar diya do din se.","Finance"
"the office server update kiya aur ab kuch bhi thik se kaam nahi kar raha.","Technology"
"Pata nahi kyun par sab kuch ek saath ho raha hai isliye bahut poori tarah drained lag raha hoon.","Mood/Emotion"
"mere cousin ne ek jagah bataayi jahan ka pav bhaji zabardast hai","Food"
"my email account update kiya aur ab kuch bhi thik se kaam nahi kar raha.","Technology"
"i couldn't sleep properly because of a skin rash last night, and on top of that i couldn't sleep properly because of joint pain today.","Health"
"teacher ne bola thoda rest kar kaafi khaansi thik ho jayega jabki is hafte se seene mein jakadan thik nahi ho raha.","Health"
"after a long day, I've just been feeling restless.","Mood/Emotion"
"my roommate recommended a place that serves amazing a cheese pizza","Food"
"I tried making momos at home for a couple of hours.","Food"
"Ooty wali connecting flight kal se delay ho gayi, isliye samajh nahi aa raha local train loon ya khud drive karke Manali jaaun.","Travel"
"i had to skip work due to joint pain since last night","Health"
"my mother recommended a good brand for a study lamp.","Shopping"
"agle hafte my email account reinstall karna pada.","Technology"
"I finally got my results for the coding assignment while my professor helped me understand the class test better.","Education"
"Our overnight bus to Jaipur got delayed since last week.","Travel"
"Lately I feel unusually calm because I miss my old friends, and I don't know why","Mood/Emotion"
"the shopkeeper is not happy with how the vendor contract turned out.","Work/Office"
"abhi wale the history assignment ko lekar nervous hoon","Education"
"I had to reinstall my password manager since noon because i had to reinstall my password manager since Monday.","Technology"
"the company website achanak kaam karna band kar diya pichle hafte se.","Technology"
"customer support asked me to revise the performance review from tomorrow though i need to finish the project timeline before since two days.","Work/Office"
"kuch minute pehle thoda time an old photo album sambhalne mein laga","General/Other"
"There's a strange feeling of being really happy after that argument.","Mood/Emotion"
"my manager advised me to review a fixed deposit.","Finance"
"ghar pe sab the noisy construction nearby ke baare mein baat kar rahe the raat se","General/Other"
"Kal exam hai.","Education"
"Aajkal bahut excited feel ho raha hai plan cancel hone ke baad.","Mood/Emotion"
"Store mein a new smartphone pe badi sale lagi hai pichle teen din se.","Shopping"
"agle hafte ghar pe paneer tikka banane ki koshish ki.","Food"
"my boss recommended a place that serves amazing paneer tikka","Food"
"boss ne bola thoda rest kar sar dard thik ho jayega.","Health"
"the teacher recommended a good brand for a new smartphone.","Shopping"
"I submitted the hiring paperwork this weekend but haven't heard back yet.","Work/Office"
"is mahine dinner mein momos order kiya.","Food"
"i ordered a handbag online this evening","Shopping"
"Hamari team budget proposal pe atki hui hai pichle teen din se","Work/Office"
"i couldn't sleep properly because of weakness next week","Health"
"is mahine ghar pe butter chicken banane ki koshish ki lekin meri behen ne ek jagah bataayi jahan ka paneer tikka zabardast hai.","Food"
"after a long day, I've just been feeling extremely stressed.","Mood/Emotion"
"my manager suggested I see a specialist because of a migraine though i've been dealing with a headache next month.","Health"
"I couldn't sleep properly because of blurry vision since last night.","Health"
"Subah se hi bahut stressed mehsoos ho raha hai plan cancel hone ke baad","Mood/Emotion"
"aakhirkar the loan application clear kar diya kal se","Finance"
"I need to pay my salary for the past three days, since the delivery guy advised me to review this month's rent.","Finance"
"We ordered dosa for dinner tomorrow.","Food"
"Store mein a backpack pe badi sale lagi hai kal se aur store mein a handbag pe badi sale lagi hai abhi.","Shopping"
"my phone baar crash ho raha hai subah se","Technology"
"I can't figure out why the company website is so slow from tomorrow.","Technology"
"I've been feeling hopeful since things didn't go as planned.","Mood/Emotion"
"boss ne bola my mutual fund investment review karo, lekin dopahar se the insurance premium pay karna hai.","Finance"
"acidity ki wajah se raat bhar so nahi paaya","Health"
"Our train to Goa got delayed from tomorrow.","Travel"
"Lately I feel completely drained because of everything going on lately, and I don't know why.","Mood/Emotion"
"after that conversation I've just been feeling emotionally exhausted","Mood/Emotion"
"I'm nervous about the entrance exam scheduled for a couple of hours.","Education"
"the operating system suddenly stopped working next month.","Technology"
"I can't shake off this extremely stressed feeling because nothing seems to be going right.","Mood/Emotion"
"subah se wale the coding assignment ko lekar nervous hoon, aur mere roommate ne the final exams samjhaane mein madad ki.","Education"
"I'm still preparing for the practical exam","Education"
"I'm nervous about the thesis draft scheduled this month, since i have to submit the entrance exam since Monday.","Education"
"i have to submit the online course since last night","Education"
"aajkal my salary pay karna hai.","Finance"
"this month's rent auto-debit ho gaya parso.","Finance"
"my colleague helped me understand the scholarship application better, because i'm nervous about the semester project scheduled from tomorrow.","Education"
"kal random mein the family gathering this weekend ki baat chal padi.","General/Other"
"I missed a class and now I'm behind on the semester project.","Education"
"Samajh nahi aa raha the office server itna slow kyun hai is hafte kyunki samajh nahi aa raha the company website itna slow kyun hai kal raat se.","Technology"
"The store had a huge sale on a dining table since last night.","Shopping"
"sales deck ki deadline aage badh gayi is weekend.","Work/Office"
"delivery wale ne the thesis draft samjhaane mein madad ki.","Education"
"kal online a backpack order kiya.","Shopping"
"my sister advised me to review the insurance premium, while there's a discrepancy in the insurance premium that I need to resolve.","Finance"
"papa ne the office server fix karne mein madad ki uske alawa my password manager achanak kaam karna band kar diya agle hafte.","Technology"
"aakhirkar onboarding documents close kar diya is hafte jabki landlord ne vendor contract ke baare mein call rakhi hai dopahar se.","Work/Office"
"my professor recommended a good brand for sunglasses.","Shopping"
"Jaipur wali flight kal raat se delay ho gayi.","Travel"
"My doctor recommended I cut down on spicy food after I complained about the acidity and stomach cramps I've been having lately.","Health"
"I spent some time dealing with the family gathering this weekend since two days.","General/Other"
"I need to pay my credit score since yesterday.","Finance"
"is weekend the community meeting ke baare mein baat hui","General/Other"
"I finally booked a cab ticket to Singapore","Travel"
"my laptop keeps crashing right now.","Technology"
"Friday tak wale the literature essay ko lekar nervous hoon.","Education"
"The delivery for a kitchen mixer is delayed this month.","Shopping"
"raat se wale the final exams ko lekar nervous hoon.","Education"
"is weekend online a formal shirt order kiya, uske upar se kuch minute pehle online a handbag order kiya.","Shopping"
"There's a strange feeling of being demotivated after getting that message.","Mood/Emotion"
"mere colleague ne bola my bank statement review karo.","Finance"
"dopahar se my phone reinstall karna pada.","Technology"
"delivery wale ne bola thoda rest kar kaan mein infection thik ho jayega aur boss ne bola specialist ko dikhao kaan mein infection ke liye.","Health"
"Bataana mushkil hai lekin kuch bhi thik nahi ho raha isliye bahut santusht hoon.","Mood/Emotion"
"Our train to Ooty got delayed since noon.","Travel"
"mere bhai ne khush nahi hai budget proposal ke result se.","Work/Office"
"my professor recommended a good brand for a handbag.","Shopping"
"agle hafte se migraine thik nahi ho raha.","Health"
"Main bahut stressed feel kar raha hoon purane dosto ki yaad aane se.","Mood/Emotion"
"Aakhirkar my bank statement clear kar diya agle hafte halaanki aakhirkar my savings account clear kar diya pichle teen din se.","Finance"
"Subah se hi kaafi frustrated mehsoos ho raha hai sab kuch ek saath ho raha hai isliye","Mood/Emotion"
"is mahine the community meeting ke baare mein baat hui.","General/Other"
"the office server internet se connect hi nahi ho raha do din se.","Technology"
"sales deck ki deadline aage badh gayi parso uske alawa is hafte tak marketing plan complete karna hai.","Work/Office"
"the company website achanak kaam karna band kar diya kal raat se, kyunki my laptop baar crash ho raha hai abhi.","Technology"
"I'm planning a trip to Jaipur next week.","Travel"
"I have to submit physics this evening.","Education"
"ghar pe sab the new furniture we bought ke baare mein baat kar rahe the abhi","General/Other"
"my landlord asked me to revise the audit checklist next month.","Work/Office"
"I noticed the neighborhood cat while walking since morning.","General/Other"
"the electricity bill auto-debit ho gaya is mahine.","Finance"
"Everyone at home was discussing the festival preparations by Friday.","General/Other"
"thodi der mein ghar pe grilled sandwiches banane ki koshish ki isliye kal raat se dost aa rahe hain aur pasta banane ka plan hai.","Food"
"my online banking auto-debit ho gaya do din se.","Finance"
"Samajh nahi aa raha flight loon ya khud drive karke Kolkata jaaun.","Travel"
"Gala bahut dukh raha hai.","Health"
"I woke up feeling content after that argument.","Mood/Emotion"
"Friday tak my monthly budget pay karna hai.","Finance"
"It's hard to explain but I feel overwhelmed since the plans got cancelled.","Mood/Emotion"
"delivery wale ne bola my savings account review karo.","Finance"
"subah se dinner mein grilled sandwiches order kiya.","Food"
"I can't figure out why the operating system is so slow since morning.","Technology"
"The store had a huge sale on a handbag these days.","Shopping"
"Aaj kaafi shaant din raha, bas the long queue at the grocery store ke baare mein soch raha tha.","General/Other"
"a fixed deposit cover karne ke liye paise transfer kiye, uske upar se kuch ghanton se my credit score pay karna hai.","Finance"
"I can't figure out why my external hard drive is so slow since two days.","Technology"
"We talked about the noisy construction nearby for a while this afternoon and i noticed a documentary I watched while walking a few minutes ago.","General/Other"
"kal raat se random mein the garden we're planting ki baat chal padi.","General/Other"
"Poori shaam reviews padhne mein nikal gayi ki kaunse running shoes khareedun, aur phir bhi apne decision pe doubt hi raha.","Shopping"
"Everyone at home was discussing the weather since morning.","General/Other"
"Mujhe kal se kaan mein infection ho raha hai.","Health"
"Aakhirkar marketing plan close kar diya aaj.","Work/Office"
"I'm nervous about the history assignment scheduled by Friday.","Education"
"is weekend online a laptop bag order kiya","Shopping"
"Our team is stuck on the code review since last night.","Work/Office"
"our itinerary for Mumbai includes a lot of sightseeing","Travel"
"I'm nervous about physics scheduled since morning.","Education"
"i ordered a laptop bag online this weekend","Shopping"
"I tried making pav bhaji at home for a couple of hours.","Food"
"I've been dealing with chest tightness these days.","Health"
"EMI pay karni hai.","Finance"
"Dhire kamzori se recover kar raha hoon","Health"
"Lately I feel a bit lonely since the plans got cancelled, and I don't know why","Mood/Emotion"
"I noticed the family gathering this weekend while walking just now.","General/Other"
"pichle teen din se Varanasi ghumne ka plan bana raha hoon.","Travel"
"Aakhirkar my credit score clear kar diya kuch ghanton se.","Finance"
"audit checklist ki deadline aage badh gayi thodi der mein, jabki aakhirkar code review close kar diya raat se.","Work/Office"
"The delivery for a pair of sneakers is delayed today.","Shopping"
"I tried making tacos at home by Friday.","Food"
"pichle hafte se dinner mein a fruit salad order kiya.","Food"
"kuch ghanton se my online banking pay karna hai, jabki monday se the loan application pay karna hai.","Finance"
"agle hafte thoda time the neighbor's new dog sambhalne mein laga.","General/Other"
"I need to pack for Ladakh just now","Travel"
"Lately I feel extremely stressed after that argument, and I don't know why.","Mood/Emotion"
"I'm nervous about physics scheduled last night.","Education"
"i noticed stomach pain since yesterday and it's not going away","Health"
"kal se ghar pe pasta banane ki koshish ki","Food"
"Aaj clinic jaana hai kamzori check karwane.","Health"
"We ordered tacos for dinner since noon.","Food"
"varanasi wali flight is mahine delay ho gayi","Travel"
"parso online a dining table order kiya.","Shopping"
"vendor contract ki deadline aage badh gayi subah se","Work/Office"
"the hotel in Kerala upgraded our room for free, and our cab to Darjeeling got delayed just now.","Travel"
"I had to reinstall my laptop these days.","Technology"
"Everyone at home was discussing the neighbor's new dog since noon so everyone at home was discussing the long queue at the grocery store right now.","General/Other"
"my browser achanak kaam karna band kar diya kuch minute pehle, aur samajh nahi aa raha the office server itna slow kyun hai kal.","Technology"
"Pata nahi kyun par aakhirkar kaam khatam karne ke baad bahut proud lag raha hoon.","Mood/Emotion"
"I woke up feeling completely drained after hearing the news but lately I feel overwhelmed since things didn't go as planned, and I don't know why.","Mood/Emotion"
"code review ki deadline aage badh gayi thodi der mein.","Work/Office"
"I ordered sunglasses online since morning.","Shopping"
"I've been feeling overwhelmed after that conversation.","Mood/Emotion"
"Friday tak Kerala ke liye packing karni hai.","Travel"
"mere neighbor ne khush nahi hai hiring paperwork ke result se kyunki kal work from home karke quarterly report complete karunga.","Work/Office"
"Monday se the chemistry lab report submit karna hai kyunki meri behen ne mathematics samjhaane mein madad ki.","Education"
"Samajh nahi aa raha train loon ya khud drive karke Ladakh jaaun kyunki samajh nahi aa raha cab loon ya khud drive karke Manali jaaun.","Travel"
"I just checked in for my local train to Bangalore plus our overnight bus to Pune got delayed this month.","Travel"
"my sister helped me understand the final exams better, and i have to submit the group presentation this afternoon.","Education"
"subah se hi emotionally thaka hua mehsoos ho raha hai bina kisi wajah ke","Mood/Emotion"
"parso se loose motion thik nahi ho raha","Health"
"Ghar pe sab the neighbor's new dog ke baare mein baat kar rahe the Friday tak.","General/Other"
"Ooty wali cab kal se delay ho gayi, aur goa wali overnight bus kuch ghanton se delay ho gayi.","Travel"
"I finally cleared the tax filing this weekend and i finally cleared my credit card bill this weekend.","Finance"
"my email account won't connect to the internet this weekend even though the new software update suddenly stopped working this evening.","Technology"
"Mujhe is hafte se skin par rash ho raha hai.","Health"
"I finally cleared my credit card bill next week, because the delivery guy advised me to review the loan application.","Finance"
"The store had a huge sale on a winter jacket next month","Shopping"
"sales deck ko lekar meeting hai abhi.","Work/Office"
"I'm returning a study lamp because it didn't fit","Shopping"
"The train to Singapore was surprisingly comfortable.","Travel"
"My credit card bill got auto-debited these days.","Finance"
"Aajkal akela feel ho raha hai wo message padhne ke baad.","Mood/Emotion"
"mere neighbor ne bola specialist ko dikhao sar dard ke liye, lekin dukaandaar ne bola specialist ko dikhao skin par rash ke liye.","Health"
"I have to submit the scholarship application tomorrow.","Education"
"is weekend se aankhon mein dhundhlapan thik nahi ho raha, aur boss ne bola specialist ko dikhao seene mein jakadan ke liye.","Health"
"the company website achanak kaam karna band kar diya Friday tak.","Technology"
"landlord ne bola audit checklist revise karo aaj.","Work/Office"
"Monday se migraine thik nahi ho raha.","Health"
"I'm not sure whether to take a overnight bus or drive to Ladakh.","Travel"
"Mujhe lagta hai loose motion badhta ja raha hai.","Health"
"is weekend online a handbag order kiya.","Shopping"
"Hamari team budget proposal pe atki hui hai agle hafte.","Work/Office"
"I've been feeling restless since things didn't go as planned.","Mood/Emotion"
"is weekend walk karte waqt the community meeting dikha.","General/Other"
"papa ne ek jagah bataayi jahan ka grilled sandwiches zabardast hai, aur professor ne ek jagah bataayi jahan ka pancakes zabardast hai.","Food"
"The deadline for the team meeting notes got moved up just now.","Work/Office"
"the doctor advised me to review my credit card bill.","Finance"
"a study lamp return kar raha hoon kyunki size fit nahi hui par store mein a laptop bag pe badi sale lagi hai abhi.","Shopping"
"Mujhe do din se kaafi khaansi ho raha hai","Health"
"aakhirkar this month's rent clear kar diya aajkal","Finance"
"aaj shaam ko an old photo album ke baare mein baat hui.","General/Other"
"i tried making a vegetable stir fry at home since yesterday so my sister recommended a place that serves amazing tacos.","Food"
"I can't figure out why the company website is so slow in a while and i had to reinstall my password manager for the past three days.","Technology"
"Kharab mausam ki wajah se overnight bus cancel ho gayi.","Travel"
"the company website suddenly stopped working next week even though my password manager won't connect to the internet by Friday.","Technology"
"I need to finish the sales deck before next month.","Work/Office"
"Kolkata wali local train kaafi comfortable thi.","Travel"
"Bill payment is pending.","Finance"
"The restaurant's biryani was absolutely delicious","Food"
"kal raat se online a formal shirt order kiya","Shopping"
"I finally booked a road trip ticket to Manali.","Travel"
"professor ne ek achi brand suggest ki a new smartphone ke liye isliye abhi online a set of headphones order kiya.","Shopping"
"Mujhe aaj shaam ko se pet dard ho raha hai.","Health"
"aajkal my laptop reinstall karna pada.","Technology"
"I'm still preparing for the group presentation.","Education"
"dukaandaar ne the coding assignment samjhaane mein madad ki.","Education"
"delivery wale ne khush nahi hai status update ke result se.","Work/Office"
"raat se migraine thik nahi ho raha.","Health"
"Ghar pe sab a documentary I watched ke baare mein baat kar rahe the agle hafte.","General/Other"
"a dining table ki delivery late ho rahi hai thodi der mein jabki dopahar se online a pair of sneakers order kiya.","Shopping"
"The overnight bus to Jaipur was surprisingly comfortable","Travel"
"abhi tak vendor contract complete karna hai.","Work/Office"
"I finally cleared my bank statement since noon, because i finally cleared my mutual fund investment in a while.","Finance"
"We ordered butter chicken for dinner since Monday.","Food"
"Subah se hi kaafi frustrated mehsoos ho raha hai wo message padhne ke baad.","Mood/Emotion"
"aajkal the neighbor's new dog ke baare mein baat hui.","General/Other"
"Aakhirkar the insurance premium clear kar diya pichle teen din se, jabki the tax filing auto-debit ho gaya pichle hafte se.","Finance"
"Bataana mushkil hai lekin news sunne ke baad bahut kaafi frustrated hoon.","Mood/Emotion"
"Purana the office server baar hang hota tha isliye naya le liya isliye the Wi-Fi router internet se connect hi nahi ho raha pichle hafte se.","Technology"
"aaj shaam ko the class test submit karna hai","Education"
"Account login nahi ho raha.","Technology"
"agle hafte the entrance exam submit karna hai par boss ne the online course samjhaane mein madad ki.","Education"
"Subah se hi ajeeb sa calm mehsoos ho raha hai kuch bhi thik nahi ho raha isliye.","Mood/Emotion"
"We finally closed the client presentation by Friday, since i'll be working from home since morning to complete the vendor contract.","Work/Office"
"landlord ne bola the loan application review karo isliye kal my mutual fund investment pay karna hai.","Finance"
"Lately I feel irritated after that conversation, and I don't know why, since I've been so busy, I've just been feeling content.","Mood/Emotion"
"my sister is not happy with how the team meeting notes turned out.","Work/Office"
"subah se migraine thik nahi ho raha.","Health"
"i finally cleared my mutual fund investment for a couple of hours","Finance"
"customer support wale ne ek achi brand suggest ki a handbag ke liye","Shopping"
"Goa wali cab Friday tak delay ho gayi.","Travel"
"abhi the final exams submit karna hai.","Education"
"I had to reinstall the company website last night.","Technology"
"my laptop keeps crashing a few minutes ago since i switched to a new the mobile app because the old one kept freezing.","Technology"
"do din se dinner mein idli sambar order kiya","Food"
"the doctor mentioned the community meeting during our chat while my friend mentioned the traffic on the way home during our chat.","General/Other"
"mere cousin ne code review ke baare mein call rakhi hai parso.","Work/Office"
"bataana mushkil hai lekin future ke baare mein soch kar bahut overwhelmed hoon","Mood/Emotion"
"Train got delayed again.","Travel"
"customer support advised me to review my online banking.","Finance"
"kal the thesis draft submit karna hai.","Education"
"I have to present the performance review in front of the leadership since two days.","Work/Office"
"Samajh nahi aa raha my laptop itna slow kyun hai kuch ghanton se.","Technology"
"ghutno mein dard ki wajah se aaj shaam ko kaam pe nahi ja paaya.","Health"
"Ghar pe sab the festival preparations ke baare mein baat kar rahe the pichle hafte se.","General/Other"
"yeh kaafi disappointed wala feeling jaa hi nahi raha kuch bhi thik nahi ho raha isliye","Mood/Emotion"
"My the loan application got auto-debited by Friday, while i finally cleared the loan application from tomorrow.","Finance"
"my sister recommended a place that serves amazing noodles.","Food"
"subah se hi santusht mehsoos ho raha hai aakhirkar kaam khatam karne ke baad","Mood/Emotion"
"i need to pay my credit score right now","Finance"
"My the personal loan EMI got auto-debited since morning.","Finance"
"Mujhe thodi der mein se kaafi khaansi ho raha hai, par mujhe do din se halka bukhar ho raha hai.","Health"
"My online banking got auto-debited since yesterday.","Finance"
"Store mein a set of headphones pe badi sale lagi hai aajkal.","Shopping"
"main restless feel kar raha hoon news sunne ke baad","Mood/Emotion"
"Sach kahoon toh future ke baare mein soch kar, mann bahut ajeeb sa calm hai.","Mood/Emotion"
"Store mein a backpack pe badi sale lagi hai aaj shaam ko.","Shopping"
"customer support asked me to revise the budget proposal this weekend, because our team is stuck on the client presentation next week.","Work/Office"
"a study lamp ki delivery late ho rahi hai kal raat se jabki store mein a study lamp pe badi sale lagi hai pichle hafte se.","Shopping"
"I need to pay my online banking since noon.","Finance"
"We ordered grilled sandwiches for dinner next week though my brother recommended a place that serves amazing rajma chawal.","Food"
"agle hafte online sunglasses order kiya","Shopping"
"We ordered a cheese pizza for dinner this month.","Food"
"My credit score got auto-debited this weekend.","Finance"
"I'm nervous about physics scheduled next week.","Education"
"The pharmacist gave me some tablets for chest tightness, while a mild fever has been bothering me since noon.","Health"
"Subah se hi emotionally thaka hua mehsoos ho raha hai cheezein plan ke hisaab se na hone ki wajah se.","Mood/Emotion"
"I have to submit the chemistry lab report from tomorrow.","Education"
"a kitchen mixer pe zabardast discount mila","Shopping"
"I had to stay back late yesterday to finish the client presentation since the meeting got moved up by a full day without much notice.","Work/Office"
"I have to submit mathematics last night","Education"
"my brother asked me to revise the sprint review since noon.","Work/Office"
"mere manager ne bola sprint review revise karo Monday se.","Work/Office"
"i tried making dosa at home next month","Food"
"i'm waiting for my refund for a dining table","Shopping"
"Samajh nahi aa raha the mobile app itna slow kyun hai agle hafte","Technology"
"My credit score got auto-debited in a while i checked my credit card bill and noticed something odd.","Finance"
"I feel like a mild fever is getting worse since noon.","Health"
"Our professor unexpectedly extended the deadline for the semester project, which gave the entire class some much needed breathing room to finish the research properly.","Education"
"It's hard to explain but I feel hopeful because nothing seems to be going right.","Mood/Emotion"
"do din se Rishikesh ghumne ka plan bana raha hoon, isliye parso Ladakh ghumne ka plan bana raha hoon.","Travel"
"mere cousin ne the mobile app fix karne mein madad ki.","Technology"
"mere cousin ne bola specialist ko dikhao kamar dard ke liye","Health"
"aaj online a formal shirt order kiya.","Shopping"
"mummy ne bola marketing plan revise karo kal raat se.","Work/Office"
"We talked about the neighborhood cat for a while by Friday.","General/Other"
"Recovering slowly from an ear infection since noon","Health"
"I woke up feeling a little low after a long day","Mood/Emotion"
"Monday se online a set of headphones order kiya.","Shopping"
"I can't figure out why my external hard drive is so slow next month and the mobile app won't connect to the internet a few minutes ago.","Technology"
"I can't figure out why the office server is so slow for a couple of hours.","Technology"
"agle mahine the history assignment submit karna hai.","Education"
"I'm so proud of myself.","Mood/Emotion"
"The jacket I ordered last week arrived with a small tear near the sleeve, so now I have to go through the entire return and refund process again.","Shopping"
"do din se wale the thesis draft ko lekar nervous hoon","Education"
"Ghar pe sab the family gathering this weekend ke baare mein baat kar rahe the kuch minute pehle.","General/Other"
"I finally bought a backpack after weeks of thinking about it, since the store had a huge sale on a dining table this afternoon.","Shopping"
"Our cab to Manali got delayed tomorrow.","Travel"
"The deadline for the hiring paperwork got moved up by Friday","Work/Office"
"Aakhirkar Pune ke liye flight ki ticket book kar li lekin dubai wali road trip Friday tak delay ho gayi.","Travel"
"team meeting notes ki deadline aage badh gayi kal.","Work/Office"
"it's hard to explain but I feel a bit lonely after finishing the task finally","Mood/Emotion"
"my email account achanak kaam karna band kar diya is weekend, isliye technician ne my browser dekha lekin issue nahi mila.","Technology"
"do din se wale physics ko lekar nervous hoon, isliye aaj shaam ko wale the group presentation ko lekar nervous hoon.","Education"
"I need to pack for Goa tomorrow.","Travel"
"I have to submit the thesis draft since two days.","Education"
"We finally closed the status update tomorrow.","Work/Office"
"I noticed stomach pain by Friday and it's not going away.","Health"
"I feel like dizziness is getting worse this morning though i had to skip work due to a skin rash just now.","Health"
"I had to skip work due to swelling in my ankle since yesterday","Health"
"I ordered a handbag online these days.","Shopping"
"aakhirkar my bank statement clear kar diya kuch minute pehle","Finance"
"abhi tak hiring paperwork complete karna hai","Work/Office"
"a smartwatch ki delivery late ho rahi hai kal.","Shopping"
"I'm craving biryani right now.","Food"
"Store mein a dining table pe badi sale lagi hai do din se, uske upar se mere cousin ne ek achi brand suggest ki a winter jacket ke liye.","Shopping"
"Honestly, I feel content after finishing the task finally while since I've been so busy, I've just been feeling irritated.","Mood/Emotion"
"i ordered a backpack online since yesterday","Shopping"
"We reached the hotel finally.","Travel"
"agle hafte tak project timeline complete karna hai jabki performance review ki deadline aage badh gayi Friday tak.","Work/Office"
"Sach kahoon toh itna busy rehne ki wajah se, mann bahut poori tarah drained hai","Mood/Emotion"
"dopahar se the chemistry lab report submit karna hai.","Education"
"agle mahine ghar pe paneer tikka banane ki koshish ki.","Food"
"I've been saving up to close my online banking early.","Finance"
"I had to skip work due to a bad cough a few minutes ago though i had to skip work due to nausea since morning.","Health"
"the new software update suddenly stopped working a few minutes ago.","Technology"
"Our cab to Pune got delayed last night.","Travel"
"thodi der mein dinner mein tacos order kiya.","Food"
"I've been dealing with weakness today.","Health"
"I woke up feeling a little low after finishing the task finally.","Mood/Emotion"
"We're hosting friends in a while and planning to make rajma chawal","Food"
"agle mahine se pet dard thik nahi ho raha.","Health"
"samajh nahi aa raha the company website itna slow kyun hai parso kyunki samajh nahi aa raha the office server itna slow kyun hai subah se.","Technology"
"Aaj jee michlana ki wajah se rest kar raha hoon.","Health"
"I have to submit the semester project since noon.","Education"
"I'm not sure whether to take a train or drive to Darjeeling.","Travel"
"kal the loan application pay karna hai","Finance"
"Aajkal irritated feel ho raha hai lambe din ke baad","Mood/Emotion"
"I have to submit the coding assignment since two days.","Education"
"raat se the loan application pay karna hai aur mere manager ne bola my bank statement review karo.","Finance"
"Recovering slowly from a headache a few minutes ago.","Health"
"my father helped me understand the class test better.","Education"
"Sach kahoon toh lambe din ke baad, mann bahut ajeeb sa calm hai.","Mood/Emotion"
"my father asked me to revise the team meeting notes this month, since there's a meeting about the quarterly report scheduled this month.","Work/Office"
"I couldn't sleep properly because of a running nose for a couple of hours.","Health"
"I'm not sure whether to take a overnight bus or drive to Varanasi.","Travel"
"subah se the chemistry lab report submit karna hai.","Education"
"thodi der mein wale physics ko lekar nervous hoon.","Education"
"I need to pay the electricity bill this morning plus i finally cleared the electricity bill since last week.","Finance"
"mere manager ne bola thoda rest kar jee michlana thik ho jayega, isliye kamzori ki wajah se agle mahine kaam pe nahi ja paaya.","Health"
"Store mein a pair of running shoes pe badi sale lagi hai kuch ghanton se","Shopping"
"my brother scheduled a call about the project timeline since last week because my manager scheduled a call about the hiring paperwork since noon.","Work/Office"
"the store had a huge sale on a pair of running shoes a few minutes ago","Shopping"
"Our road trip to Ladakh got delayed next month so the airport security took forever since two days.","Travel"
"We ordered rajma chawal for dinner this month, and we're hosting friends a few minutes ago and planning to make biryani.","Food"
"We ordered dosa for dinner this evening.","Food"
"We finally closed the audit checklist in a while.","Work/Office"
"The delivery for a formal shirt is delayed for the past three days and the delivery for a set of headphones is delayed this weekend.","Shopping"
"I spent some time dealing with an old photo album right now.","General/Other"
"my salary auto-debit ho gaya parso","Finance"
"Everyone at home was discussing the long queue at the grocery store for a couple of hours","General/Other"
"I need to pay my mutual fund investment right now since my credit card bill got auto-debited next month.","Finance"
"a headache has been bothering me tomorrow.","Health"
"is hafte se loose motion thik nahi ho raha, jabki dukaandaar ne bola specialist ko dikhao chakkar ke liye.","Health"
"The office server went down right before the client demo, and the entire IT team scrambled to restore access before the meeting started.","Technology"
"subah se the final exams submit karna hai.","Education"
"doctor ne the office server fix karne mein madad ki par mere manager ne the operating system fix karne mein madad ki.","Technology"
"Aajkal akela feel ho raha hai cheezein plan ke hisaab se na hone ki wajah se.","Mood/Emotion"
"since I've been so busy, I've just been feeling so frustrated.","Mood/Emotion"
"Main thoda anxious feel kar raha hoon future ke baare mein soch kar.","Mood/Emotion"
"My savings account got auto-debited next month.","Finance"
"I woke up feeling demotivated because of everything going on lately.","Mood/Emotion"
"pichle hafte se Ladakh ghumne ka plan bana raha hoon lekin delhi wali road trip subah se delay ho gayi.","Travel"
"Aajkal santusht feel ho raha hai news sunne ke baad.","Mood/Emotion"
"my sister helped me fix the office printer.","Technology"
"Samajh nahi aa raha connecting flight loon ya khud drive karke Shimla jaaun kyunki ooty pahunchte hi gaadi rent pe le lenge.","Travel"
"Honestly, I feel really excited after that conversation because after a long day, I've just been feeling really happy.","Mood/Emotion"
"I ordered a dining table online today.","Shopping"
"is weekend online a smartwatch order kiya.","Shopping"
"is weekend se seene mein jakadan thik nahi ho raha","Health"
"Friday tak ghar pe a fruit salad banane ki koshish ki.","Food"
"kuch minute pehle the family gathering this weekend ke baare mein baat hui.","General/Other"
"We ordered pasta for dinner since two days.","Food"
"aaj shaam ko tak marketing plan complete karna hai.","Work/Office"
"I spent some time dealing with the neighbor's new dog right now.","General/Other"
"Lately I feel restless because nothing seems to be going right, and I don't know why","Mood/Emotion"
"Delhi wali overnight bus aajkal delay ho gayi.","Travel"
"I need to pay this month's rent since last week.","Finance"
"Pata nahi kyun par lambe din ke baad bahut kaafi khush lag raha hoon.","Mood/Emotion"
"there's a strange feeling of being overwhelmed after hearing the news","Mood/Emotion"
"a pair of jeans ki delivery late ho rahi hai aaj shaam ko","Shopping"
"abhi dinner mein biryani order kiya.","Food"
"I'm nervous about the class test scheduled tomorrow though i'm nervous about the group presentation scheduled in a while.","Education"
"my brother recommended a place that serves amazing tacos.","Food"
"Bataana mushkil hai lekin us bahas ke baad bahut proud hoon.","Mood/Emotion"
"kal half day liya project timeline complete karne ke liye.","Work/Office"
"Ghar pe sab the power cut yesterday ke baare mein baat kar rahe the pichle teen din se","General/Other"
"ghar pe sab the community meeting ke baare mein baat kar rahe the kuch ghanton se","General/Other"
"aakhirkar kaam khatam karne ke baad, bas ek ajeeb sa emotionally thaka hua feeling aa rahi hai.","Mood/Emotion"
"store mein a set of headphones pe badi sale lagi hai kal par doctor ne ek achi brand suggest ki a dining table ke liye.","Shopping"
"Aajkal bina kisi wajah ke bhi ek halka sa anxiety rehta hai, aur ye kaafi thakaane wala hai.","Mood/Emotion"
"is hafte online a backpack order kiya.","Shopping"
"i woke up feeling pretty disappointed after getting that message","Mood/Emotion"
"aajkal walk karte waqt the noisy construction nearby dikha.","General/Other"
"aaj tak project timeline complete karna hai.","Work/Office"
"Aajkal bahut motivated feel ho raha hai lambe din ke baad.","Mood/Emotion"
"customer support wale ne bola specialist ko dikhao chakkar ke liye.","Health"
"I'm nervous about the final exams scheduled since morning.","Education"
"We ordered butter chicken for dinner since morning.","Food"
"kuch minute pehle dost aa rahe hain aur rajma chawal banane ka plan hai, lekin meri behen ne ek jagah bataayi jahan ka pancakes zabardast hai.","Food"
"I couldn't sleep properly because of a running nose since two days so i had to skip work due to a migraine since noon.","Health"
"my browser internet se connect hi nahi ho raha kal se.","Technology"
"I finally bought a pair of running shoes after weeks of thinking about it so the store had a huge sale on a set of headphones this morning.","Shopping"
"Recovering slowly from swelling in my ankle just now.","Health"
"i'm nervous about the thesis draft scheduled since noon so i'm nervous about the group presentation scheduled these days.","Education"
"hiring paperwork submit kar diya abhi lekin abhi tak reply nahi aaya.","Work/Office"
"thodi der mein ghar pe pav bhaji banane ki koshish ki.","Food"
"Samajh nahi aa raha the company website itna slow kyun hai aaj, kyunki samajh nahi aa raha the operating system itna slow kyun hai kal raat se.","Technology"
"raat se wale the online course ko lekar nervous hoon.","Education"
"Pata nahi kyun par kuch bhi thik nahi ho raha isliye bahut proud lag raha hoon.","Mood/Emotion"
"the teacher is not happy with how the sprint review turned out.","Work/Office"
"Bank balance is low.","Finance"
"The deadline for the vendor contract got moved up by Friday.","Work/Office"
"Ghar pe sab the neighborhood cat ke baare mein baat kar rahe the pichle hafte se.","General/Other"
"We ordered butter chicken for dinner since last week","Food"
"my friend asked me to revise the code review this afternoon.","Work/Office"
"kuch ghanton se wale the chemistry lab report ko lekar nervous hoon.","Education"
"performance review ki deadline aage badh gayi aaj.","Work/Office"
"thodi der mein dinner mein pancakes order kiya uske alawa is hafte dost aa rahe hain aur a fruit salad banane ka plan hai.","Food"
"I tried making butter chicken at home this weekend, and on top of that we're hosting friends since yesterday and planning to make pasta.","Food"
"kuch minute pehle walk karte waqt the weekend plans dikha","General/Other"
"I tried making momos at home this afternoon and i tried making paneer tikka at home this month.","Food"
"Aajkal poori tarah drained feel ho raha hai us bahas ke baad.","Mood/Emotion"
"Our road trip to Dubai got delayed for a couple of hours","Travel"
"Abhi Delhi wali train ke liye check-in kar liya.","Travel"
"I had to reinstall my browser next month","Technology"
"Lately I feel really excited since things didn't go as planned, and I don't know why.","Mood/Emotion"
"vendor contract ko lekar meeting hai kal.","Work/Office"
"Ghar pe sab the traffic on the way home ke baare mein baat kar rahe the pichle hafte se.","General/Other"
"Everyone at home was discussing the festival preparations since last week.","General/Other"
"i finally got my results for mathematics","Education"
"Kutta bhaunkna band hi nahi kar raha.","General/Other"
"mere bhai ne ek jagah bataayi jahan ka paneer tikka zabardast hai.","Food"
"We ordered grilled sandwiches for dinner since last night.","Food"
"my cousin recommended a place that serves amazing rajma chawal.","Food"
"I have to submit physics today","Education"
"a winter jacket ki delivery late ho rahi hai thodi der mein par mere colleague ne ek achi brand suggest ki a pair of sneakers ke liye.","Shopping"
"is weekend half day liya hiring paperwork complete karne ke liye","Work/Office"
"do din se dost aa rahe hain aur paneer tikka banane ka plan hai, uske upar se kal dost aa rahe hain aur dosa banane ka plan hai.","Food"
"Lately I feel unusually calm since the plans got cancelled, and I don't know why","Mood/Emotion"
"i had to skip work due to a headache this evening","Health"
"sab kuch ek saath ho raha hai isliye bas ek ajeeb sa nervous feeling aa rahi hai","Mood/Emotion"
"agle mahine Delhi ke liye packing karni hai.","Travel"
"Ghar pe sab the long queue at the grocery store ke baare mein baat kar rahe the aaj shaam ko.","General/Other"
"my smartwatch app suddenly stopped working this evening, and on top of that i can't figure out why my external hard drive is so slow these days.","Technology"
"doctor ne ek jagah bataayi jahan ka butter chicken zabardast hai.","Food"
"Jab se project last minute pe cancel hua hai, tab se ek ajeeb sa mix feel ho raha hai, thoda relief aur thoda disappointment.","Mood/Emotion"
"aajkal se chakkar thik nahi ho raha.","Health"
"client presentation ko lekar meeting hai aaj.","Work/Office"
"Kal se kaan mein infection pareshan kar raha hai.","Health"
"I noticed an old photo album while walking this afternoon","General/Other"
"aankhon mein dhundhlapan ki wajah se kuch ghanton se kaam pe nahi ja paaya, lekin delivery wale ne bola thoda rest kar kamar dard thik ho jayega.","Health"
"dukaandaar ne the history assignment samjhaane mein madad ki","Education"
"delivery wale ne bola thoda rest kar badan dard thik ho jayega.","Health"
"the Wi-Fi router won't connect to the internet this evening plus my external hard drive keeps crashing since noon.","Technology"
"There's a meeting about the sprint review scheduled since last week.","Work/Office"
"my neighbor mentioned the festival preparations during our chat, because i spent some time dealing with the neighbor's new dog next month.","General/Other"
"dopahar se dost aa rahe hain aur a vegetable stir fry banane ka plan hai lekin customer support wale ne ek jagah bataayi jahan ka a cheese pizza zabardast hai.","Food"
"kal random mein a documentary I watched ki baat chal padi","General/Other"
"Main emotionally thaka hua feel kar raha hoon news sunne ke baad.","Mood/Emotion"
"I couldn't sleep properly because of back pain by Friday.","Health"
"agle hafte Manali ke liye packing karni hai isliye kerala wali connecting flight abhi delay ho gayi.","Travel"
"is weekend my salary pay karna hai.","Finance"
"Singapore wali road trip abhi delay ho gayi, aur aakhirkar Ladakh ke liye road trip ki ticket book kar li.","Travel"
"Yeh poori tarah drained wala feeling jaa hi nahi raha purane dosto ki yaad aane se.","Mood/Emotion"
"the teacher recommended a place that serves amazing momos and my colleague recommended a place that serves amazing pav bhaji.","Food"
"my sister mentioned the traffic on the way home during our chat","General/Other"
"Aakhirkar performance review close kar diya kal raat se.","Work/Office"
"teacher ne bola sprint review revise karo subah se","Work/Office"
"the electricity bill auto-debit ho gaya agle hafte, par aakhirkar my credit score clear kar diya Friday tak.","Finance"
"I've started taking medicine for acidity","Health"
"Ghar pe sab an old photo album ke baare mein baat kar rahe the abhi.","General/Other"
"the teacher helped me understand mathematics better.","Education"
"I need to pay my credit card bill this morning and i need to pay this month's rent for the past three days.","Finance"
"I feel like a bad cough is getting worse since two days.","Health"
"Our train to Singapore got delayed since yesterday even though i'm planning a trip to Ladakh a few minutes ago.","Travel"
"Delhi wali connecting flight parso delay ho gayi isliye dopahar se Pune ghumne ka plan bana raha hoon.","Travel"
"i need to finish the hiring paperwork before a few minutes ago","Work/Office"
"kal walk karte waqt the garden we're planting dikha.","General/Other"
"dopahar se my browser reinstall karna pada.","Technology"
"dopahar se tak marketing plan complete karna hai jabki quarterly report submit kar diya abhi lekin abhi tak reply nahi aaya.","Work/Office"
"Everyone at home was discussing the neighbor's new dog right now, because we talked about the garden we're planting for a while since last week.","General/Other"
"mere manager ne bola specialist ko dikhao sar dard ke liye.","Health"
"The delivery for a pair of running shoes is delayed today.","Shopping"
"We ordered dosa for dinner this afternoon","Food"
"we're hosting friends since last week and planning to make biryani","Food"
"I have to submit mathematics from tomorrow.","Education"
"Aakhirkar Ladakh ke liye local train ki ticket book kar li.","Travel"
"my manager helped me understand the literature essay better.","Education"
"Friday tak thoda time the family gathering this weekend sambhalne mein laga.","General/Other"
"this month's rent auto-debit ho gaya agle mahine kyunki aakhirkar a fixed deposit clear kar diya thodi der mein.","Finance"
"I need to pay the electricity bill this weekend.","Finance"
"thodi der mein online a laptop bag order kiya.","Shopping"
"my bank statement auto-debit ho gaya kuch minute pehle.","Finance"
"the long queue at the grocery store ke baare mein kuch interesting padha","General/Other"
"abhi wale the thesis draft ko lekar nervous hoon, par kuch ghanton se the scholarship application submit karna hai.","Education"
"the delivery guy helped me understand the group presentation better.","Education"
"I can't shake off this extremely stressed feeling since the plans got cancelled","Mood/Emotion"
"my friend asked me to revise the status update just now because i took a half day today to catch up on the performance review.","Work/Office"
"We ordered pancakes for dinner last night.","Food"
"my colleague is not happy with how the project timeline turned out","Work/Office"
"my email account suddenly stopped working last night though my password manager keeps crashing for a couple of hours.","Technology"
"kal Varanasi ke liye packing karni hai","Travel"
"the weekend plans came up randomly in conversation since yesterday.","General/Other"
"I noticed the new furniture we bought while walking next month.","General/Other"
"The pharmacist gave me some tablets for blurry vision.","Health"
"I'm reworking my budget because of a fixed deposit even though i need to pay my savings account right now.","Finance"
"Sach kahoon toh us baat cheet ke baad, mann bahut irritated hai.","Mood/Emotion"
"itna busy rehne ki wajah se bas ek ajeeb sa emotionally thaka hua feeling aa rahi hai","Mood/Emotion"
"I need to pay my mutual fund investment since last night","Finance"
"teacher ne the scholarship application samjhaane mein madad ki.","Education"
"I need to pay the insurance premium since yesterday plus i finally cleared a fixed deposit for a couple of hours.","Finance"
"professor ne bola budget proposal revise karo abhi.","Work/Office"
"kal raat se the history assignment submit karna hai, kyunki poori raat jaagkar the chemistry lab report complete kiya.","Education"
"store mein sunglasses pe badi sale lagi hai kal se","Shopping"
"I finally cleared the personal loan EMI next week.","Finance"
"my neighbor helped me understand the final exams better.","Education"
"Bangalore wali connecting flight kaafi comfortable thi.","Travel"
"abhi dinner mein idli sambar order kiya","Food"
"Subah se hi hopeful mehsoos ho raha hai kuch bhi thik nahi ho raha isliye.","Mood/Emotion"
"the mobile app internet se connect hi nahi ho raha is mahine.","Technology"
"Mujhe abhi se migraine ho raha hai","Health"
"aaj tak audit checklist complete karna hai.","Work/Office"
"is hafte se takhne mein sujan thik nahi ho raha, jabki kaafi khaansi ki wajah se kal raat se kaam pe nahi ja paaya.","Health"
"Monday se ghar pe paneer tikka banane ki koshish ki.","Food"
"kal raat se ghar pe rajma chawal banane ki koshish ki, par friday tak dinner mein idli sambar order kiya.","Food"
"agle mahine wale the final exams ko lekar nervous hoon.","Education"
"I noticed the neighbor's new dog while walking this month.","General/Other"
"kal se online sunglasses order kiya.","Shopping"
"The cab to Goa was surprisingly comfortable.","Travel"
"agle mahine half day liya sprint review complete karne ke liye.","Work/Office"
"I need to pack for Dubai since Monday.","Travel"
"The deadline for the hiring paperwork got moved up since last week, and on top of that our team is stuck on the sprint review since last week.","Work/Office"
"We ordered tacos for dinner this morning.","Food"
"thodi der mein thoda time an old photo album sambhalne mein laga","General/Other"
"Weekend plans are still unclear.","General/Other"
"I feel like weakness is getting worse for the past three days plus my father suggested I see a specialist because of a skin rash.","Health"
"thodi der mein leadership ke saamne sales deck present karna hai","Work/Office"
"There's a strange feeling of being completely drained because I miss my old friends.","Mood/Emotion"
"Our road trip to Ladakh got delayed in a while.","Travel"
"dopahar se random mein the neighborhood cat ki baat chal padi.","General/Other"
"I need to pack for Varanasi since last night.","Travel"
"Monday se dinner mein tacos order kiya.","Food"
"I can't shake off this overwhelmed feeling after a long day.","Mood/Emotion"
"a fixed deposit auto-debit ho gaya kuch ghanton se uske alawa kal se my bank statement pay karna hai.","Finance"
"I'm nervous about physics scheduled since last night.","Education"
"I'm planning a trip to Kolkata right now, so our overnight bus to Goa got delayed in a while.","Travel"
"code review ki deadline aage badh gayi pichle hafte se.","Work/Office"
"is weekend online a pair of running shoes order kiya.","Shopping"
"I'm not sure whether to take a road trip or drive to Jaipur.","Travel"
"I have to submit the class test last night since i'm nervous about the class test scheduled from tomorrow.","Education"
"agle hafte my salary pay karna hai","Finance"
"agle mahine online a pair of jeans order kiya kyunki a handbag ki delivery late ho rahi hai Monday se.","Shopping"
"I woke up feeling very motivated because of everything going on lately.","Mood/Emotion"
"i'm troubleshooting my smartwatch app right now","Technology"
"thodi der mein ghar pe noodles banane ki koshish ki.","Food"
"Pata nahi kyun par kuch bhi thik nahi ho raha isliye bahut thoda anxious lag raha hoon.","Mood/Emotion"
"The deadline for the audit checklist got moved up by Friday","Work/Office"
"professor ne bola specialist ko dikhao halka bukhar ke liye, isliye boss ne bola thoda rest kar kamzori thik ho jayega.","Health"
"landlord ne bola my salary review karo.","Finance"
"We're renting a car once we reach Ladakh.","Travel"
"I need to pay this month's rent right now, but i finally cleared the tax filing this afternoon.","Finance"
"I need to check my statement.","Finance"
"I can't shake off this really happy feeling after getting that message.","Mood/Emotion"
"I have to present the marketing plan in front of the leadership from tomorrow.","Work/Office"
"Friday tak the semester project submit karna hai.","Education"
"mere bhai ne ek achi brand suggest ki a pair of jeans ke liye.","Shopping"
"my father recommended a place that serves amazing pasta.","Food"
"Friday tak my external hard drive reinstall karna pada.","Technology"
"I have to submit the class test this weekend.","Education"
"landlord ne ek jagah bataayi jahan ka dosa zabardast hai.","Food"
"pichle teen din se dinner mein grilled sandwiches order kiya kyunki mere dost ne ek jagah bataayi jahan ka pancakes zabardast hai.","Food"
"Bataana mushkil hai lekin kuch bhi thik nahi ho raha isliye bahut motivated hoon","Mood/Emotion"
"my professor recommended a good brand for a pair of jeans","Shopping"
"I need to pack for Bangalore tomorrow.","Travel"
"a pair of running shoes ki delivery late ho rahi hai kal kyunki store mein a winter jacket pe badi sale lagi hai is mahine.","Shopping"
"My online banking got auto-debited this month.","Finance"
"Sach kahoon toh bina kisi wajah ke, mann bahut akela hai.","Mood/Emotion"
"aaj Manali ghumne ka plan bana raha hoon.","Travel"
"pichle teen din se thoda time the long queue at the grocery store sambhalne mein laga.","General/Other"
"The delivery for a handbag is delayed this evening, so i ordered a set of headphones online this afternoon.","Shopping"
"I submitted the marketing plan this afternoon but haven't heard back yet","Work/Office"
"Recovering slowly from a migraine by Friday.","Health"
"My credit card bill got auto-debited since two days while i need to pay the electricity bill next month.","Finance"
"my roommate helped me understand the final exams better.","Education"
"Bataana mushkil hai lekin bina kisi wajah ke bahut restless hoon.","Mood/Emotion"
"Samajh nahi aa raha the office printer itna slow kyun hai aaj","Technology"
"I noticed the family gathering this weekend while walking today.","General/Other"
"Lately I feel so frustrated thinking about the future, and I don't know why.","Mood/Emotion"
"customer support wale ne the online course samjhaane mein madad ki","Education"
"I couldn't sleep properly because of a bad cough since last week.","Health"
"Aajkal proud feel ho raha hai news sunne ke baad.","Mood/Emotion"
"my brother mentioned the family gathering this weekend during our chat because we talked about the power cut yesterday for a while in a while.","General/Other"
"parso my mutual fund investment pay karna hai isliye aakhirkar my credit card bill clear kar diya aaj.","Finance"
"The technician looked at the mobile app but couldn't find the issue.","Technology"
"pichle hafte se dost aa rahe hain aur tacos banane ka plan hai","Food"
"My appointment for dizziness got rescheduled.","Health"
"Traffic ki wajah se connecting overnight bus miss ho gayi.","Travel"
"kuch minute pehle an old photo album ke baare mein baat hui.","General/Other"
"i finally booked a road trip ticket to Ladakh plus i just checked in for my cab to Darjeeling.","Travel"
"the personal loan EMI mein kuch mismatch hai jise sort karna hai, par aakhirkar my credit card bill clear kar diya kal.","Finance"
"The delivery for a new smartphone is delayed this month while the delivery for a new smartphone is delayed this afternoon.","Shopping"
"aaj the mobile app reinstall karna pada","Technology"
"agle mahine the electricity bill pay karna hai, jabki aakhirkar my online banking clear kar diya agle mahine.","Finance"
"aaj mathematics submit karna hai.","Education"
"my password manager suddenly stopped working tomorrow.","Technology"
"is weekend se sar dard thik nahi ho raha","Health"
"pata nahi kyun par sab kuch ek saath ho raha hai isliye bahut thoda low lag raha hoon","Mood/Emotion"
"Kai dino tak coding assignment se struggle karne ke baad classmate ne logic aise samjhaya ki sab kuch samajh mein aa gaya.","Education"
"my salary auto-debit ho gaya aajkal.","Finance"
"mummy ne bola my bank statement review karo","Finance"
"thodi der mein dinner mein paneer tikka order kiya, jabki papa ne ek jagah bataayi jahan ka noodles zabardast hai.","Food"
"I have to present the budget proposal in front of the leadership since noon.","Work/Office"
"Shor ki wajah se the scholarship application pe concentrate nahi kar paaya.","Education"
"Bataana mushkil hai lekin purane dosto ki yaad aane se bahut irritated hoon.","Mood/Emotion"
"Ghar pe sab the weather ke baare mein baat kar rahe the parso.","General/Other"
"samajh nahi aa raha my phone itna slow kyun hai parso","Technology"
"kal raat se dinner mein grilled sandwiches order kiya kyunki mere neighbor ne ek jagah bataayi jahan ka idli sambar zabardast hai.","Food"
"I have to submit the group presentation since last night because i'm nervous about the class test scheduled since morning.","Education"
"the shopkeeper suggested I see a specialist because of loose motions since i had to skip work due to acidity since last week.","Health"
"kuch ghanton se work from home karke vendor contract complete karunga.","Work/Office"
"i took a half day this weekend to catch up on the sales deck","Work/Office"
"mere bhai ne ek jagah bataayi jahan ka dosa zabardast hai.","Food"
"Bataana mushkil hai lekin purane dosto ki yaad aane se bahut emotionally thaka hua hoon.","Mood/Emotion"
"Kai mahino se naya laptop bag lene ki soch raha tha, lekin purana toot jaane ke baad jo pehla decent bag mila wahi order kar liya.","Shopping"
"I've been dealing with a skin rash since noon.","Health"
"Honestly, I feel quite anxious after that conversation.","Mood/Emotion"
"I need to pay the loan application this afternoon even though i finally cleared my online banking this morning.","Finance"
"my browser suddenly stopped working this month","Technology"
"The store had a huge sale on sunglasses by Friday.","Shopping"
"ghar pe sab the weekend plans ke baare mein baat kar rahe the kuch ghanton se","General/Other"
"Store mein a formal shirt pe badi sale lagi hai dopahar se.","Shopping"
"I tried making dosa at home this evening since i tried making a cheese pizza at home last night.","Food"
"We're hosting friends by Friday and planning to make pasta, so we're hosting friends this morning and planning to make pasta.","Food"
"Aakhirkar Mumbai ke liye overnight bus ki ticket book kar li par samajh nahi aa raha flight loon ya khud drive karke Ladakh jaaun.","Travel"
"I have to submit the thesis draft this month, but the shopkeeper helped me understand the literature essay better.","Education"
"after hearing the news I've just been feeling proud but it's hard to explain but I feel so frustrated after that argument.","Mood/Emotion"
"mere bhai ne bola my savings account review karo, aur my credit score auto-debit ho gaya thodi der mein.","Finance"
"Main hopeful feel kar raha hoon us bahas ke baad.","Mood/Emotion"
"my father helped me understand the online course better but i have to submit the coding assignment this evening.","Education"
"agle hafte ghar pe a vegetable stir fry banane ki koshish ki.","Food"
"Everyone at home was discussing a documentary I watched tomorrow","General/Other"
"the store had a huge sale on sunglasses from tomorrow","Shopping"
"mummy ne bola specialist ko dikhao chakkar ke liye, isliye dukaandaar ne bola thoda rest kar kaan mein infection thik ho jayega.","Health"
"The deadline for the status update got moved up since noon.","Work/Office"
"professor ne ek jagah bataayi jahan ka dosa zabardast hai.","Food"
"I ordered a pair of running shoes online this weekend.","Shopping"
"delivery wale ne ek jagah bataayi jahan ka idli sambar zabardast hai, isliye aaj shaam ko dinner mein paneer tikka order kiya.","Food"
"the garden we're planting came up randomly in conversation today.","General/Other"
"Professor ne physics ki deadline badha di.","Education"
"kal raat se ghar pe dosa banane ki koshish ki.","Food"
"Abhi Kolkata wali connecting flight ke liye check-in kar liya.","Travel"
"I just checked in for my local train to Singapore.","Travel"
"I need to pay my mutual fund investment last night.","Finance"
"i had to skip work due to back pain since two days so i noticed chest tightness this morning and it's not going away.","Health"
"subah se the literature essay submit karna hai","Education"
"the mobile app baar crash ho raha hai aajkal, lekin the office server internet se connect hi nahi ho raha raat se.","Technology"
"Aajkal thoda anxious feel ho raha hai future ke baare mein soch kar","Mood/Emotion"
"pichle hafte se this month's rent pay karna hai.","Finance"
"I noticed the neighborhood cat while walking in a while.","General/Other"
"subah se leadership ke saamne team meeting notes present karna hai","Work/Office"
"I need to pay my salary since yesterday, though i finally cleared the insurance premium since last night.","Finance"
"I'm nervous about the final exams scheduled since last night, so i have to submit the thesis draft these days.","Education"
"aakhirkar the insurance premium clear kar diya pichle hafte se","Finance"
"Kerala wali cab kaafi comfortable thi.","Travel"
"my email account suddenly stopped working this morning.","Technology"
"status update ki deadline aage badh gayi abhi.","Work/Office"
"aaj se migraine thik nahi ho raha.","Health"
"I'm nervous about physics scheduled for a couple of hours.","Education"
"Ghar pe sab the festival preparations ke baare mein baat kar rahe the Friday tak.","General/Other"
"papa ne the practical exam samjhaane mein madad ki, isliye is weekend wale the class test ko lekar nervous hoon.","Education"
"I took a half day since noon to catch up on the sprint review.","Work/Office"
"my phone won't connect to the internet for the past three days, though i can't figure out why the office printer is so slow today.","Technology"
"After the latest software update, my laptop has been crashing randomly at least twice a day, and none of the usual troubleshooting steps seem to fix it.","Technology"
"mere roommate ne bola specialist ko dikhao gale mein kharash ke liye aur meri behen ne bola specialist ko dikhao kaafi khaansi ke liye.","Health"
"the Wi-Fi router internet se connect hi nahi ho raha subah se","Technology"
"I need to pack for Singapore this afternoon.","Travel"
"biryani ki delivery aane mein ek ghanta lag gaya.","Food"
"my roommate helped me understand mathematics better.","Education"
"aaj acidity ki wajah se rest kar raha hoon uske alawa meri behen ne bola thoda rest kar seene mein jakadan thik ho jayega.","Health"
"Aakhirkar my mutual fund investment clear kar diya subah se aur my credit card bill auto-debit ho gaya is weekend.","Finance"
"Shimla wali flight kaafi comfortable thi.","Travel"
"Pata nahi kyun par future ke baare mein soch kar bahut poori tarah drained lag raha hoon.","Mood/Emotion"
"Store mein a smartwatch pe badi sale lagi hai abhi.","Shopping"
"the cab to Pune was surprisingly comfortable","Travel"
"sprint review ko lekar meeting hai kal.","Work/Office"
"mere bhai ne physics samjhaane mein madad ki","Education"
"we're hosting friends since noon and planning to make idli sambar while the teacher recommended a place that serves amazing dosa.","Food"
"is hafte ghar pe momos banane ki koshish ki halaanki is hafte ghar pe dosa banane ki koshish ki.","Food"
"landlord ne bola thoda rest kar jee michlana thik ho jayega, lekin ghutno mein dard ki wajah se Monday se kaam pe nahi ja paaya.","Health"
"friday tak Pune ghumne ka plan bana raha hoon halaanki is mahine Kerala ghumne ka plan bana raha hoon.","Travel"
"Ghar pe sab a documentary I watched ke baare mein baat kar rahe the pichle teen din se.","General/Other"
"a skin rash has been bothering me this month.","Health"
"Our local train to Kerala got delayed this month.","Travel"
"professor ne bola thoda rest kar migraine thik ho jayega lekin parso se sar dard thik nahi ho raha.","Health"
"We're hosting friends today and planning to make pasta though we're hosting friends since Monday and planning to make a cheese pizza.","Food"
"I'm planning a trip to Manali this evening.","Travel"
"my roommate mentioned the festival preparations during our chat.","General/Other"
"a pair of jeans ke refund ka wait kar raha hoon, jabki a backpack ki delivery late ho rahi hai aajkal.","Shopping"
"my email account achanak kaam karna band kar diya aajkal, lekin samajh nahi aa raha my laptop itna slow kyun hai kal raat se.","Technology"
"mere cousin ne khush nahi hai hiring paperwork ke result se.","Work/Office"
"subah se dost aa rahe hain aur pancakes banane ka plan hai.","Food"
"I tried making pasta at home last night and my mother recommended a place that serves amazing a fruit salad.","Food"
"the operating system achanak kaam karna band kar diya dopahar se, kyunki the operating system achanak kaam karna band kar diya is mahine.","Technology"
"my boss recommended a good brand for a formal shirt.","Shopping"
"my salary got auto-debited this weekend","Finance"
"pichle teen din se dinner mein a cheese pizza order kiya lekin subah se ghar pe pancakes banane ki koshish ki.","Food"
"Monday se takhne mein sujan thik nahi ho raha, kyunki mujhe parso se badan dard ho raha hai.","Health"
"I'm planning a trip to Goa since two days.","Travel"
"do din se the traffic on the way home ke baare mein baat hui.","General/Other"
"There's a strange feeling of being extremely stressed after getting that message.","Mood/Emotion"
"There's a strange feeling of being proud after getting that message.","Mood/Emotion"
"Our local train to Ooty got delayed for the past three days.","Travel"
"Checkup ke liye jaana padega kamar dard ke liye","Health"
"store mein a pair of running shoes pe badi sale lagi hai pichle teen din se","Shopping"
"I've been dealing with nausea this weekend.","Health"
"meri behen ne bola the insurance premium review karo","Finance"
"kal raat se tak code review complete karna hai isliye aakhirkar hiring paperwork close kar diya Friday tak.","Work/Office"
"my password manager baar crash ho raha hai abhi jabki the mobile app internet se connect hi nahi ho raha raat se.","Technology"
"seene mein jakadan ke liye appointment book karwa liya hai.","Health"
"Everyone at home was discussing the family gathering this weekend last night.","General/Other"
"abhi the insurance premium pay karna hai.","Finance"
"I have to submit the group presentation since morning, because i have to submit the online course this month.","Education"
"do din se leadership ke saamne hiring paperwork present karna hai, kyunki aakhirkar marketing plan close kar diya raat se.","Work/Office"
"I'm nervous about the final exams scheduled right now plus i'm nervous about the scholarship application scheduled from tomorrow.","Education"
"I have to submit mathematics these days.","Education"
"parso the insurance premium pay karna hai","Finance"
"I'm troubleshooting the company website right now.","Technology"
"the office printer achanak kaam karna band kar diya kal se.","Technology"
"a backpack ki delivery late ho rahi hai agle hafte, jabki friday tak online a dining table order kiya.","Shopping"
"raat se ghar pe idli sambar banane ki koshish ki.","Food"
"my online banking check kiya toh kuch ajeeb laga.","Finance"
"I ordered a backpack online a few minutes ago","Shopping"
"mere neighbor ne khush nahi hai quarterly report ke result se.","Work/Office"
"agle mahine se badan dard thik nahi ho raha.","Health"
"We're hosting friends today and planning to make a vegetable stir fry, because i tried making biryani at home since Monday.","Food"
"I've been feeling really excited thinking about the future.","Mood/Emotion"
"Main santusht feel kar raha hoon cheezein plan ke hisaab se na hone ki wajah se.","Mood/Emotion"
"lately I feel emotionally exhausted since things didn't go as planned and I don't know why","Mood/Emotion"
"agle hafte se gale mein kharash thik nahi ho raha lekin migraine ki wajah se agle hafte kaam pe nahi ja paaya.","Health"
"mere cousin ne the thesis draft samjhaane mein madad ki.","Education"
"The store had a huge sale on a pair of jeans tomorrow, while my father recommended a good brand for a kitchen mixer.","Shopping"
"I forgot to mention the neighbor's new dog to you earlier while my sister mentioned the family gathering this weekend during our chat.","General/Other"
"is hafte dinner mein a cheese pizza order kiya.","Food"
"samajh nahi aa raha train loon ya khud drive karke Udaipur jaaun","Travel"
"Bataana mushkil hai lekin itna busy rehne ki wajah se bahut poori tarah drained hoon.","Mood/Emotion"
"mummy ne the mobile app fix karne mein madad ki, jabki my smartwatch app baar crash ho raha hai parso.","Technology"
"is weekend my browser reinstall karna pada.","Technology"
"my professor mentioned the family gathering this weekend during our chat since the family gathering this weekend came up randomly in conversation this weekend.","General/Other"
"aaj shaam ko dinner mein butter chicken order kiya","Food"
"halka bukhar ki wajah se is weekend kaam pe nahi ja paaya","Health"
"Aakhirkar status update close kar diya agle hafte par dukaandaar ne sprint review ke baare mein call rakhi hai abhi.","Work/Office"
"I couldn't concentrate on the coding assignment because of the noise.","Education"
"Aakhirkar my bank statement clear kar diya do din se.","Finance"
"The store had a huge sale on a handbag since yesterday, though my roommate recommended a good brand for a new smartphone.","Shopping"
"I ordered a study lamp online tomorrow.","Shopping"
"mere bhai ne mathematics samjhaane mein madad ki.","Education"
"the mobile app keeps crashing next month.","Technology"
"my credit card bill ki wajah se budget dobara plan kar raha hoon","Finance"
"I ordered a dining table online this morning.","Shopping"
"i have to submit the thesis draft today, because i'm nervous about the final exams scheduled tomorrow.","Education"
"Sach kahoon toh cheezein plan ke hisaab se na hone ki wajah se, mann bahut hopeful hai.","Mood/Emotion"
"I'll be working from home since last night to complete the vendor contract.","Work/Office"
"I'm nervous about the thesis draft scheduled these days","Education"
"Yeh irritated wala feeling jaa hi nahi raha lambe din ke baad.","Mood/Emotion"
"my neighbor advised me to review my salary","Finance"
"kal se ghar pe a vegetable stir fry banane ki koshish ki.","Food"
"ghar pe sab the long queue at the grocery store ke baare mein baat kar rahe the kal se","General/Other"
"Recovering slowly from a skin rash since Monday.","Health"
"abhi Mumbai ke liye packing karni hai.","Travel"
"I'm nervous about the history assignment scheduled since two days, and on top of that my roommate helped me understand the scholarship application better.","Education"
"body aches has been bothering me just now.","Health"
"the tax filing auto-debit ho gaya Friday tak.","Finance"
"loose motions has been bothering me this morning","Health"
"my roommate recommended a place that serves amazing pancakes","Food"
"I ordered a new smartphone online since last week, and i ordered a set of headphones online these days.","Shopping"
"mere manager ne the community meeting ka zikr kiya baat cheet mein.","General/Other"
"a winter jacket ki delivery late ho rahi hai agle mahine.","Shopping"
"pichle teen din se wale the coding assignment ko lekar nervous hoon.","Education"
"I ordered a pair of running shoes online next week.","Shopping"
"Store mein a set of headphones pe badi sale lagi hai parso, aur store mein a dining table pe badi sale lagi hai abhi.","Shopping"
"Ghar pe sab the new furniture we bought ke baare mein baat kar rahe the kal se.","General/Other"
"Mujhe subah se kamzori ho raha hai.","Health"
"pichle hafte se Pune ghumne ka plan bana raha hoon.","Travel"
"I'm nervous about the group presentation scheduled this evening.","Education"
"I submitted the vendor contract since morning but haven't heard back yet.","Work/Office"
"I tried making grilled sandwiches at home this morning, because we're hosting friends next month and planning to make a fruit salad.","Food"
"Mumbai wali flight abhi delay ho gayi.","Travel"
"I updated the office printer and now nothing works properly.","Technology"
"meri behen ne the group presentation samjhaane mein madad ki.","Education"
"I couldn't sleep properly because of a mild fever next week even though i couldn't sleep properly because of chest tightness for the past three days.","Health"
"Everyone at home was discussing the community meeting tomorrow.","General/Other"
"the chemistry lab report expectation se zyada tough nikal raha hai, kyunki shor ki wajah se the online course pe concentrate nahi kar paaya.","Education"
"aaj dost aa rahe hain aur grilled sandwiches banane ka plan hai, isliye do din se dinner mein tacos order kiya.","Food"
"I need to finish the sales deck before in a while.","Work/Office"
"pichle hafte se Kolkata ke liye packing karni hai, isliye ladakh wali cab pichle hafte se delay ho gayi.","Travel"
"kamzori ki wajah se abhi kaam pe nahi ja paaya jabki mere manager ne bola specialist ko dikhao migraine ke liye.","Health"
"Aakhirkar the loan application clear kar diya abhi isliye my monthly budget auto-debit ho gaya do din se.","Finance"
"The delivery for a set of headphones is delayed next week.","Shopping"
"Aakhirkar my monthly budget clear kar diya do din se.","Finance"
"aajkal tak audit checklist complete karna hai.","Work/Office"
"abhi the operating system reinstall karna pada.","Technology"
"I'm planning a trip to Manali from tomorrow, and our connecting flight to Dubai got delayed this morning.","Travel"
"kuch minute pehle tak onboarding documents complete karna hai, isliye audit checklist ko lekar meeting hai is weekend.","Work/Office"
"It's hard to explain but I feel content after a long day, so lately I feel irritated without any clear reason, and I don't know why.","Mood/Emotion"
"I ordered a set of headphones online since yesterday.","Shopping"
"honestly I feel quite anxious because I miss my old friends","Mood/Emotion"
"my neighbor recommended a place that serves amazing rajma chawal.","Food"
"my salary auto-debit ho gaya dopahar se.","Finance"
"Everyone at home was discussing the weather for a couple of hours, and my cousin mentioned the new furniture we bought during our chat.","General/Other"
"papa ne ek achi brand suggest ki a handbag ke liye.","Shopping"
"We talked about the neighborhood cat for a while since last night.","General/Other"
"I ordered a handbag online since morning.","Shopping"
"my laptop suddenly stopped working for a couple of hours.","Technology"
"Ooty ke paas ek chhota sa hotel liya hai humne.","Travel"
"mere colleague ne marketing plan ke baare mein call rakhi hai kuch minute pehle.","Work/Office"
"my cousin suggested I see a specialist because of nausea, while a headache has been bothering me this afternoon.","Health"
"agle mahine ghar pe rajma chawal banane ki koshish ki, aur mere dost ne ek jagah bataayi jahan ka momos zabardast hai.","Food"
"Aaj kaafi shaant din raha, bas a documentary I watched ke baare mein soch raha tha.","General/Other"
"mere dost ne bola the insurance premium review karo.","Finance"
"Hafton sochne ke baad aakhirkar a pair of sneakers khareed liya.","Shopping"
"delivery wale ne ek achi brand suggest ki a set of headphones ke liye, kyunki subah se online a pair of sneakers order kiya.","Shopping"
"mere manager ne budget proposal ke baare mein call rakhi hai Friday tak.","Work/Office"
"Lately I feel completely drained since things didn't go as planned, and I don't know why.","Mood/Emotion"
"raat se my savings account pay karna hai halaanki agle mahine the tax filing pay karna hai.","Finance"
"Aajkal restless feel ho raha hai sab kuch ek saath ho raha hai isliye.","Mood/Emotion"
"I need to finish the code review before last night though i submitted the performance review for the past three days but haven't heard back yet.","Work/Office"
"is mahine online sunglasses order kiya.","Shopping"
"i finally cleared this month's rent next week","Finance"
"abhi se acidity thik nahi ho raha.","Health"
"mere neighbor ne ek jagah bataayi jahan ka a fruit salad zabardast hai jabki delivery wale ne ek jagah bataayi jahan ka biryani zabardast hai.","Food"
"Ghar pe sab the traffic on the way home ke baare mein baat kar rahe the is weekend.","General/Other"
"The delivery for a backpack is delayed a few minutes ago.","Shopping"
"It's hard to explain but I feel unusually calm without any clear reason.","Mood/Emotion"
"abhi tak budget proposal complete karna hai.","Work/Office"
"i finally booked a train ticket to Singapore, though i just checked in for my flight to Pune.","Travel"
"Singapore wali overnight bus Friday tak delay ho gayi, lekin samajh nahi aa raha connecting flight loon ya khud drive karke Delhi jaaun.","Travel"
"teacher ne bola my credit score review karo","Finance"
"I can't shake off this so frustrated feeling after that argument, and after a long day, I've just been feeling nervous.","Mood/Emotion"
"i'm not sure whether to take a cab or drive to Ooty","Travel"
"Mujhe kal se kamar dard ho raha hai.","Health"
"landlord ne bola my credit card bill review karo par aakhirkar my credit score clear kar diya kal raat se.","Finance"
"Abhi Ladakh wali flight ke liye check-in kar liya.","Travel"
"abhi walk karte waqt the noisy construction nearby dikha.","General/Other"
"my brother advised me to review my credit card bill.","Finance"
"I feel like a running nose is getting worse since yesterday.","Health"
"I spent some time dealing with the weekend plans this afternoon.","General/Other"
"aakhirkar my credit score clear kar diya is hafte, par my salary auto-debit ho gaya kuch minute pehle.","Finance"
"my phone won't connect to the internet just now.","Technology"
"kal dinner mein grilled sandwiches order kiya.","Food"
"my manager recommended a good brand for a formal shirt, but the delivery for a kitchen mixer is delayed next month.","Shopping"
"Kerala wali train kaafi comfortable thi.","Travel"
"After reviewing my bank statement carefully, I realized there was an extra charge I hadn't accounted for, so now I have to spend the afternoon sorting it out with customer care.","Finance"
"kal se online a winter jacket order kiya.","Shopping"
"dopahar se the thesis draft submit karna hai","Education"
"dopahar se wale the practical exam ko lekar nervous hoon.","Education"
"i tried making noodles at home since last night","Food"
"i ordered a pair of jeans online for a couple of hours","Shopping"
"I just checked in for my cab to Varanasi.","Travel"
"I feel like a skin rash is getting worse this afternoon.","Health"
"cheezein plan ke hisaab se na hone ki wajah se, bas ek ajeeb sa nervous feeling aa rahi hai","Mood/Emotion"
"the doctor recommended a place that serves amazing butter chicken.","Food"
"Friday tak online a kitchen mixer order kiya jabki a dining table ko different size mein exchange karwana hai.","Shopping"
"I have to submit physics for the past three days.","Education"
"i checked the loan application and noticed something odd, because i finally cleared the insurance premium just now.","Finance"
"Monday se random mein the festival preparations ki baat chal padi.","General/Other"
"agle mahine mathematics submit karna hai.","Education"
"thodi der mein wale the chemistry lab report ko lekar nervous hoon lekin mere neighbor ne the group presentation samjhaane mein madad ki.","Education"
"kal dinner mein idli sambar order kiya.","Food"
"Monday se online a new smartphone order kiya","Shopping"
"i finally cleared my mutual fund investment today","Finance"
"Main proud feel kar raha hoon cheezein plan ke hisaab se na hone ki wajah se.","Mood/Emotion"
"i have to submit the literature essay next month","Education"
"I need to pay my bank statement these days.","Finance"
"kuch minute pehle the insurance premium pay karna hai, par do din se my mutual fund investment pay karna hai.","Finance"
"i woke up feeling extremely stressed after that conversation","Mood/Emotion"
"My salary got auto-debited right now.","Finance"
"I had to reinstall the office printer for a couple of hours.","Technology"
"customer support helped me understand the group presentation better while i finally got my results for the literature essay.","Education"
"my brother suggested I see a specialist because of weakness, since i've been dealing with blurry vision since last week.","Health"
"Sach kahoon toh cheezein plan ke hisaab se na hone ki wajah se, mann bahut stressed hai.","Mood/Emotion"
"my sister mentioned the new furniture we bought during our chat since the doctor mentioned an old photo album during our chat.","General/Other"
"hiring paperwork ki deadline aage badh gayi is hafte","Work/Office"
"kal walk karte waqt the family gathering this weekend dikha.","General/Other"
"i finally cleared my salary for a couple of hours and i finally cleared the insurance premium this afternoon.","Finance"
"Delhi wali local train subah se delay ho gayi.","Travel"
"bataana mushkil hai lekin news sunne ke baad bahut restless hoon","Mood/Emotion"
"The delivery for a study lamp is delayed next month.","Shopping"
"medical se jee michlana ki tablet le aaya","Health"
"dukaandaar ne mathematics samjhaane mein madad ki.","Education"
"i had to skip work due to a migraine just now and i got my blood test done because of a mild fever.","Health"
"a kitchen mixer ki delivery late ho rahi hai aaj shaam ko","Shopping"
"Dopahar mein client call hai.","Work/Office"
"Aakhirkar my monthly budget clear kar diya agle mahine.","Finance"
"Ghar pe sab the neighbor's new dog ke baare mein baat kar rahe the is weekend.","General/Other"
"The store had a huge sale on a pair of jeans in a while, and on top of that i ordered a new smartphone online for the past three days.","Shopping"
"pichle hafte se the Wi-Fi router reinstall karna pada lekin samajh nahi aa raha my phone itna slow kyun hai Friday tak.","Technology"
"customer support wale ne the operating system fix karne mein madad ki.","Technology"
"I'm planning to visit the clinic because of dizziness though i couldn't sleep properly because of weakness today.","Health"
"Our local train to Ooty got delayed this evening.","Travel"
"We finally closed the audit checklist last night and i have to present the marketing plan in front of the leadership since last week.","Work/Office"
"I was just thinking about the weekend plans since we talked about the neighborhood cat for a while for the past three days.","General/Other"
"I have to submit the semester project right now.","Education"
"My this month's rent got auto-debited from tomorrow, so i finally cleared a fixed deposit since Monday.","Finance"
"aaj shaam ko ghar pe rajma chawal banane ki koshish ki lekin friday tak dost aa rahe hain aur grilled sandwiches banane ka plan hai.","Food"
"pichle hafte se dinner mein idli sambar order kiya aur do din se ghar pe pancakes banane ki koshish ki.","Food"
"the a pair of jeans I ordered arrived damaged","Shopping"
"I've been feeling completely drained since I've been so busy but i can't shake off this a bit lonely feeling after finishing the task finally.","Mood/Emotion"
"we finally closed the onboarding documents this afternoon","Work/Office"
"mere dost ne the entrance exam samjhaane mein madad ki jabki abhi bhi physics ki taiyari kar raha hoon.","Education"
"mere manager ne the garden we're planting ka zikr kiya baat cheet mein.","General/Other"
"I set up a reminder to pay my monthly budget.","Finance"
"my friend mentioned the neighbor's new dog during our chat though everyone at home was discussing the long queue at the grocery store next month.","General/Other"
"my sister is not happy with how the hiring paperwork turned out","Work/Office"
"I finally cleared the tax filing since yesterday.","Finance"
"The connecting flight to Darjeeling was surprisingly comfortable.","Travel"
"I tried making biryani at home today.","Food"
"I need to pay the loan application since Monday, and on top of that my the insurance premium got auto-debited this weekend.","Finance"
"a handbag pe zabardast discount mila.","Shopping"
"Dhire takhne mein sujan se recover kar raha hoon.","Health"
"Kal se skin par rash pareshan kar raha hai.","Health"
"It's hard to explain but I feel demotivated because nothing seems to be going right.","Mood/Emotion"
"Darjeeling wali connecting flight kaafi comfortable thi.","Travel"
"I have to submit the thesis draft next week","Education"
"pichle hafte se dost aa rahe hain aur pasta banane ka plan hai.","Food"
"a smartwatch ki delivery late ho rahi hai kal se.","Shopping"
"I need to pack for Delhi in a while.","Travel"
"thodi der mein ghar pe a vegetable stir fry banane ki koshish ki.","Food"
"mere dost ne bola specialist ko dikhao ghutno mein dard ke liye par chakkar ki wajah se raat bhar so nahi paaya.","Health"
"landlord ne the operating system fix karne mein madad ki.","Technology"
"Aakhirkar sales deck close kar diya aaj.","Work/Office"
"mere roommate ne the history assignment samjhaane mein madad ki kyunki agle mahine wale the semester project ko lekar nervous hoon.","Education"
"I couldn't sleep properly because of acidity right now.","Health"
"Honestly, I feel really excited without any clear reason.","Mood/Emotion"
"abhi my laptop reinstall karna pada.","Technology"
"I have to present the code review in front of the leadership next month.","Work/Office"
"mere roommate ne budget proposal ke baare mein call rakhi hai kal","Work/Office"
"aaj shaam ko online sunglasses order kiya","Shopping"
"my mutual fund investment auto-debit ho gaya kuch minute pehle","Finance"
"my salary got auto-debited for a couple of hours","Finance"
"I'm nervous about the entrance exam scheduled next month.","Education"
"kaan mein infection ki wajah se is hafte kaam pe nahi ja paaya.","Health"
"I took a half day since two days to catch up on the team meeting notes.","Work/Office"
"the operating system achanak kaam karna band kar diya kuch minute pehle","Technology"
"Aajkal bahut excited feel ho raha hai lambe din ke baad.","Mood/Emotion"
"Aakhirkar the loan application clear kar diya pichle teen din se, kyunki kal se the insurance premium pay karna hai.","Finance"
"kuch minute pehle Jaipur ghumne ka plan bana raha hoon aur kerala wali overnight bus is mahine delay ho gayi.","Travel"
"The delivery for a study lamp is delayed since last night.","Shopping"
"friday tak a fixed deposit pay karna hai","Finance"
"Samajh nahi aa raha overnight bus loon ya khud drive karke Kolkata jaaun.","Travel"
"acidity has been bothering me since last night but recovering slowly from a running nose just now.","Health"
"There's a meeting about the sales deck scheduled this evening, but the shopkeeper scheduled a call about the hiring paperwork for a couple of hours.","Work/Office"
"Checkup ke liye jaana padega halka bukhar ke liye.","Health"
"the noisy construction nearby came up randomly in conversation just now","General/Other"
"Aajkal santusht feel ho raha hai cheezein plan ke hisaab se na hone ki wajah se.","Mood/Emotion"
"my father is not happy with how the budget proposal turned out.","Work/Office"
"a laptop bag ki delivery late ho rahi hai parso, aur store mein a set of headphones pe badi sale lagi hai agle hafte.","Shopping"
"skin par rash ki wajah se subah se kaam pe nahi ja paaya","Health"
"friday tak online a pair of running shoes order kiya, kyunki mere bhai ne ek achi brand suggest ki a pair of sneakers ke liye.","Shopping"
"My credit score got auto-debited for the past three days.","Finance"
"aaj Delhi ke liye packing karni hai.","Travel"
"Sach kahoon toh us baat cheet ke baad, mann bahut thoda low hai.","Mood/Emotion"
"Lunch skip karke seedha pasta kha liya.","Food"
"we talked about the garden we're planting for a while from tomorrow","General/Other"
"The delivery for pasta took almost an hour.","Food"
"I can't shake off this very motivated feeling after that argument because i've been feeling extremely stressed since things didn't go as planned.","Mood/Emotion"
"i added sunglasses to my cart but haven't checked out yet, so the store had a huge sale on a set of headphones since last night.","Shopping"
"I took a half day since Monday to catch up on the code review plus i'll be working from home this afternoon to complete the onboarding documents.","Work/Office"
"We ordered pasta for dinner last night.","Food"
"We finally closed the client presentation tomorrow","Work/Office"
"a winter jacket ki delivery late ho rahi hai do din se.","Shopping"
"subah se the history assignment submit karna hai.","Education"
"this month's rent auto-debit ho gaya subah se.","Finance"
"kuch ghanton se dinner mein idli sambar order kiya.","Food"
"mere colleague ne bola specialist ko dikhao kaafi khaansi ke liye.","Health"
"udaipur wali road trip thodi der mein delay ho gayi, lekin friday tak Jaipur ke liye packing karni hai.","Travel"
"I have to present the marketing plan in front of the leadership next month, since our team is stuck on the quarterly report right now.","Work/Office"
"i couldn't sleep properly because of acidity since last week","Health"
"aaj tak sprint review complete karna hai.","Work/Office"
"Sach kahoon toh wo message padhne ke baad, mann bahut demotivated hai.","Mood/Emotion"
"The connecting flight to Goa was surprisingly comfortable.","Travel"
"Sach kahoon toh future ke baare mein soch kar, mann bahut proud hai.","Mood/Emotion"
"raat se the electricity bill pay karna hai, jabki mummy ne bola the loan application review karo.","Finance"
"I need to pay the tax filing a few minutes ago but i need to pay my savings account this month.","Finance"
"is mahine online a kitchen mixer order kiya.","Shopping"
"I had to reinstall my browser in a while.","Technology"
"The store had a huge sale on a dining table for the past three days.","Shopping"
"I'm troubleshooting the Wi-Fi router right now","Technology"
"Aajkal bahut stressed feel ho raha hai cheezein plan ke hisaab se na hone ki wajah se","Mood/Emotion"
"i noticed blurry vision in a while and it's not going away","Health"
"papa ne bola thoda rest kar migraine thik ho jayega.","Health"
"I'm not sure whether to take a cab or drive to Shimla because i'm not sure whether to take a flight or drive to Mumbai.","Travel"
"I noticed the neighborhood cat while walking since last night.","General/Other"
"Darjeeling wali overnight bus aajkal delay ho gayi.","Travel"
"store mein a handbag pe badi sale lagi hai kuch ghanton se halaanki mere manager ne ek achi brand suggest ki a formal shirt ke liye.","Shopping"
"Aaj raat late tak kaam hai.","Work/Office"
"I finally cleared my mutual fund investment this evening.","Finance"
"i have to submit the chemistry lab report since two days","Education"
"kuch minute pehle online a smartwatch order kiya kyunki a formal shirt ki delivery late ho rahi hai kuch minute pehle.","Shopping"
"team meeting notes submit kar diya do din se lekin abhi tak reply nahi aaya.","Work/Office"
"I've been feeling a bit lonely since I've been so busy while i woke up feeling so frustrated after finishing the task finally.","Mood/Emotion"
"We ordered paneer tikka for dinner this evening.","Food"
"I ordered a winter jacket online today","Shopping"
"I'm planning to visit the clinic because of back pain though recovering slowly from a bad cough since last week.","Health"
"I noticed a headache for the past three days and it's not going away","Health"
"i couldn't sleep properly because of a migraine today","Health"
"abhi tak quarterly report complete karna hai.","Work/Office"
"abhi dost aa rahe hain aur pasta banane ka plan hai.","Food"
"There's this constant undercurrent of anxiety these days, even when nothing specific is wrong, and it's honestly exhausting to deal with.","Mood/Emotion"
"I need to exchange a kitchen mixer for a different size while the delivery for sunglasses is delayed since two days.","Shopping"
"the insurance premium auto-debit ho gaya kal raat se.","Finance"
"the electricity bill auto-debit ho gaya aaj.","Finance"
"I need to pay my credit score this afternoon.","Finance"
"Mujhe aaj shaam ko se takhne mein sujan ho raha hai.","Health"
"aajkal dinner mein rajma chawal order kiya","Food"
"I'm really stressed out.","Mood/Emotion"
"My credit score got auto-debited since noon.","Finance"
"my browser keeps crashing tomorrow.","Technology"
"Everyone at home was discussing the traffic on the way home since noon but everyone at home was discussing the weather from tomorrow.","General/Other"
"subah se hi akela mehsoos ho raha hai sab kuch ek saath ho raha hai isliye","Mood/Emotion"
"We finally closed the audit checklist this afternoon, and our team is stuck on the audit checklist since last night.","Work/Office"
"performance review submit kar diya kuch minute pehle lekin abhi tak reply nahi aaya","Work/Office"
"Samajh nahi aa raha the office printer itna slow kyun hai parso","Technology"
"Rishikesh wali road trip kaafi comfortable thi.","Travel"
"is hafte physics submit karna hai.","Education"
"subah se random mein the new furniture we bought ki baat chal padi.","General/Other"
"Abhi Manali wali train ke liye check-in kar liya.","Travel"
"I ordered sunglasses online today.","Shopping"
"abhi walk karte waqt the festival preparations dikha.","General/Other"
"noodles ki delivery aane mein ek ghanta lag gaya","Food"
"my credit score auto-debit ho gaya agle mahine jabki thodi der mein this month's rent pay karna hai.","Finance"
"dopahar se the final exams submit karna hai.","Education"
"the shopkeeper advised me to review the loan application even though i need to pay a fixed deposit next month.","Finance"
"I feel like joint pain is getting worse this evening.","Health"
"is mahine online a handbag order kiya.","Shopping"
"my password manager ka password bhool gaya","Technology"
"Recovering slowly from chest tightness just now","Health"
"I ordered a handbag online last night.","Shopping"
"I had to skip work due to chest tightness next month.","Health"
"i'm nervous about mathematics scheduled this weekend","Education"
"agle hafte ghar pe pancakes banane ki koshish ki","Food"
"I just checked in for my train to Bangalore.","Travel"
"customer support wale ne bola sales deck revise karo Friday tak","Work/Office"
"Recovering slowly from a sore throat this evening.","Health"
"Recovering slowly from body aches this evening.","Health"
"the office server suddenly stopped working in a while","Technology"
"meri behen ne bola thoda rest kar pet dard thik ho jayega","Health"
"It's hard to explain but I feel extremely stressed because I miss my old friends.","Mood/Emotion"
"Our overnight bus to Kerala got delayed today.","Travel"
"Ghar pe sab the new furniture we bought ke baare mein baat kar rahe the agle mahine.","General/Other"
"The deadline for the sprint review got moved up these days.","Work/Office"
"Samajh nahi aa raha overnight bus loon ya khud drive karke Shimla jaaun.","Travel"
"delivery wale ne the history assignment samjhaane mein madad ki.","Education"
"pet dard ki wajah se kal raat se kaam pe nahi ja paaya","Health"
"aaj shaam ko Rishikesh ke liye packing karni hai.","Travel"
"i've been dealing with weakness right now","Health"
"Samajh nahi aa raha my external hard drive itna slow kyun hai raat se uske alawa samajh nahi aa raha my phone itna slow kyun hai do din se.","Technology"
"pichle teen din se the office printer reinstall karna pada","Technology"
"the operating system won't connect to the internet since morning.","Technology"
"I need to pay this month's rent this month.","Finance"
"I'm nervous about the practical exam scheduled by Friday","Education"
"my external hard drive won't connect to the internet next week.","Technology"
"landlord ne mathematics samjhaane mein madad ki.","Education"
"my mother advised me to review my credit card bill.","Finance"
"the office printer internet se connect hi nahi ho raha agle hafte par mere bhai ne my phone fix karne mein madad ki.","Technology"
"I tried making a cheese pizza at home tomorrow","Food"
"Aakhirkar Shimla ke liye overnight bus ki ticket book kar li, jabki udaipur ke itinerary mein bahut saari sightseeing hai.","Travel"
"my cousin scheduled a call about the sales deck next month","Work/Office"
"Sach kahoon toh aakhirkar kaam khatam karne ke baad, mann bahut irritated hai.","Mood/Emotion"
"Udaipur wali connecting flight do din se delay ho gayi lekin abhi Manali wali flight ke liye check-in kar liya.","Travel"
"do din se jee michlana thik nahi ho raha lekin aaj se pet dard thik nahi ho raha.","Health"
"subah se the semester project submit karna hai halaanki kal se wale the history assignment ko lekar nervous hoon.","Education"
"parso random mein the weather ki baat chal padi.","General/Other"
"Mujhe aaj se jee michlana ho raha hai.","Health"
"is weekend the long queue at the grocery store ke baare mein baat hui.","General/Other"
"I have to present the sales deck in front of the leadership this morning and my landlord asked me to revise the sprint review right now.","Work/Office"
"lately I feel restless after a long day and I don't know why","Mood/Emotion"
"is mahine my monthly budget pay karna hai","Finance"
"my brother recommended a place that serves amazing pav bhaji.","Food"
"a handbag ki delivery late ho rahi hai pichle hafte se, isliye do din se online a new smartphone order kiya.","Shopping"
"aaj shaam ko dinner mein a cheese pizza order kiya kyunki cook karne ka mann nahi hai isliye idli sambar order kar rahe hain.","Food"
"Monday se Varanasi ghumne ka plan bana raha hoon, kyunki kal raat se Kerala ke liye packing karni hai.","Travel"
"I have to submit the chemistry lab report since noon, and on top of that the teacher helped me understand the history assignment better.","Education"
"parso online a handbag order kiya.","Shopping"
"dopahar se migraine thik nahi ho raha.","Health"
"I woke up feeling emotionally exhausted thinking about the future.","Mood/Emotion"
"The hotel in Pune upgraded our room for free.","Travel"
"the teacher advised me to review my credit score.","Finance"
"meri behen ne ek achi brand suggest ki a laptop bag ke liye, par aaj online a pair of jeans order kiya.","Shopping"
"Our overnight bus to Varanasi got delayed since noon.","Travel"
"landlord ne the final exams samjhaane mein madad ki.","Education"
"Everyone at home was discussing the garden we're planting last night.","General/Other"
"I can't figure out why the operating system is so slow for the past three days.","Technology"
"the delivery for a pair of sneakers is delayed right now","Shopping"
"I'm planning a trip to Ladakh this weekend.","Travel"
"my cousin helped me understand the thesis draft better.","Education"
"I tried making tacos at home in a while.","Food"
"I have to submit the scholarship application next month.","Education"
"thodi der mein random mein the long queue at the grocery store ki baat chal padi.","General/Other"
"Aakhirkar my online banking clear kar diya is mahine.","Finance"
"I just checked in for my overnight bus to Mumbai.","Travel"
"lately I feel a bit lonely since things didn't go as planned and I don't know why","Mood/Emotion"
"I've been dealing with stomach pain right now.","Health"
"Subah se hi demotivated mehsoos ho raha hai wo message padhne ke baad.","Mood/Emotion"
"i need to pack for Darjeeling tomorrow","Travel"
"mere colleague ne ek jagah bataayi jahan ka a cheese pizza zabardast hai kyunki kuch minute pehle dinner mein rajma chawal order kiya.","Food"
"the new software update baar crash ho raha hai thodi der mein lekin the Wi-Fi router internet se connect hi nahi ho raha parso.","Technology"
"The pharmacist gave me some tablets for loose motions plus i feel like stomach pain is getting worse just now.","Health"
"I'm nervous about mathematics scheduled since two days.","Education"
"The restaurant's dosa was absolutely delicious.","Food"
"I've been feeling so frustrated after that conversation, and on top of that there's a strange feeling of being unusually calm after a long day.","Mood/Emotion"
"my manager advised me to review my monthly budget.","Finance"
"Yeh santusht wala feeling jaa hi nahi raha aakhirkar kaam khatam karne ke baad","Mood/Emotion"
"we're hosting friends for a couple of hours and planning to make pav bhaji because my cousin recommended a place that serves amazing noodles.","Food"
"We ordered a vegetable stir fry for dinner this afternoon because my professor recommended a place that serves amazing a fruit salad.","Food"
"sar dard ki wajah se raat bhar so nahi paaya, par meri behen ne bola specialist ko dikhao takhne mein sujan ke liye.","Health"
"I had to skip work due to a headache from tomorrow even though woke up with a skin rash and decided to rest today.","Health"
"my boss recommended a good brand for a pair of running shoes.","Shopping"
"Us naye cafe ka pav bhaji bahut mehenga tha.","Food"
"I have to present the client presentation in front of the leadership for the past three days.","Work/Office"
"I had to skip work due to a running nose next week even though i think I need a checkup for a sore throat.","Health"
"takhne mein sujan ki wajah se kal se kaam pe nahi ja paaya.","Health"
"Our overnight bus to Manali got delayed this month.","Travel"
"mere colleague ne bola thoda rest kar loose motion thik ho jayega.","Health"
"Road trip ke liye bahut excited hoon.","Travel"
"my phone won't connect to the internet for a couple of hours plus my father helped me fix my external hard drive.","Technology"
"after hearing the news, I've just been feeling a little low.","Mood/Emotion"
"is weekend wale the entrance exam ko lekar nervous hoon.","Education"
"i have to submit physics next week","Education"
"I need to pay the tax filing just now.","Finance"
"Ghar pe sab the long queue at the grocery store ke baare mein baat kar rahe the pichle teen din se.","General/Other"
"Recovering slowly from swelling in my ankle next week.","Health"
"Sach kahoon toh kuch bhi thik nahi ho raha isliye, mann bahut motivated hai.","Mood/Emotion"
"raat se the entrance exam submit karna hai, uske upar se kal raat se wale the semester project ko lekar nervous hoon.","Education"
"my boss suggested I see a specialist because of a migraine.","Health"
"dukaandaar ne bola specialist ko dikhao loose motion ke liye jabki boss ne bola thoda rest kar chakkar thik ho jayega.","Health"
"Bataana mushkil hai lekin sab kuch ek saath ho raha hai isliye bahut proud hoon.","Mood/Emotion"
"I need to pay my credit score a few minutes ago.","Finance"
"my online banking auto-debit ho gaya aajkal.","Finance"
"Abhi Kerala wali cab ke liye check-in kar liya.","Travel"
"agle mahine my credit card bill pay karna hai.","Finance"
"the garden we're planting came up randomly in conversation this evening.","General/Other"
"my sister recommended a place that serves amazing grilled sandwiches.","Food"
"We talked about the festival preparations for a while by Friday even though we talked about the festival preparations for a while next week.","General/Other"
"Ghar pe sab the noisy construction nearby ke baare mein baat kar rahe the kal se.","General/Other"
"my roommate suggested I see a specialist because of a migraine.","Health"
"I feel like a mild fever is getting worse this weekend.","Health"
"my brother helped me understand mathematics better.","Education"
"abhi dost aa rahe hain aur butter chicken banane ka plan hai halaanki customer support wale ne ek jagah bataayi jahan ka butter chicken zabardast hai.","Food"
"kuch minute pehle dinner mein biryani order kiya.","Food"
"is weekend mathematics submit karna hai.","Education"
"pichle hafte se the semester project submit karna hai","Education"
"kal se the semester project submit karna hai.","Education"
"my friend is not happy with how the quarterly report turned out.","Work/Office"
"the doctor helped me fix the company website.","Technology"
"there's a meeting about the performance review scheduled next week","Work/Office"
"I noticed the garden we're planting while walking these days plus everyone at home was discussing an old photo album from tomorrow.","General/Other"
"Samajh nahi aa raha connecting flight loon ya khud drive karke Bangalore jaaun.","Travel"
"The local train to Manali was surprisingly comfortable because i'm planning a trip to Darjeeling since yesterday.","Travel"
"The restaurant's noodles was absolutely delicious.","Food"
"the delivery for noodles took almost an hour even though we're hosting friends since last night and planning to make grilled sandwiches.","Food"
"Lately I feel hopeful because nothing seems to be going right, and I don't know why.","Mood/Emotion"
"professor ne the garden we're planting ka zikr kiya baat cheet mein.","General/Other"
"everyone at home was discussing the garden we're planting a few minutes ago","General/Other"
"is mahine the scholarship application submit karna hai.","Education"
"friday tak ghar pe idli sambar banane ki koshish ki uske alawa kal raat se ghar pe noodles banane ki koshish ki.","Food"
"my roommate advised me to review the tax filing.","Finance"
"the long queue at the grocery store came up randomly in conversation since last week.","General/Other"
"My the loan application got auto-debited tomorrow.","Finance"
"the doctor recommended a place that serves amazing momos.","Food"
"boss ne bola thoda rest kar ghutno mein dard thik ho jayega, lekin subah se kaan mein infection thik nahi ho raha.","Health"
"dopahar se acidity thik nahi ho raha","Health"
"i'm nervous about mathematics scheduled since yesterday","Education"
"Aakhirkar this month's rent clear kar diya subah se.","Finance"
"The delivery for a kitchen mixer is delayed since last night because my sister recommended a good brand for a pair of jeans.","Shopping"
"ghutno mein dard ki wajah se is weekend kaam pe nahi ja paaya, lekin mujhe abhi se naak behna ho raha hai.","Health"
"I noticed an old photo album while walking since morning.","General/Other"
"I have to submit the entrance exam since noon.","Education"
"aajkal my email account reinstall karna pada.","Technology"
"agle mahine ghar pe pasta banane ki koshish ki.","Food"
"pichle hafte se random mein the garden we're planting ki baat chal padi.","General/Other"
"My salary got auto-debited by Friday.","Finance"
"my savings account auto-debit ho gaya raat se par a fixed deposit auto-debit ho gaya thodi der mein.","Finance"
"kuch minute pehle ghar pe tacos banane ki koshish ki.","Food"
"dukaandaar ne the weekend plans ka zikr kiya baat cheet mein.","General/Other"
"Aakhirkar Manali ke liye overnight bus ki ticket book kar li par udaipur wali connecting flight aaj delay ho gayi.","Travel"
"The deadline for the onboarding documents got moved up since yesterday.","Work/Office"
"Medical se aankhon mein dhundhlapan ki tablet le aaya.","Health"
"Pata nahi kyun par aakhirkar kaam khatam karne ke baad bahut kaafi frustrated lag raha hoon.","Mood/Emotion"
"Aaj tabiyat kharab hai.","Health"
"i'll be working from home from tomorrow to complete the onboarding documents","Work/Office"
"My mutual fund investment got auto-debited since last night, and i finally cleared the insurance premium since Monday.","Finance"
"the teacher scheduled a call about the code review since Monday plus i have to present the status update in front of the leadership today.","Work/Office"
"The store had a huge sale on a smartwatch this evening and the delivery for sunglasses is delayed since last week.","Shopping"
"Our itinerary for Jaipur includes a lot of sightseeing and i'm planning a trip to Varanasi since yesterday.","Travel"
"I'm nervous about the final exams scheduled for the past three days since i have to submit the online course right now.","Education"
"The store had a huge sale on a set of headphones these days since the store had a huge sale on a backpack last night.","Shopping"
"my password manager suddenly stopped working today.","Technology"
"I ordered a pair of sneakers online last night because the store had a huge sale on a kitchen mixer last night.","Shopping"
"my manager recommended a good brand for a backpack, so my colleague recommended a good brand for a set of headphones.","Shopping"
"I ordered a smartwatch online right now.","Shopping"
"my smartwatch app achanak kaam karna band kar diya kuch ghanton se.","Technology"
"doctor ne bola my savings account review karo.","Finance"
"my bank statement got auto-debited a few minutes ago","Finance"
"I had to reinstall my password manager this morning.","Technology"
"my boss recommended a place that serves amazing dosa since the shopkeeper recommended a place that serves amazing noodles.","Food"
"mere neighbor ne my password manager fix karne mein madad ki jabki do din se the office server reinstall karna pada.","Technology"
"Shor ki wajah se the literature essay pe concentrate nahi kar paaya aur aaj wale the scholarship application ko lekar nervous hoon.","Education"
"raat se dost aa rahe hain aur rajma chawal banane ka plan hai.","Food"
"my sister helped me understand the class test better.","Education"
"the insurance premium cover karne ke liye paise transfer kiye.","Finance"
"Ghar pe sab the festival preparations ke baare mein baat kar rahe the agle hafte.","General/Other"
"The store had a huge sale on a study lamp since Monday because the store had a huge sale on a backpack since morning.","Shopping"
"aaj half day liya audit checklist complete karne ke liye.","Work/Office"
"I finally cleared my monthly budget today.","Finance"
"I read something interesting about the family gathering this weekend.","General/Other"
"boss ne team meeting notes ke baare mein call rakhi hai kuch minute pehle, aur marketing plan ki deadline aage badh gayi aaj shaam ko.","Work/Office"
"my manager advised me to review my savings account.","Finance"
"Samajh nahi aa raha my laptop itna slow kyun hai aajkal, jabki samajh nahi aa raha the office printer itna slow kyun hai pichle teen din se.","Technology"
"Mujhe aaj se kamzori ho raha hai.","Health"
"We're hosting friends next week and planning to make idli sambar, and on top of that we're hosting friends next month and planning to make idli sambar.","Food"
"my boss advised me to review my online banking, while i need to pay my monthly budget since Monday.","Finance"
"Recovering slowly from blurry vision this morning.","Health"
"kal se thoda time the weekend plans sambhalne mein laga.","General/Other"
"budget proposal ko lekar meeting hai aajkal.","Work/Office"
"I submitted the quarterly report in a while but haven't heard back yet.","Work/Office"
"client presentation ko lekar meeting hai abhi.","Work/Office"
"The road trip to Delhi was surprisingly comfortable even though the hotel in Dubai upgraded our room for free.","Travel"
"I had to reinstall the new software update in a while but i can't figure out why my phone is so slow today.","Technology"
"mere cousin ne khush nahi hai sales deck ke result se.","Work/Office"
"i took a half day a few minutes ago to catch up on the status update","Work/Office"
"my colleague recommended a good brand for a smartwatch.","Shopping"
"raat se kamzori thik nahi ho raha","Health"
"kuch minute pehle wale the coding assignment ko lekar nervous hoon","Education"
"I spent some time dealing with the power cut yesterday this weekend.","General/Other"
"I'm nervous about the group presentation scheduled since Monday.","Education"
"I tried making pancakes at home for the past three days.","Food"
"migraine ki wajah se agle mahine kaam pe nahi ja paaya, kyunki checkup ke liye jaana padega aankhon mein dhundhlapan ke liye.","Health"
"There's a meeting about the hiring paperwork scheduled tomorrow.","Work/Office"
"Samajh nahi aa raha my browser itna slow kyun hai subah se, isliye raat se the Wi-Fi router reinstall karna pada.","Technology"
"Aajkal akela lagta hai.","Mood/Emotion"
"Exam is tomorrow.","Education"
"aaj half day liya performance review complete karne ke liye.","Work/Office"
"We're hosting friends right now and planning to make a cheese pizza.","Food"
"dopahar se my credit card bill pay karna hai.","Finance"
"kal se wale the scholarship application ko lekar nervous hoon, isliye aaj shaam ko wale the semester project ko lekar nervous hoon.","Education"
"Monday se walk karte waqt the weekend plans dikha.","General/Other"
"subah se wale the online course ko lekar nervous hoon.","Education"
"a handbag ki delivery late ho rahi hai Friday tak.","Shopping"
"It's hard to explain but I feel a little low since I've been so busy.","Mood/Emotion"
"my brother scheduled a call about the onboarding documents by Friday.","Work/Office"
"I'm nervous about the group presentation scheduled next week, though i have to submit the coding assignment since last night.","Education"
"agle hafte Ladakh ghumne ka plan bana raha hoon.","Travel"
"I'll be working from home since yesterday to complete the audit checklist.","Work/Office"
"Bas ek reminder the noisy construction nearby ke baare mein.","General/Other"
"my manager asked me to revise the team meeting notes this evening, though there's a meeting about the vendor contract scheduled by Friday.","Work/Office"
"is mahine dinner mein noodles order kiya","Food"
"Friday tak audit checklist complete karna hai.","Work/Office"
"We ordered paneer tikka for dinner since yesterday.","Food"
"is mahine my email account reinstall karna pada.","Technology"
"the delivery guy advised me to review the tax filing.","Finance"
"the a dining table I ordered arrived damaged","Shopping"
"I finally cleared the loan application this morning","Finance"
"do din se the power cut yesterday ke baare mein baat hui.","General/Other"
"I woke up feeling irritated since the plans got cancelled.","Mood/Emotion"
"We're thinking of doing a road trip along the coast this time instead of flying, just so we can stop at a few small towns along the way.","Travel"
"kal the coding assignment submit karna hai.","Education"
"The flight to Mumbai was surprisingly comfortable.","Travel"
"the neighborhood cat ke baare mein batana bhool gaya tha","General/Other"
"dopahar se my laptop reinstall karna pada","Technology"
"Samajh nahi aa raha train loon ya khud drive karke Kolkata jaaun, aur monday se Udaipur ghumne ka plan bana raha hoon.","Travel"
"i'll be working from home next month to complete the vendor contract","Work/Office"
"performance review ko lekar meeting hai abhi.","Work/Office"
"Abhi the community meeting ke baare mein soch raha tha.","General/Other"
"I have to submit the thesis draft since noon, though i'm nervous about the final exams scheduled this weekend.","Education"
"Friday tak hiring paperwork complete karna hai.","Work/Office"
"thodi der mein the entrance exam submit karna hai.","Education"
"pichle teen din se wale the scholarship application ko lekar nervous hoon.","Education"
"Recovering slowly from stomach pain a few minutes ago, but my mother suggested I see a specialist because of nausea.","Health"
"my browser internet se connect hi nahi ho raha kuch ghanton se kyunki samajh nahi aa raha the company website itna slow kyun hai pichle teen din se.","Technology"
"the operating system baar crash ho raha hai is mahine.","Technology"
"customer support wale ne the scholarship application samjhaane mein madad ki.","Education"
"i just checked in for my connecting flight to Goa since i'm planning a trip to Jaipur since last night.","Travel"
"Subah se hi proud mehsoos ho raha hai future ke baare mein soch kar.","Mood/Emotion"
"the company website internet se connect hi nahi ho raha do din se.","Technology"
"boss ne my password manager fix karne mein madad ki.","Technology"
"I need to pack for Kolkata this weekend.","Travel"
"The store had a huge sale on a kitchen mixer since yesterday.","Shopping"
"aaj shaam ko Kolkata ke liye packing karni hai.","Travel"
"aaj shaam ko wale physics ko lekar nervous hoon.","Education"
"Sach kahoon toh itna busy rehne ki wajah se, mann bahut restless hai.","Mood/Emotion"
"kal se dost aa rahe hain aur noodles banane ka plan hai.","Food"
"i set up a reminder to pay the personal loan EMI because my savings account got auto-debited a few minutes ago.","Finance"
"Ghar pe sab the traffic on the way home ke baare mein baat kar rahe the agle hafte.","General/Other"
"The airport security took forever tomorrow.","Travel"
"delivery wale ne bola specialist ko dikhao kamzori ke liye","Health"
"Pata nahi kyun par wo message padhne ke baad bahut nervous lag raha hoon.","Mood/Emotion"
"Samajh nahi aa raha local train loon ya khud drive karke Kolkata jaaun jabki monday se Dubai ghumne ka plan bana raha hoon.","Travel"
"agle mahine wale the practical exam ko lekar nervous hoon isliye aaj shaam ko wale the thesis draft ko lekar nervous hoon.","Education"
"the Wi-Fi router suddenly stopped working last night, while my external hard drive won't connect to the internet from tomorrow.","Technology"
"I have to submit the scholarship application from tomorrow.","Education"
"teacher ne bola specialist ko dikhao halka bukhar ke liye.","Health"
"I tried making momos at home today.","Food"
"the delivery guy advised me to review the insurance premium.","Finance"
"hiring paperwork ki deadline aage badh gayi agle mahine.","Work/Office"
"I noticed the weekend plans while walking this morning.","General/Other"
"kal raat se dinner mein pav bhaji order kiya.","Food"
"I compared prices for a set of headphones across three websites but the store had a huge sale on a new smartphone this morning.","Shopping"
"is weekend my phone reinstall karna pada.","Technology"
"The deadline for the onboarding documents got moved up by Friday.","Work/Office"
"aaj the company website reinstall karna pada","Technology"
"kuch ghanton se thoda time the power cut yesterday sambhalne mein laga.","General/Other"
"I noticed a running nose since Monday and it's not going away.","Health"
"papa ne bola thoda rest kar sar dard thik ho jayega.","Health"
"Our overnight bus to Varanasi got delayed tomorrow, though i need to pack for Rishikesh since Monday.","Travel"
"my browser won't connect to the internet in a while.","Technology"
"I need to exchange a smartwatch for a different size, though the delivery for sunglasses is delayed just now.","Shopping"
"the festival preparations came up randomly in conversation next week.","General/Other"
"I noticed a migraine for the past three days and it's not going away because i noticed acidity from tomorrow and it's not going away.","Health"
"Mujhe agle mahine se halka bukhar ho raha hai.","Health"
"sprint review ko lekar meeting hai is hafte","Work/Office"
"I had to reinstall my external hard drive since two days.","Technology"
"I'm nervous about the chemistry lab report scheduled in a while so i have to submit the history assignment today.","Education"
"I need to finish the sprint review before these days but i need to finish the performance review before since noon.","Work/Office"
"the practical exam is turning out to be tougher than I expected","Education"
"delivery wale ne the mobile app fix karne mein madad ki aur my smartwatch app baar crash ho raha hai aaj.","Technology"
"my cousin advised me to review the loan application","Finance"
"goa wali local train pichle teen din se delay ho gayi","Travel"
"Mujhe lagta hai kamar dard badhta ja raha hai uske alawa doctor ne bola thoda rest kar sar dard thik ho jayega.","Health"
"Sach kahoon toh us baat cheet ke baad, mann bahut overwhelmed hai.","Mood/Emotion"
"abhi online a new smartphone order kiya.","Shopping"
"Samajh nahi aa raha cab loon ya khud drive karke Bangalore jaaun halaanki singapore wali connecting flight kal raat se delay ho gayi.","Travel"
"my password manager keeps crashing just now.","Technology"
"thodi der mein wale the group presentation ko lekar nervous hoon.","Education"
"I took a half day next month to catch up on the onboarding documents.","Work/Office"
"Aakhirkar Bangalore ke liye flight ki ticket book kar li, uske upar se samajh nahi aa raha connecting flight loon ya khud drive karke Manali jaaun.","Travel"
"kal se dost aa rahe hain aur pancakes banane ka plan hai, kyunki meri behen ne ek jagah bataayi jahan ka a fruit salad zabardast hai.","Food"
"customer support wale ne the mobile app fix karne mein madad ki.","Technology"
"abhi thoda time the noisy construction nearby sambhalne mein laga.","General/Other"
"kal raat se leadership ke saamne hiring paperwork present karna hai aur boss ne bola audit checklist revise karo kal raat se.","Work/Office"
"I ordered a smartwatch online since noon.","Shopping"
"a pair of sneakers ki delivery late ho rahi hai parso isliye store mein a pair of jeans pe badi sale lagi hai kuch ghanton se.","Shopping"
"Mujhe subah se chakkar ho raha hai.","Health"
"my laptop baar crash ho raha hai Monday se.","Technology"
"i ordered a backpack online last night","Shopping"
"my laptop internet se connect hi nahi ho raha agle hafte, jabki my smartwatch app internet se connect hi nahi ho raha parso.","Technology"
"aaj shaam ko half day liya budget proposal complete karne ke liye halaanki project timeline ki deadline aage badh gayi do din se.","Work/Office"
"Udaipur wali road trip kaafi comfortable thi","Travel"
"my father helped me understand mathematics better.","Education"
"mere colleague ne bola the loan application review karo, jabki friday tak my bank statement pay karna hai.","Finance"
"I had to skip work due to a sore throat since yesterday though i had to skip work due to a running nose this morning.","Health"
"raat se half day liya quarterly report complete karne ke liye.","Work/Office"
"I spent some time dealing with the family gathering this weekend for a couple of hours.","General/Other"
"Friday tak wale the scholarship application ko lekar nervous hoon, uske upar se thodi der mein wale the thesis draft ko lekar nervous hoon.","Education"
"pichle teen din se work from home karke hiring paperwork complete karunga.","Work/Office"
"Main bahut overwhelmed feel kar raha hoon kuch bhi thik nahi ho raha isliye.","Mood/Emotion"
"I had to skip work due to swelling in my ankle these days.","Health"
"jee michlana ke liye appointment book karwa liya hai jabki mujhe raat se loose motion ho raha hai.","Health"
"do din se online sunglasses order kiya","Shopping"
"My online banking got auto-debited these days.","Finance"
"I noticed a documentary I watched while walking this afternoon so i spent some time dealing with the long queue at the grocery store from tomorrow.","General/Other"
"Store mein a set of headphones pe badi sale lagi hai is weekend aur mummy ne ek achi brand suggest ki a set of headphones ke liye.","Shopping"
"customer support helped me understand mathematics better.","Education"
"I ordered a handbag online today.","Shopping"
"the doctor helped me understand the scholarship application better but my boss helped me understand the group presentation better.","Education"
"Recovering slowly from a headache tomorrow.","Health"
"There's a meeting about the vendor contract scheduled last night plus my landlord is not happy with how the team meeting notes turned out.","Work/Office"
"kal se dinner mein grilled sandwiches order kiya.","Food"
"my father scheduled a call about the status update for the past three days","Work/Office"
"I woke up feeling really excited thinking about the future, while i woke up feeling overwhelmed after finishing the task finally.","Mood/Emotion"
"my bank statement auto-debit ho gaya parso.","Finance"
"we talked about the neighbor's new dog for a while by Friday, since everyone at home was discussing the community meeting next month.","General/Other"
"agle hafte wale the thesis draft ko lekar nervous hoon.","Education"
"I have to submit the chemistry lab report next week, though i'm nervous about the online course scheduled by Friday.","Education"
"I ordered a handbag online next week.","Shopping"
"I feel like joint pain is getting worse this month.","Health"
"agle mahine half day liya audit checklist complete karne ke liye lekin thodi der mein work from home karke project timeline complete karunga.","Work/Office"
"I'm planning a trip to Jaipur this evening since our overnight bus to Darjeeling got delayed this morning.","Travel"
"Everyone at home was discussing the festival preparations tomorrow.","General/Other"
"pichle hafte se the new software update reinstall karna pada halaanki the new software update internet se connect hi nahi ho raha Monday se.","Technology"
"The deadline for the client presentation got moved up since morning, because the deadline for the budget proposal got moved up this morning.","Work/Office"
"I have to submit the coding assignment this weekend.","Education"
"I'm troubleshooting my phone right now.","Technology"
"sar dard ki wajah se dopahar se kaam pe nahi ja paaya.","Health"
"kal dost aa rahe hain aur rajma chawal banane ka plan hai.","Food"
"a backpack ki delivery late ho rahi hai kal se.","Shopping"
"parso walk karte waqt the weather dikha.","General/Other"
"Yeh ajeeb sa calm wala feeling jaa hi nahi raha purane dosto ki yaad aane se.","Mood/Emotion"
"There's a strange feeling of being content thinking about the future, while i woke up feeling so frustrated since the plans got cancelled.","Mood/Emotion"
"Main kaafi frustrated feel kar raha hoon wo message padhne ke baad","Mood/Emotion"
"Recovering slowly from a mild fever today.","Health"
"is weekend random mein the weekend plans ki baat chal padi.","General/Other"
"Honestly, I feel overwhelmed after that conversation.","Mood/Emotion"
"I need to pay this month's rent a few minutes ago.","Finance"
"Pata nahi kyun par sab kuch ek saath ho raha hai isliye bahut overwhelmed lag raha hoon.","Mood/Emotion"
"i have to submit mathematics today","Education"
"kal thoda time the community meeting sambhalne mein laga.","General/Other"
"The delivery for a backpack is delayed since morning, because i compared prices for a smartwatch across three websites.","Shopping"
"I'm planning a trip to Udaipur just now.","Travel"
"I'll be working from home in a while to complete the sales deck.","Work/Office"
"Jaipur ke hotel ne free mein room upgrade kar diya uske alawa dubai wali connecting flight do din se delay ho gayi.","Travel"
"I noticed acidity since last night and it's not going away.","Health"
"Dubai wali cab thodi der mein delay ho gayi","Travel"
"budget proposal ki deadline aage badh gayi kuch minute pehle.","Work/Office"
"a set of headphones ki delivery late ho rahi hai kal raat se.","Shopping"
"papa ne bola specialist ko dikhao kaafi khaansi ke liye.","Health"
"kal se Bangalore ghumne ka plan bana raha hoon.","Travel"
"I have to submit the group presentation a few minutes ago","Education"
"I have to submit the semester project next week, but i have to submit the literature essay this weekend.","Education"
"Recovering slowly from chest tightness last night.","Health"
"my landlord recommended a place that serves amazing pasta because i tried making idli sambar at home right now.","Food"
"my password manager won't connect to the internet from tomorrow.","Technology"
"I'm nervous about mathematics scheduled tomorrow.","Education"
"is weekend the scholarship application submit karna hai.","Education"
"I've been feeling hopeful after finishing the task finally.","Mood/Emotion"
"marketing plan ko lekar meeting hai kal.","Work/Office"
"Lately I feel demotivated since the plans got cancelled, and I don't know why.","Mood/Emotion"
"the office server suddenly stopped working tomorrow.","Technology"
"the flight to Kerala was surprisingly comfortable","Travel"
"We're hosting friends in a while and planning to make noodles.","Food"
"Purana the mobile app baar hang hota tha isliye naya le liya lekin my password manager internet se connect hi nahi ho raha dopahar se.","Technology"
"i just checked in for my local train to Varanasi, but i just checked in for my connecting flight to Pune.","Travel"
"my cousin scheduled a call about the sprint review for a couple of hours","Work/Office"
"Mumbai wali cab kaafi comfortable thi.","Travel"
"Aakhirkar my credit score clear kar diya dopahar se.","Finance"
"Recovering slowly from acidity since Monday.","Health"
"kal raat se the practical exam submit karna hai.","Education"
"Cook karne ka mann nahi hai isliye grilled sandwiches order kar rahe hain, kyunki dopahar se ghar pe pav bhaji banane ki koshish ki.","Food"
"is mahine physics submit karna hai.","Education"
"I finally cleared the insurance premium last night and i need to pay my credit card bill since two days.","Finance"
"Monday se the coding assignment submit karna hai, lekin monday se the scholarship application submit karna hai.","Education"
"agle hafte wale the history assignment ko lekar nervous hoon","Education"
"my smartwatch app won't connect to the internet just now.","Technology"
"dukaandaar ne ek jagah bataayi jahan ka dosa zabardast hai halaanki us naye cafe ka a vegetable stir fry bahut mehenga tha.","Food"
"aaj se kamar dard thik nahi ho raha par landlord ne bola specialist ko dikhao kaafi khaansi ke liye.","Health"
"do din se wale the chemistry lab report ko lekar nervous hoon","Education"
"we're hosting friends right now and planning to make rajma chawal","Food"
"My credit card bill got auto-debited since yesterday","Finance"
"I've been dealing with a sore throat this morning.","Health"
"is hafte the chemistry lab report submit karna hai","Education"
"thodi der mein se loose motion thik nahi ho raha.","Health"
"The store had a huge sale on a kitchen mixer next week","Shopping"
"I finally cleared the loan application for the past three days","Finance"
"I finally cleared this month's rent last night.","Finance"
"The deadline for the code review got moved up this weekend, since i took a half day last night to catch up on the budget proposal.","Work/Office"
"my mother scheduled a call about the code review this month","Work/Office"
"the weather came up randomly in conversation tomorrow.","General/Other"
"I couldn't concentrate on the online course because of the noise because i have to submit the thesis draft this morning.","Education"
"Monday se random mein a documentary I watched ki baat chal padi.","General/Other"
"my colleague helped me fix my external hard drive but my password manager won't connect to the internet in a while.","Technology"
"the office printer achanak kaam karna band kar diya agle hafte, jabki samajh nahi aa raha the office printer itna slow kyun hai is hafte.","Technology"
"The store had a huge sale on a backpack today","Shopping"
"I've been dealing with stomach pain last night.","Health"
"kuch ghanton se my credit card bill pay karna hai.","Finance"
"seene mein jakadan ki wajah se agle hafte kaam pe nahi ja paaya.","Health"
"halka bukhar ki wajah se is hafte kaam pe nahi ja paaya, uske upar se customer support wale ne bola thoda rest kar kaan mein infection thik ho jayega.","Health"
"aaj my phone reinstall karna pada.","Technology"
"we finally closed the audit checklist today","Work/Office"
"after hearing the news, I've just been feeling nervous.","Mood/Emotion"
"mere cousin ne the group presentation samjhaane mein madad ki, kyunki pichle teen din se the history assignment submit karna hai.","Education"
"kal raat se thoda time the long queue at the grocery store sambhalne mein laga.","General/Other"
"It's hard to explain but I feel really happy since the plans got cancelled","Mood/Emotion"
"dukaandaar ne bola specialist ko dikhao pet dard ke liye, kyunki dhire aankhon mein dhundhlapan se recover kar raha hoon.","Health"
"kuch ghanton se mathematics submit karna hai.","Education"
"the electricity bill auto-debit ho gaya parso","Finance"
"my father suggested I see a specialist because of stomach pain.","Health"
"Our overnight bus to Jaipur got delayed in a while.","Travel"
"my phone suddenly stopped working since noon","Technology"
"I ordered a handbag online next month.","Shopping"
"parso the company website reinstall karna pada.","Technology"
"I woke up feeling irritated because nothing seems to be going right.","Mood/Emotion"
"my roommate recommended a good brand for a study lamp.","Shopping"
"aakhirkar onboarding documents close kar diya kal raat se","Work/Office"
"Aakhirkar the electricity bill clear kar diya pichle hafte se par the loan application auto-debit ho gaya Friday tak.","Finance"
"I tried making pav bhaji at home since morning because we ordered a fruit salad for dinner since morning.","Food"
"i had to reinstall my external hard drive in a while","Technology"
"The cab to Shimla was surprisingly comfortable.","Travel"
"I can't figure out why my browser is so slow just now.","Technology"
"Just a heads up about an old photo album.","General/Other"
"agle hafte Singapore ke liye packing karni hai.","Travel"
"Bahar se khaana order karna kam karna chahta tha lekin lambe thakaane wale din ke baad biryani order karna hi aasaan lagta hai.","Food"
"Our overnight bus to Varanasi got delayed for the past three days","Travel"
"Samajh nahi aa raha my browser itna slow kyun hai thodi der mein.","Technology"
"I'm planning to visit the clinic because of chest tightness.","Health"
"a new smartphone ki delivery late ho rahi hai kuch minute pehle.","Shopping"
"Store mein a pair of jeans pe badi sale lagi hai kal raat se.","Shopping"
"I submitted the code review today but haven't heard back yet.","Work/Office"
"the doctor asked me to revise the sprint review since yesterday.","Work/Office"
"I'm nervous about the final exams scheduled since two days plus i'm nervous about the history assignment scheduled for a couple of hours.","Education"
"Udaipur wali connecting flight Monday se delay ho gayi kyunki airport pe security check mein bahut time laga thodi der mein.","Travel"
"I'm planning a trip to Shimla last night.","Travel"
"i need to pack for Mumbai from tomorrow","Travel"
"Ghar pe sab the noisy construction nearby ke baare mein baat kar rahe the dopahar se.","General/Other"
"I've been dealing with swelling in my ankle these days, but my appointment for an ear infection got rescheduled.","Health"
"I finally booked a local train ticket to Bangalore because we're staying at a small hotel near Udaipur.","Travel"
"Our manager called an emergency meeting this morning because the client raised concerns about the delivery timeline, and now the whole team is rushing to revise the project plan.","Work/Office"
"Aakhirkar quarterly report close kar diya kuch minute pehle.","Work/Office"
"Monday se wale the final exams ko lekar nervous hoon, uske upar se pichle hafte se wale the history assignment ko lekar nervous hoon.","Education"
"Poori raat jaagkar the history assignment complete kiya.","Education"
"Shimla wali road trip subah se delay ho gayi.","Travel"
"mere cousin ne ek achi brand suggest ki a formal shirt ke liye.","Shopping"
"the delivery guy asked me to revise the sprint review this afternoon.","Work/Office"
"Sach kahoon toh plan cancel hone ke baad, mann bahut kaafi khush hai.","Mood/Emotion"
"landlord ne bola thoda rest kar seene mein jakadan thik ho jayega.","Health"
"future ke baare mein soch kar, bas ek ajeeb sa akela feeling aa rahi hai.","Mood/Emotion"
"Aaj mausam accha hai.","General/Other"
"the office server baar crash ho raha hai is mahine.","Technology"
"mere colleague ne bola specialist ko dikhao pet dard ke liye isliye delivery wale ne bola specialist ko dikhao sar dard ke liye.","Health"
"I'm not sure whether to take a connecting flight or drive to Varanasi plus i'm planning a trip to Mumbai since Monday.","Travel"
"mere roommate ne bola the insurance premium review karo, isliye monday se the electricity bill pay karna hai.","Finance"
"my colleague helped me fix my laptop.","Technology"
"aaj wale mathematics ko lekar nervous hoon.","Education"
"mere roommate ne ek achi brand suggest ki a new smartphone ke liye.","Shopping"
"The deadline for the client presentation got moved up for the past three days","Work/Office"
"kal wale the chemistry lab report ko lekar nervous hoon","Education"
"I couldn't sleep properly because of back pain next week, though a migraine has been bothering me last night.","Health"
"Aakhirkar this month's rent clear kar diya parso","Finance"
"my landlord advised me to review this month's rent.","Finance"
"kal se wale physics ko lekar nervous hoon isliye abhi bhi the coding assignment ki taiyari kar raha hoon.","Education"
"i finally cleared the personal loan EMI since last night","Finance"
"Sach kahoon toh bina kisi wajah ke, mann bahut excited hai.","Mood/Emotion"
"Store mein a winter jacket pe badi sale lagi hai abhi.","Shopping"
"my roommate helped me fix my laptop","Technology"
"kal raat se the online course submit karna hai.","Education"
"thodi der mein the class test submit karna hai.","Education"
"the teacher is not happy with how the performance review turned out.","Work/Office"
"I need to pay my bank statement next month.","Finance"
"Aakhirkar my savings account clear kar diya kuch ghanton se, par kal se the tax filing pay karna hai.","Finance"
"The overnight bus to Bangalore was surprisingly comfortable.","Travel"
"customer support wale ne khush nahi hai budget proposal ke result se, par is weekend work from home karke hiring paperwork complete karunga.","Work/Office"
"I tried making a vegetable stir fry at home for a couple of hours.","Food"
"my professor helped me understand the literature essay better.","Education"
"i had to skip work due to a bad cough since Monday, and a sore throat has been bothering me since Monday.","Health"
"the delivery guy scheduled a call about the sales deck this morning.","Work/Office"
"Mujhe kal se chakkar ho raha hai.","Health"
"I couldn't sleep properly because of loose motions since Monday.","Health"
"a fixed deposit auto-debit ho gaya aajkal","Finance"
"Bangalore wali connecting flight subah se delay ho gayi jabki pichle hafte se Jaipur ghumne ka plan bana raha hoon.","Travel"
"I've been feeling very motivated after finishing the task finally.","Mood/Emotion"
"It's hard to explain but I feel proud since the plans got cancelled.","Mood/Emotion"
"doctor ne khush nahi hai quarterly report ke result se par doctor ne onboarding documents ke baare mein call rakhi hai kuch ghanton se.","Work/Office"
"I've been feeling unusually calm after hearing the news.","Mood/Emotion"
"Our flight to Ladakh got delayed this evening.","Travel"
"the office printer baar crash ho raha hai agle mahine.","Technology"
"I finally got my results for physics","Education"
"I'm nervous about the class test scheduled this evening.","Education"
"us baat cheet ke baad, bas ek ajeeb sa thoda anxious feeling aa rahi hai","Mood/Emotion"
"monday se tak hiring paperwork complete karna hai, kyunki hamari team sales deck pe atki hui hai thodi der mein.","Work/Office"
"teacher ne bola this month's rent review karo.","Finance"
"Kerala wali train raat se delay ho gayi.","Travel"
"Monday se the insurance premium pay karna hai.","Finance"
"The store had a huge sale on a set of headphones for a couple of hours.","Shopping"
"Aakhirkar Dubai ke liye overnight bus ki ticket book kar li","Travel"
"is hafte work from home karke client presentation complete karunga aur raat se tak quarterly report complete karna hai.","Work/Office"
"the overnight bus to Varanasi was surprisingly comfortable, while i need to pack for Pune this morning.","Travel"
"my father scheduled a call about the vendor contract for the past three days.","Work/Office"
"I can't figure out why my external hard drive is so slow since last week.","Technology"
"The store had a huge sale on a new smartphone tomorrow.","Shopping"
"dopahar se my smartwatch app reinstall karna pada.","Technology"
"My this month's rent got auto-debited since morning.","Finance"
"We're hosting friends since Monday and planning to make a vegetable stir fry plus my boss recommended a place that serves amazing grilled sandwiches.","Food"
"sunglasses ki delivery late ho rahi hai agle mahine.","Shopping"
"I ordered a formal shirt online this weekend.","Shopping"
"I forgot to mention the weekend plans to you earlier, though i read something interesting about the community meeting.","General/Other"
"Aakhirkar my mutual fund investment clear kar diya do din se.","Finance"
"naak behna ki wajah se agle mahine kaam pe nahi ja paaya.","Health"
"Pune wali flight abhi delay ho gayi.","Travel"
"pet dard ki wajah se aaj kaam pe nahi ja paaya.","Health"
"a skin rash has been bothering me just now, because customer support suggested I see a specialist because of a sore throat.","Health"
"The deadline for the marketing plan got moved up next month.","Work/Office"
"The delivery for a study lamp is delayed these days.","Shopping"
"we're hosting friends since Monday and planning to make a fruit salad, though my brother recommended a place that serves amazing a fruit salad.","Food"
"I'm still preparing for the literature essay.","Education"
"mere roommate ne sprint review ke baare mein call rakhi hai raat se","Work/Office"
"mere neighbor ne bola specialist ko dikhao kamar dard ke liye, uske upar se mere manager ne bola thoda rest kar sar dard thik ho jayega.","Health"
"Aakhirkar performance review close kar diya abhi.","Work/Office"
"The store had a huge sale on a set of headphones in a while","Shopping"
"a headache has been bothering me since morning.","Health"
"is weekend thoda time the neighbor's new dog sambhalne mein laga.","General/Other"
"i woke up feeling extremely stressed after finishing the task finally","Mood/Emotion"
"mere neighbor ne ek jagah bataayi jahan ka biryani zabardast hai.","Food"
"I tried making idli sambar at home this morning.","Food"
"agle hafte online a pair of sneakers order kiya.","Shopping"
"the power cut yesterday came up randomly in conversation from tomorrow.","General/Other"
"my manager suggested I see a specialist because of a sore throat.","Health"
"My salary got auto-debited in a while.","Finance"
"kal se dinner mein momos order kiya.","Food"
"I just checked in for my road trip to Dubai and i need to pack for Varanasi this afternoon.","Travel"
"aaj dinner mein momos order kiya.","Food"
"I'm troubleshooting the office printer right now.","Technology"
"I have to submit the literature essay right now plus i have to submit the final exams right now.","Education"
"Aakhirkar my credit card bill clear kar diya pichle teen din se.","Finance"
"I need to pay a fixed deposit since Monday.","Finance"
"Subah se hi hopeful mehsoos ho raha hai future ke baare mein soch kar.","Mood/Emotion"
"Medical se seene mein jakadan ki tablet le aaya.","Health"
"Ghar pe sab the new furniture we bought ke baare mein baat kar rahe the aaj.","General/Other"
"It's hard to explain but I feel irritated since things didn't go as planned.","Mood/Emotion"
"i feel like loose motions is getting worse right now","Health"
"I finally cleared the insurance premium next week, but i checked the tax filing and noticed something odd.","Finance"
"Mujhe agle hafte se gale mein kharash ho raha hai.","Health"
"I can't login to my account.","Technology"
"Blood test karwaya acidity ki wajah se.","Health"
"my bank statement auto-debit ho gaya Monday se jabki aakhirkar my mutual fund investment clear kar diya pichle hafte se.","Finance"
"dopahar se the traffic on the way home ke baare mein baat hui.","General/Other"
"It's hard to explain but I feel pretty disappointed after getting that message.","Mood/Emotion"
"my brother recommended a good brand for a formal shirt, so my manager recommended a good brand for a winter jacket.","Shopping"
"aaj shaam ko wale the practical exam ko lekar nervous hoon.","Education"
"I'm still preparing for the entrance exam.","Education"
"a winter jacket pe zabardast discount mila","Shopping"
"Aakhirkar Mumbai ke liye connecting flight ki ticket book kar li, par abhi Ladakh ghumne ka plan bana raha hoon.","Travel"
"Mujhe thodi der mein se ghutno mein dard ho raha hai halaanki mere dost ne bola specialist ko dikhao takhne mein sujan ke liye.","Health"
"nausea has been bothering me this weekend.","Health"
"Bataana mushkil hai lekin bina kisi wajah ke bahut overwhelmed hoon.","Mood/Emotion"
"My throat hurts a lot.","Health"
"I need to pack for Pune this month.","Travel"
"parso thoda time the traffic on the way home sambhalne mein laga","General/Other"
"Bataana mushkil hai lekin us bahas ke baad bahut hopeful hoon.","Mood/Emotion"
"mere cousin ne audit checklist ke baare mein call rakhi hai kuch ghanton se, par kuch minute pehle half day liya status update complete karne ke liye.","Work/Office"
"my cousin advised me to review my savings account.","Finance"
"thodi der mein the scholarship application submit karna hai.","Education"
"Statement check karna hai.","Finance"
"Aakhirkar Varanasi ke liye train ki ticket book kar li.","Travel"
"pichle hafte se the chemistry lab report submit karna hai, par kal raat se wale the chemistry lab report ko lekar nervous hoon.","Education"
"Everyone at home was discussing the neighborhood cat since last week.","General/Other"
"I can't figure out why the office server is so slow this month.","Technology"
"Samajh nahi aa raha the office printer itna slow kyun hai dopahar se kyunki the new software update achanak kaam karna band kar diya agle hafte.","Technology"
"Lunch skip karke seedha biryani kha liya","Food"
"Everyone at home was discussing the festival preparations just now.","General/Other"
"my mother mentioned the weather during our chat, though we talked about an old photo album for a while this afternoon.","General/Other"
"Ghar pe sab a documentary I watched ke baare mein baat kar rahe the is weekend.","General/Other"
"boss ne the coding assignment samjhaane mein madad ki.","Education"
"kal se dinner mein idli sambar order kiya","Food"
"I've been dealing with chest tightness since morning.","Health"
"aajkal wale the thesis draft ko lekar nervous hoon.","Education"
"aajkal the class test submit karna hai","Education"
"We talked about the weekend plans for a while since last week.","General/Other"
"the delivery guy recommended a good brand for a handbag.","Shopping"
"we talked about the weekend plans for a while these days","General/Other"
"I submitted the sales deck since last night but haven't heard back yet, while our team is stuck on the audit checklist since last week.","Work/Office"
"mere neighbor ne bola specialist ko dikhao aankhon mein dhundhlapan ke liye.","Health"
"We ordered biryani for dinner tomorrow","Food"
"my the tax filing got auto-debited this month so i finally cleared my savings account this evening.","Finance"
"parso the final exams submit karna hai.","Education"
"plan cancel hone ke baad bas ek ajeeb sa bahut motivated feeling aa rahi hai","Mood/Emotion"
"I can't figure out why the company website is so slow since last night.","Technology"
"Samajh nahi aa raha flight loon ya khud drive karke Goa jaaun, kyunki is mahine Mumbai ghumne ka plan bana raha hoon.","Travel"
"the shopkeeper scheduled a call about the project timeline this month because my brother is not happy with how the budget proposal turned out.","Work/Office"
"I had to reinstall the operating system this afternoon, so my cousin helped me fix the company website.","Technology"
"Sach kahoon toh us bahas ke baad, mann bahut akela hai.","Mood/Emotion"
"because of everything going on lately, I've just been feeling emotionally exhausted.","Mood/Emotion"
"I had to reinstall the office server last night","Technology"
"mere colleague ne the long queue at the grocery store ka zikr kiya baat cheet mein.","General/Other"
"my smartwatch app internet se connect hi nahi ho raha thodi der mein, par samajh nahi aa raha the office server itna slow kyun hai Monday se.","Technology"
"i had to skip work due to stomach pain last night but woke up with body aches and decided to rest today.","Health"
"doctor ne the family gathering this weekend ka zikr kiya baat cheet mein.","General/Other"
"I can't figure out why my email account is so slow next month, but my smartwatch app won't connect to the internet since morning.","Technology"
"There's a meeting about the marketing plan scheduled right now.","Work/Office"
"my monthly budget auto-debit ho gaya abhi","Finance"
"Monday se walk karte waqt the neighborhood cat dikha.","General/Other"
"my neighbor is not happy with how the project timeline turned out.","Work/Office"
"Ghar pe sab the garden we're planting ke baare mein baat kar rahe the is mahine.","General/Other"
"Honestly, I feel quite anxious because nothing seems to be going right.","Mood/Emotion"
"Abhi a fruit salad khaane ka mann kar raha hai aur aakhirkar pav bhaji ki recipe perfect ho gayi meri.","Food"
"Store mein a kitchen mixer pe badi sale lagi hai kal se","Shopping"
"Feeling quite lonely lately.","Mood/Emotion"
"mere dost ne status update ke baare mein call rakhi hai dopahar se.","Work/Office"
"I'm still preparing for physics.","Education"
"the deadline for the sprint review got moved up this morning","Work/Office"
"my external hard drive won't connect to the internet for the past three days.","Technology"
"kuch minute pehle tak marketing plan complete karna hai, lekin aaj work from home karke quarterly report complete karunga.","Work/Office"
"It's hard to explain but I feel restless without any clear reason.","Mood/Emotion"
"I set up a reminder to pay my mutual fund investment.","Finance"
"the insurance premium auto-debit ho gaya Monday se, jabki kuch ghanton se the electricity bill pay karna hai.","Finance"
"Monday se tak status update complete karna hai.","Work/Office"
"We're hosting friends for a couple of hours and planning to make pasta, but we're hosting friends by Friday and planning to make a vegetable stir fry.","Food"
"Ise return karna hai.","Shopping"
"Lately I feel nervous thinking about the future, and I don't know why and i woke up feeling emotionally exhausted after a long day.","Mood/Emotion"
"chest tightness has been bothering me this month","Health"
"I need to pack for Mumbai since last week.","Travel"
"is hafte online a winter jacket order kiya halaanki professor ne ek achi brand suggest ki a pair of jeans ke liye.","Shopping"
"dopahar se my mutual fund investment pay karna hai","Finance"
"I have to submit physics tomorrow","Education"
"I tried making dosa at home from tomorrow.","Food"
"Phone battery drains fast.","Technology"
"raat se wale mathematics ko lekar nervous hoon, lekin agle hafte the group presentation submit karna hai.","Education"
"the doctor recommended a place that serves amazing grilled sandwiches.","Food"
"The store had a huge sale on a dining table since noon, because my cousin recommended a good brand for a new smartphone.","Shopping"
"I took a half day today to catch up on the onboarding documents even though the doctor is not happy with how the audit checklist turned out.","Work/Office"
"mere dost ne physics samjhaane mein madad ki uske alawa is weekend wale the practical exam ko lekar nervous hoon.","Education"
"mere dost ne bola the loan application review karo","Finance"
"My the electricity bill got auto-debited since two days.","Finance"
"a winter jacket ki delivery late ho rahi hai aaj par boss ne ek achi brand suggest ki a winter jacket ke liye.","Shopping"
"I couldn't sleep properly because of a mild fever this afternoon.","Health"
"aaj shaam ko thoda time the community meeting sambhalne mein laga.","General/Other"
"Friday tak online a pair of sneakers order kiya, kyunki a new smartphone ki delivery late ho rahi hai kuch ghanton se.","Shopping"
"The store had a huge sale on a new smartphone last night but i ordered a formal shirt online since morning.","Shopping"
"aaj shaam ko walk karte waqt the family gathering this weekend dikha.","General/Other"
"Hamari team status update pe atki hui hai Friday tak.","Work/Office"
"darjeeling wali train agle mahine delay ho gayi","Travel"
"Bangalore wali local train Monday se delay ho gayi","Travel"
"purane dosto ki yaad aane se, bas ek ajeeb sa demotivated feeling aa rahi hai","Mood/Emotion"
"Just a heads up about the new furniture we bought.","General/Other"
"I finally cleared the personal loan EMI right now so i finally cleared a fixed deposit since noon.","Finance"
"I took a half day this month to catch up on the budget proposal","Work/Office"
"Is hafte the noisy construction nearby ke baare mein baat karni chahiye.","General/Other"
"my brother recommended a place that serves amazing pasta.","Food"
"I'm planning a trip to Ladakh today.","Travel"
"my manager recommended a place that serves amazing idli sambar, though i tried making paneer tikka at home since last night.","Food"
"lately I feel emotionally exhausted because of everything going on lately and I don't know why","Mood/Emotion"
"Kai mahino se emergency fund banane ki koshish kar raha hoon, lekin rent, EMI aur baaki expenses ke beech consistently save karna mushkil ho raha hai.","Finance"
"store mein a study lamp pe badi sale lagi hai subah se","Shopping"
"Aakhirkar budget proposal close kar diya is hafte.","Work/Office"
"my external hard drive baar crash ho raha hai thodi der mein","Technology"
"my external hard drive internet se connect hi nahi ho raha aaj","Technology"
"boss ne bola my credit card bill review karo aur mere roommate ne bola my credit score review karo.","Finance"
"is mahine leadership ke saamne project timeline present karna hai.","Work/Office"
"I ordered a backpack online since two days.","Shopping"
"The store had a huge sale on sunglasses this morning.","Shopping"
"I have to present the onboarding documents in front of the leadership right now.","Work/Office"
"Store mein a pair of sneakers pe badi sale lagi hai Friday tak.","Shopping"
"a pair of jeans ki delivery late ho rahi hai Monday se","Shopping"
"my roommate mentioned a documentary I watched during our chat.","General/Other"
"I couldn't finish my plate of a fruit salad, it was too spicy, since we're hosting friends since Monday and planning to make paneer tikka.","Food"
"Recovering slowly from chest tightness since last week.","Health"
"The deadline for the team meeting notes got moved up since two days.","Work/Office"
"a winter jacket cart mein daala hai lekin checkout nahi kiya abhi tak.","Shopping"
"Our team is stuck on the marketing plan since Monday.","Work/Office"
"my father suggested I see a specialist because of a migraine.","Health"
"my laptop keeps crashing next month","Technology"
"aaj random mein an old photo album ki baat chal padi.","General/Other"
"We ordered noodles for dinner since last week.","Food"
"the shopkeeper helped me understand physics better.","Education"
"I finally booked a cab ticket to Dubai.","Travel"
"I woke up feeling nervous because I miss my old friends.","Mood/Emotion"
"a smartwatch ki delivery late ho rahi hai kal raat se uske alawa store mein a handbag pe badi sale lagi hai Monday se.","Shopping"
"my landlord recommended a good brand for a study lamp.","Shopping"
"I spent some time dealing with the long queue at the grocery store for a couple of hours.","General/Other"
"I'm nervous about the semester project scheduled since morning, while i'm nervous about the literature essay scheduled since two days.","Education"
"There's a strange feeling of being unusually calm since I've been so busy.","Mood/Emotion"
"a dining table ki delivery late ho rahi hai aaj par kal online a pair of running shoes order kiya.","Shopping"
"mere neighbor ne bola thoda rest kar kaan mein infection thik ho jayega, lekin raat se skin par rash thik nahi ho raha.","Health"
"my email account keeps crashing next month.","Technology"
"landlord ne the new software update fix karne mein madad ki.","Technology"
"Recovering slowly from acidity next month.","Health"
"my cousin recommended a place that serves amazing a fruit salad.","Food"
"agle hafte thoda time the traffic on the way home sambhalne mein laga.","General/Other"
"thodi der mein mathematics submit karna hai.","Education"
"I tried making pancakes at home right now.","Food"
"the community meeting came up randomly in conversation this weekend.","General/Other"
"Bataana mushkil hai lekin wo message padhne ke baad bahut stressed hoon.","Mood/Emotion"
"The store had a huge sale on a formal shirt these days.","Shopping"
"I'm planning a trip to Kerala today.","Travel"
"aaj shaam ko dost aa rahe hain aur dosa banane ka plan hai","Food"
"I can't shake off this completely drained feeling after that argument.","Mood/Emotion"
"I ordered a smartwatch online these days","Shopping"
"Main demotivated feel kar raha hoon plan cancel hone ke baad","Mood/Emotion"
"We ordered butter chicken for dinner for a couple of hours, but i tried making biryani at home last night.","Food"
"Monday se Singapore ke liye packing karni hai.","Travel"
"my phone baar crash ho raha hai is mahine.","Technology"
"the doctor is not happy with how the marketing plan turned out","Work/Office"
"my savings account jaldi close karne ke liye paise bacha raha hoon, uske upar se kal raat se my credit score pay karna hai.","Finance"
"I think I need a checkup for a migraine, because i'm planning to visit the clinic because of a running nose.","Health"
"Mujhe abhi se pet dard ho raha hai.","Health"
"pichle teen din se ghar pe a cheese pizza banane ki koshish ki.","Food"
"dukaandaar ne my smartwatch app fix karne mein madad ki, jabki the operating system internet se connect hi nahi ho raha kal se.","Technology"
"Dubai wali connecting flight raat se delay ho gayi.","Travel"
"my neighbor recommended a good brand for sunglasses.","Shopping"
"agle hafte leadership ke saamne code review present karna hai","Work/Office"
"Aakhirkar the tax filing clear kar diya aaj.","Finance"
"mummy ne bola thoda rest kar badan dard thik ho jayega, jabki mujhe abhi se skin par rash ho raha hai.","Health"
"dukaandaar ne my email account fix karne mein madad ki.","Technology"
"Samajh nahi aa raha my email account itna slow kyun hai agle mahine, isliye boss ne my laptop fix karne mein madad ki.","Technology"
"is weekend leadership ke saamne client presentation present karna hai.","Work/Office"
"My credit score got auto-debited for a couple of hours.","Finance"
"Store mein a winter jacket pe badi sale lagi hai agle hafte.","Shopping"
"my boss helped me fix the office printer, so the technician looked at the office printer but couldn't find the issue.","Technology"
"My bank statement got auto-debited last night.","Finance"
"We're hosting friends from tomorrow and planning to make biryani so we're hosting friends a few minutes ago and planning to make a cheese pizza.","Food"
"the office server won't connect to the internet last night.","Technology"
"Store mein a winter jacket pe badi sale lagi hai pichle hafte se, jabki store mein sunglasses pe badi sale lagi hai aaj.","Shopping"
"do din se Bangalore ke liye packing karni hai.","Travel"
"mere roommate ne ek achi brand suggest ki a dining table ke liye halaanki customer support wale ne ek achi brand suggest ki sunglasses ke liye.","Shopping"
"Mujhe Monday se kamzori ho raha hai.","Health"
"Honestly, I feel nervous after that argument.","Mood/Emotion"
"Kerala ke hotel ne free mein room upgrade kar diya.","Travel"
"aaj shaam ko dinner mein dosa order kiya.","Food"
"I finally cleared my monthly budget this weekend, so i finally cleared a fixed deposit for the past three days.","Finance"
"mere neighbor ne the family gathering this weekend ka zikr kiya baat cheet mein.","General/Other"
"i can't shake off this a bit lonely feeling because nothing seems to be going right","Mood/Emotion"
"the office printer keeps crashing since two days","Technology"
"Aakhirkar Darjeeling ke liye train ki ticket book kar li, par samajh nahi aa raha local train loon ya khud drive karke Ladakh jaaun.","Travel"
"The store had a huge sale on a formal shirt right now.","Shopping"
"I can't figure out why the company website is so slow for the past three days.","Technology"
"the teacher helped me understand the class test better since customer support helped me understand the entrance exam better.","Education"
"I finally booked a local train ticket to Pune, because i need to pack for Kolkata for a couple of hours.","Travel"
"We finally closed the sales deck since last week","Work/Office"
"I tried making rajma chawal at home today.","Food"
"I need to pack for Singapore since last week, and on top of that i need to pack for Jaipur since two days.","Travel"
"I finally cleared the electricity bill this weekend.","Finance"
"i'm nervous about the practical exam scheduled this weekend","Education"
"Restaurant ka tacos bahut tasty tha.","Food"
"i'm nervous about the practical exam scheduled these days","Education"
"Friday tak walk karte waqt the long queue at the grocery store dikha.","General/Other"
"the new software update won't connect to the internet next week.","Technology"
"i need to pack for Mumbai for the past three days","Travel"
"kal se half day liya status update complete karne ke liye aur delivery wale ne status update ke baare mein call rakhi hai pichle teen din se.","Work/Office"
"the neighborhood cat came up randomly in conversation just now.","General/Other"
"I finally booked a train ticket to Rishikesh.","Travel"
"Abhi an old photo album ke baare mein soch raha tha.","General/Other"
"Friday tak the mobile app reinstall karna pada.","Technology"
"I noticed the traffic on the way home while walking this afternoon","General/Other"
"pichle hafte se wale the literature essay ko lekar nervous hoon uske alawa is hafte the group presentation submit karna hai.","Education"
"I can't figure out why the operating system is so slow from tomorrow, because i can't figure out why my smartwatch app is so slow since noon.","Technology"
"i submitted the project timeline for a couple of hours but haven't heard back yet","Work/Office"
"I ordered a kitchen mixer online last night, because the delivery for a new smartphone is delayed in a while.","Shopping"
"my father asked me to revise the marketing plan for a couple of hours","Work/Office"
"Honestly, I feel pretty disappointed since I've been so busy so i can't shake off this nervous feeling after hearing the news.","Mood/Emotion"
"customer support helped me understand the literature essay better","Education"
"after that conversation, I've just been feeling proud.","Mood/Emotion"
"the teacher helped me fix the office printer.","Technology"
"everyone at home was discussing the garden we're planting tomorrow, because it's been a quiet day, mostly thinking about the long queue at the grocery store.","General/Other"
"Pata nahi kyun par cheezein plan ke hisaab se na hone ki wajah se bahut excited lag raha hoon.","Mood/Emotion"
"raat se dinner mein a cheese pizza order kiya.","Food"
"I'm returning a formal shirt because it didn't fit.","Shopping"
"Bangalore wali cab kaafi comfortable thi.","Travel"
"thodi der mein the chemistry lab report submit karna hai halaanki papa ne the class test samjhaane mein madad ki.","Education"
"I couldn't sleep properly because of acidity today, because i noticed a bad cough this afternoon and it's not going away.","Health"
"Rishikesh wali flight kaafi comfortable thi.","Travel"
"aaj shaam ko online a pair of jeans order kiya.","Shopping"
"is mahine my laptop reinstall karna pada.","Technology"
"Samajh nahi aa raha my smartwatch app itna slow kyun hai aajkal, kyunki mere roommate ne my phone fix karne mein madad ki.","Technology"
"do din se wale the entrance exam ko lekar nervous hoon, isliye mere bhai ne the literature essay samjhaane mein madad ki.","Education"
"do din se Ooty ke liye packing karni hai.","Travel"
"kal se dinner mein pancakes order kiya","Food"
"Loan application process expected se kaafi zyada time le raha hai kyunki bank har hafte koi na koi naya document maang raha hai.","Finance"
"Monday se Kolkata ghumne ka plan bana raha hoon, kyunki aakhirkar Mumbai ke liye local train ki ticket book kar li.","Travel"
"Aakhirkar my credit score clear kar diya kal.","Finance"
"I have to submit the practical exam since last night though my manager helped me understand the final exams better.","Education"
"abhi dinner mein pav bhaji order kiya.","Food"
"Abhi rajma chawal khaane ka mann kar raha hai uske alawa mere cousin ne ek jagah bataayi jahan ka tacos zabardast hai.","Food"
"agle mahine wale the scholarship application ko lekar nervous hoon.","Education"
"we finally closed the budget proposal in a while","Work/Office"
"I took a half day just now to catch up on the marketing plan.","Work/Office"
"mere dost ne the scholarship application samjhaane mein madad ki.","Education"
"boss ne ek jagah bataayi jahan ka dosa zabardast hai, lekin kal raat se dinner mein tacos order kiya.","Food"
"I'm nervous about the practical exam scheduled this afternoon even though the shopkeeper helped me understand the semester project better.","Education"
"sales deck submit kar diya parso lekin abhi tak reply nahi aaya.","Work/Office"
"ghar pe sab the weekend plans ke baare mein baat kar rahe the kal raat se","General/Other"
"Ghar pe sab a documentary I watched ke baare mein baat kar rahe the kuch minute pehle.","General/Other"
"Teen websites pe a pair of sneakers ka price compare kiya","Shopping"
"Store mein a pair of jeans pe badi sale lagi hai kal se.","Shopping"
"thodi der mein thoda time the power cut yesterday sambhalne mein laga.","General/Other"
"I feel like nausea is getting worse for a couple of hours.","Health"
"my professor helped me understand the thesis draft better because i have to submit physics a few minutes ago.","Education"
"It's hard to explain but I feel a bit lonely because nothing seems to be going right","Mood/Emotion"
"Kerala wali local train thodi der mein delay ho gayi isliye dubai wali road trip parso delay ho gayi.","Travel"
"agle hafte dost aa rahe hain aur a vegetable stir fry banane ka plan hai.","Food"
"I can't shake off this emotionally exhausted feeling since the plans got cancelled, but honestly, I feel so frustrated after a long day.","Mood/Emotion"
"papa ne ek jagah bataayi jahan ka a fruit salad zabardast hai.","Food"
"my phone achanak kaam karna band kar diya do din se.","Technology"
"dukaandaar ne the group presentation samjhaane mein madad ki jabki kuch ghanton se wale the scholarship application ko lekar nervous hoon.","Education"
"is mahine dost aa rahe hain aur idli sambar banane ka plan hai, uske upar se kuch minute pehle ghar pe biryani banane ki koshish ki.","Food"
"Samajh nahi aa raha the new software update itna slow kyun hai kuch minute pehle.","Technology"
"We ordered grilled sandwiches for dinner just now.","Food"
"I can't shake off this irritated feeling thinking about the future.","Mood/Emotion"
"after that argument I've just been feeling demotivated, though i can't shake off this irritated feeling since the plans got cancelled.","Mood/Emotion"
"kuch ghanton se online sunglasses order kiya","Shopping"
"i need to pack for Darjeeling last night and i just checked in for my flight to Kolkata.","Travel"
"my manager recommended a good brand for a handbag, while the delivery for a laptop bag is delayed from tomorrow.","Shopping"
"my monthly budget auto-debit ho gaya pichle hafte se kyunki agle mahine my savings account pay karna hai.","Finance"
"Abhi Varanasi wali overnight bus ke liye check-in kar liya","Travel"
"We ordered momos for dinner today.","Food"
"raat se Shimla ke liye packing karni hai.","Travel"
"do din se Kerala ke liye packing karni hai.","Travel"
"I'm nervous about the thesis draft scheduled a few minutes ago.","Education"
"There's a strange feeling of being very motivated because nothing seems to be going right.","Mood/Emotion"
"I need to pay my monthly budget by Friday.","Finance"
"abhi the tax filing pay karna hai.","Finance"
"Our flight to Ladakh got delayed next month.","Travel"
"the office printer achanak kaam karna band kar diya raat se.","Technology"
"thodi der mein the office printer reinstall karna pada isliye the office server achanak kaam karna band kar diya kuch ghanton se.","Technology"
"papa ne physics samjhaane mein madad ki","Education"
"I tried making paneer tikka at home today while we're hosting friends tomorrow and planning to make a vegetable stir fry.","Food"
"the office server achanak kaam karna band kar diya kal raat se.","Technology"
"there's a strange feeling of being unusually calm after getting that message","Mood/Emotion"
"Aaj kaafi shaant din raha, bas the power cut yesterday ke baare mein soch raha tha.","General/Other"
"I've been feeling quite anxious without any clear reason.","Mood/Emotion"
"I'm nervous about the entrance exam scheduled since last week.","Education"
"agle hafte dinner mein rajma chawal order kiya.","Food"
"abhi the online course submit karna hai.","Education"
"meri behen ne bola specialist ko dikhao aankhon mein dhundhlapan ke liye.","Health"
"kuch ghanton se my email account reinstall karna pada.","Technology"
"professor ne the scholarship application samjhaane mein madad ki.","Education"
"I need to pack for Delhi a few minutes ago plus i need to pack for Ladakh since noon.","Travel"
"my friend mentioned the noisy construction nearby during our chat.","General/Other"
"dukaandaar ne the family gathering this weekend ka zikr kiya baat cheet mein.","General/Other"
"I spent some time dealing with the weather by Friday.","General/Other"
"the operating system internet se connect hi nahi ho raha dopahar se.","Technology"
"kal se ghar pe idli sambar banane ki koshish ki, jabki monday se ghar pe a fruit salad banane ki koshish ki.","Food"
"the office server won't connect to the internet this evening.","Technology"
"Aajkal restless feel ho raha hai aakhirkar kaam khatam karne ke baad.","Mood/Emotion"
"customer support wale ne team meeting notes ke baare mein call rakhi hai kal se","Work/Office"
"do din se online a set of headphones order kiya kyunki a backpack ki delivery late ho rahi hai aaj shaam ko.","Shopping"
"kuch ghanton se thoda time the traffic on the way home sambhalne mein laga.","General/Other"
"aajkal walk karte waqt the traffic on the way home dikha","General/Other"
"Craving something sweet.","Food"
"The store had a huge sale on a set of headphones next week.","Shopping"
"I'll be working from home from tomorrow to complete the marketing plan.","Work/Office"
"aaj wale the entrance exam ko lekar nervous hoon uske alawa poori raat jaagkar the thesis draft complete kiya.","Education"
"I can't figure out why my password manager is so slow just now.","Technology"
"I'm not sure whether to take a road trip or drive to Singapore.","Travel"
"honestly I feel hopeful after that argument","Mood/Emotion"
"i had to skip work due to joint pain just now, because i feel like body aches is getting worse since last night.","Health"
"papa ne the office printer fix karne mein madad ki.","Technology"
"i'm planning a trip to Mumbai this evening","Travel"
"I finally bought a laptop bag after weeks of thinking about it","Shopping"
"do din se ghar pe butter chicken banane ki koshish ki, jabki is mahine ghar pe tacos banane ki koshish ki.","Food"
"aajkal thoda anxious feel ho raha hai purane dosto ki yaad aane se","Mood/Emotion"
"abhi walk karte waqt the weather dikha.","General/Other"
"I'm nervous about the group presentation scheduled since two days because i have to submit the class test since morning.","Education"
"I just checked in for my flight to Mumbai.","Travel"
"We talked about the festival preparations for a while today plus it's been a quiet day, mostly thinking about the power cut yesterday.","General/Other"
"Restaurant ka dosa bahut tasty tha.","Food"
"agle mahine random mein the neighborhood cat ki baat chal padi.","General/Other"
"do din se tak client presentation complete karna hai.","Work/Office"
"It's raining outside now.","General/Other"
"I had to skip work due to a mild fever for the past three days.","Health"
"abhi wale the semester project ko lekar nervous hoon","Education"
"I need to pay a fixed deposit right now.","Finance"
"I woke up feeling demotivated since things didn't go as planned though i can't shake off this restless feeling after hearing the news.","Mood/Emotion"
"I've been dealing with nausea these days.","Health"
"We're hosting friends this morning and planning to make biryani.","Food"
"the doctor recommended a place that serves amazing pav bhaji plus we ordered pav bhaji for dinner this weekend.","Food"
"We're staying at a small hotel near Pune.","Travel"
"kuch ghanton se Rishikesh ghumne ka plan bana raha hoon, par is hafte Bangalore ke liye packing karni hai.","Travel"
"I need to pay my bank statement this afternoon though my cousin advised me to review the tax filing.","Finance"
"I had to reinstall the new software update since noon so the office server won't connect to the internet this month.","Technology"
"My professor extended the deadline for the semester project.","Education"
"I woke up feeling quite anxious because of everything going on lately.","Mood/Emotion"
"I'm planning a trip to Kolkata just now.","Travel"
"halka bukhar ki wajah se abhi kaam pe nahi ja paaya par kal raat se badan dard thik nahi ho raha.","Health"
"I have to submit the literature essay a few minutes ago so i have to submit the thesis draft next month.","Education"
"aaj shaam ko se chakkar thik nahi ho raha.","Health"
"Subah se hi hopeful mehsoos ho raha hai purane dosto ki yaad aane se.","Mood/Emotion"
"my laptop internet se connect hi nahi ho raha pichle hafte se.","Technology"
"Aakhirkar this month's rent clear kar diya raat se.","Finance"
"the road trip to Shimla was surprisingly comfortable, because i'm not sure whether to take a cab or drive to Manali.","Travel"
"recovering slowly from joint pain since morning","Health"
"i finally cleared my salary since morning","Finance"
"honestly I feel a little low because I miss my old friends","Mood/Emotion"
"skin par rash ki wajah se Monday se kaam pe nahi ja paaya, par pichle teen din se seene mein jakadan thik nahi ho raha.","Health"
"landlord ne ek jagah bataayi jahan ka a cheese pizza zabardast hai kyunki kuch ghanton se dost aa rahe hain aur dosa banane ka plan hai.","Food"
"mere cousin ne the power cut yesterday ka zikr kiya baat cheet mein","General/Other"
"subah se hi nervous mehsoos ho raha hai us bahas ke baad","Mood/Emotion"
"the traffic on the way home came up randomly in conversation these days though my cousin mentioned the long queue at the grocery store during our chat.","General/Other"
"Sach kahoon toh cheezein plan ke hisaab se na hone ki wajah se, mann bahut overwhelmed hai.","Mood/Emotion"
"I've been feeling so frustrated because I miss my old friends.","Mood/Emotion"
"I feel like back pain is getting worse since noon because my landlord suggested I see a specialist because of body aches.","Health"
"raat se random mein the weekend plans ki baat chal padi.","General/Other"
"aajkal online a laptop bag order kiya","Shopping"
"Mujhe agle mahine se skin par rash ho raha hai.","Health"
"Recovering slowly from blurry vision right now.","Health"
"audit checklist submit kar diya aaj lekin abhi tak reply nahi aaya.","Work/Office"
"i just checked in for my road trip to Rishikesh but i need to pack for Bangalore this weekend.","Travel"
"Abhi Ladakh wali connecting flight ke liye check-in kar liya.","Travel"
"the office printer suddenly stopped working right now so i had to reinstall the office printer next month.","Technology"
"aajkal random mein the family gathering this weekend ki baat chal padi.","General/Other"
"I've been trying to cut down on ordering food and cook more at home, but after a long tiring day, biryani delivery just feels so much easier.","Food"
"Main ajeeb sa calm feel kar raha hoon sab kuch ek saath ho raha hai isliye.","Mood/Emotion"
"I had to skip work due to a sore throat for a couple of hours, while body aches has been bothering me these days.","Health"
"the train to Bangalore was surprisingly comfortable","Travel"
"Aakhirkar code review close kar diya aajkal.","Work/Office"
"I finally cleared the personal loan EMI tomorrow.","Finance"
"main emotionally thaka hua feel kar raha hoon lambe din ke baad","Mood/Emotion"
"I noticed back pain for the past three days and it's not going away, since i couldn't sleep properly because of a migraine in a while.","Health"
"I tried making noodles at home since yesterday, though i tried making rajma chawal at home since Monday.","Food"
"teacher ne bola quarterly report revise karo agle hafte.","Work/Office"
"landlord ne the online course samjhaane mein madad ki.","Education"
"I'm working late tonight.","Work/Office"
"a backpack ki delivery late ho rahi hai kal","Shopping"
"lunch skip karke seedha momos kha liya","Food"
"Ghar ke paas wale naye cafe ka pav bhaji kai saalon mein sabse zyada tasty laga, halaanki portion thoda kam tha expectation se.","Food"
"kal se wale mathematics ko lekar nervous hoon","Education"
"my roommate helped me fix my smartwatch app.","Technology"
"status update submit kar diya thodi der mein lekin abhi tak reply nahi aaya jabki teacher ne bola performance review revise karo aajkal.","Work/Office"
"Subah se hi bahut overwhelmed mehsoos ho raha hai wo message padhne ke baad","Mood/Emotion"
"I tried making butter chicken at home next week.","Food"
"my online banking mein kuch mismatch hai jise sort karna hai, isliye raat se the insurance premium pay karna hai.","Finance"
"Aakhirkar Pune ke liye cab ki ticket book kar li.","Travel"
"mere dost ne bola thoda rest kar takhne mein sujan thik ho jayega.","Health"
"aaj shaam ko Varanasi ke liye packing karni hai, kyunki is mahine Ooty ke liye packing karni hai.","Travel"
"kuch ghanton se the history assignment submit karna hai, par teacher ne the chemistry lab report ka extra homework de diya.","Education"
"parso walk karte waqt a documentary I watched dikha","General/Other"
"monday se dost aa rahe hain aur idli sambar banane ka plan hai","Food"
"kal se aankhon mein dhundhlapan thik nahi ho raha.","Health"
"We ordered biryani for dinner since yesterday.","Food"
"Class got cancelled today.","Education"
"the neighbor's new dog ke baare mein batana bhool gaya tha.","General/Other"
"there's a strange feeling of being pretty disappointed because I miss my old friends","Mood/Emotion"
"The deadline for the sprint review got moved up since last week","Work/Office"
"everyone at home was discussing the long queue at the grocery store since noon","General/Other"
"my cousin mentioned the noisy construction nearby during our chat, because i spent some time dealing with the noisy construction nearby since yesterday.","General/Other"
"my boss helped me fix my browser.","Technology"
"The local train to Ladakh was surprisingly comfortable because our train to Kerala got delayed these days.","Travel"
"The delivery for a pair of running shoes is delayed since morning.","Shopping"
"Bataana mushkil hai lekin purane dosto ki yaad aane se bahut overwhelmed hoon.","Mood/Emotion"
"I have to submit the history assignment since Monday.","Education"
"The delivery for a pair of sneakers is delayed from tomorrow because my father recommended a good brand for a laptop bag.","Shopping"
"Bataana mushkil hai lekin plan cancel hone ke baad bahut thoda low hoon.","Mood/Emotion"
"abhi bhi the class test ki taiyari kar raha hoon","Education"
"doctor ne the festival preparations ka zikr kiya baat cheet mein.","General/Other"
"I need to pack for Varanasi just now.","Travel"
"Aakhirkar a fixed deposit clear kar diya Monday se.","Finance"
"abhi Varanasi wali local train ke liye check-in kar liya","Travel"
"Aakhirkar my salary clear kar diya is mahine.","Finance"
"I had to skip work due to acidity this afternoon.","Health"
"I'm planning a trip to Udaipur for the past three days.","Travel"
"Blood test karwaya kamzori ki wajah se.","Health"
"Ladakh wali local train Friday tak delay ho gayi, aur kuch ghanton se Pune ke liye packing karni hai.","Travel"
"parso dinner mein paneer tikka order kiya.","Food"
"I'll be working from home a few minutes ago to complete the budget proposal.","Work/Office"
"Our train to Manali got delayed right now, but our overnight bus to Singapore got delayed since last night.","Travel"
"Class miss hone ki wajah se the practical exam mein peeche reh gaya hoon.","Education"
"abhi tak marketing plan complete karna hai.","Work/Office"
"a new smartphone ki delivery late ho rahi hai pichle hafte se.","Shopping"
"Bataana mushkil hai lekin cheezein plan ke hisaab se na hone ki wajah se bahut thoda anxious hoon.","Mood/Emotion"
"mere roommate ne the long queue at the grocery store ka zikr kiya baat cheet mein.","General/Other"
"Bataana mushkil hai lekin itna busy rehne ki wajah se bahut overwhelmed hoon.","Mood/Emotion"
"Aakhirkar Jaipur ke liye flight ki ticket book kar li","Travel"
"mujhe aaj shaam ko se seene mein jakadan ho raha hai","Health"
"mere bhai ne ek achi brand suggest ki a laptop bag ke liye.","Shopping"
"We're hosting friends for the past three days and planning to make a fruit salad.","Food"
"my browser suddenly stopped working next month.","Technology"
"Ghar pe sab an old photo album ke baare mein baat kar rahe the Friday tak.","General/Other"
"parso dost aa rahe hain aur tacos banane ka plan hai jabki teacher ne ek jagah bataayi jahan ka momos zabardast hai.","Food"
"seene mein jakadan ki wajah se agle mahine kaam pe nahi ja paaya par pichle teen din se acidity thik nahi ho raha.","Health"
"I'm nervous about the online course scheduled since two days","Education"
"parso online a study lamp order kiya.","Shopping"
"kal my laptop reinstall karna pada.","Technology"
"the operating system internet se connect hi nahi ho raha kuch minute pehle.","Technology"
"I ordered a pair of jeans online by Friday.","Shopping"
"I need to pack for Rishikesh this morning.","Travel"
"I had to reinstall the company website just now.","Technology"
"We're hosting friends next week and planning to make paneer tikka, while we're hosting friends just now and planning to make paneer tikka.","Food"
"Shimla wali train kuch ghanton se delay ho gayi, aur samajh nahi aa raha connecting flight loon ya khud drive karke Udaipur jaaun.","Travel"
"Subah se hi emotionally thaka hua mehsoos ho raha hai us bahas ke baad.","Mood/Emotion"
"Mujhe dopahar se kamzori ho raha hai.","Health"
"the delivery guy helped me fix my password manager even though the mobile app keeps crashing for the past three days.","Technology"
"hiring paperwork submit kar diya dopahar se lekin abhi tak reply nahi aaya.","Work/Office"
"Aakhirkar my online banking clear kar diya is hafte.","Finance"
"I need to pack for Goa for a couple of hours","Travel"
"Bill payment pending hai.","Finance"
"kuch minute pehle dinner mein grilled sandwiches order kiya.","Food"
"my friend suggested I see a specialist because of a headache, but i've been dealing with a skin rash just now.","Health"
"Dhire acidity se recover kar raha hoon.","Health"
"i can't shake off this very motivated feeling without any clear reason","Mood/Emotion"
"agle mahine the practical exam submit karna hai.","Education"
"pichle teen din se dost aa rahe hain aur pasta banane ka plan hai.","Food"
"the shopkeeper helped me understand the final exams better while i'm nervous about the history assignment scheduled since Monday.","Education"
"abhi the coding assignment submit karna hai","Education"
"i'm still preparing for the history assignment","Education"
"Honestly, I feel emotionally exhausted since I've been so busy.","Mood/Emotion"
"the new software update internet se connect hi nahi ho raha thodi der mein isliye my laptop achanak kaam karna band kar diya do din se.","Technology"
"the delivery guy helped me understand the history assignment better.","Education"
"I have to present the quarterly report in front of the leadership this morning, because i have to present the client presentation in front of the leadership from tomorrow.","Work/Office"
"parso online a winter jacket order kiya.","Shopping"
"thinking about the future, I've just been feeling overwhelmed.","Mood/Emotion"
"the coding assignment is turning out to be tougher than I expected","Education"
"agle mahine a fixed deposit pay karna hai, aur dukaandaar ne bola the personal loan EMI review karo.","Finance"
"I have to submit the class test today while i'm nervous about the history assignment scheduled this weekend.","Education"
"mummy ne ek jagah bataayi jahan ka grilled sandwiches zabardast hai aur abhi tacos khaane ka mann kar raha hai.","Food"
"Lately I feel a little low because I miss my old friends, and I don't know why.","Mood/Emotion"
"I finally cleared my credit score next month.","Finance"
"The restaurant's idli sambar was absolutely delicious","Food"
"my landlord helped me understand the scholarship application better.","Education"
"pichle teen din se wale the literature essay ko lekar nervous hoon.","Education"
"I need to finish the status update before this weekend.","Work/Office"
"My appointment for blurry vision got rescheduled.","Health"
"my cousin advised me to review my bank statement.","Finance"
"I can't figure out why my external hard drive is so slow since last night.","Technology"
"we finally closed the status update in a while","Work/Office"
"is hafte dost aa rahe hain aur idli sambar banane ka plan hai.","Food"
"I'm not sure whether to take a train or drive to Udaipur.","Travel"
"Poori raat jaagkar mathematics complete kiya.","Education"
"The delivery for a new smartphone is delayed just now.","Shopping"
"mere colleague ne bola specialist ko dikhao acidity ke liye.","Health"
"The delivery for a handbag is delayed in a while.","Shopping"
"the office server baar crash ho raha hai aajkal jabki abhi the mobile app troubleshoot kar raha hoon.","Technology"
"abhi Goa wali train ke liye check-in kar liya uske alawa abhi Pune ghumne ka plan bana raha hoon.","Travel"
"I noticed chest tightness since yesterday and it's not going away","Health"
"meri behen ne ek achi brand suggest ki a kitchen mixer ke liye jabki a kitchen mixer ki delivery late ho rahi hai kuch minute pehle.","Shopping"
"I spent some time dealing with the neighbor's new dog this afternoon.","General/Other"
"Lately I feel pretty disappointed because of everything going on lately, and I don't know why.","Mood/Emotion"
"parso my salary pay karna hai.","Finance"
"The cab to Kerala was surprisingly comfortable.","Travel"
"I just checked in for my local train to Ooty.","Travel"
"Ghar pe sab the new furniture we bought ke baare mein baat kar rahe the dopahar se","General/Other"
"Store mein a backpack pe badi sale lagi hai subah se.","Shopping"
"It's hard to explain but I feel content because of everything going on lately.","Mood/Emotion"
"my roommate mentioned the power cut yesterday during our chat.","General/Other"
"I finally cleared my savings account since last week.","Finance"
"a formal shirt cart mein daala hai lekin checkout nahi kiya abhi tak","Shopping"
"a kitchen mixer ki delivery late ho rahi hai agle hafte.","Shopping"
"We finally closed the quarterly report since yesterday.","Work/Office"
"kuch minute pehle work from home karke quarterly report complete karunga halaanki kuch minute pehle work from home karke onboarding documents complete karunga.","Work/Office"
"mere bhai ne bola the loan application review karo par mere colleague ne bola this month's rent review karo.","Finance"
"The delivery for a pair of jeans is delayed this morning.","Shopping"
"my brother advised me to review my salary plus i finally cleared my bank statement by Friday.","Finance"
"my brother advised me to review my monthly budget.","Finance"
"Monday se the mobile app reinstall karna pada kyunki the operating system internet se connect hi nahi ho raha pichle teen din se.","Technology"
"Ghar pe sab the family gathering this weekend ke baare mein baat kar rahe the parso.","General/Other"
"my brother helped me understand the coding assignment better.","Education"
"Recovering slowly from a bad cough today.","Health"
"Jaipur wali overnight bus is mahine delay ho gayi.","Travel"
"Samajh nahi aa raha road trip loon ya khud drive karke Darjeeling jaaun.","Travel"
"I ordered a handbag online since noon.","Shopping"
"i can't figure out why the company website is so slow since morning","Technology"
"Yeh emotionally thaka hua wala feeling jaa hi nahi raha plan cancel hone ke baad.","Mood/Emotion"
"aaj shaam ko half day liya vendor contract complete karne ke liye.","Work/Office"
"professor ne bola my monthly budget review karo, jabki dopahar se my bank statement pay karna hai.","Finance"
"mere manager ne the Wi-Fi router fix karne mein madad ki.","Technology"
"There's a strange feeling of being really happy since I've been so busy.","Mood/Emotion"
"mere roommate ne ek achi brand suggest ki a handbag ke liye","Shopping"
"kuch ghanton se wale the semester project ko lekar nervous hoon","Education"
"my cousin recommended a good brand for sunglasses.","Shopping"
"is hafte dinner mein pasta order kiya.","Food"
"agle hafte the office printer reinstall karna pada, lekin my phone achanak kaam karna band kar diya aaj shaam ko.","Technology"
"It's hard to explain but I feel so frustrated thinking about the future.","Mood/Emotion"
"raat se wale the entrance exam ko lekar nervous hoon.","Education"
"I found a great discount on a formal shirt.","Shopping"
"parso wale the scholarship application ko lekar nervous hoon.","Education"
"mere manager ne an old photo album ka zikr kiya baat cheet mein.","General/Other"
"I ordered a formal shirt online a few minutes ago.","Shopping"
"team meeting notes ko lekar meeting hai pichle hafte se, isliye dukaandaar ne bola audit checklist revise karo aaj shaam ko.","Work/Office"
"The store had a huge sale on a kitchen mixer this month.","Shopping"
"do din se the chemistry lab report submit karna hai.","Education"
"I spent some time dealing with a documentary I watched a few minutes ago.","General/Other"
"the tax filing auto-debit ho gaya abhi.","Finance"
"sab kuch ek saath ho raha hai isliye, bas ek ajeeb sa irritated feeling aa rahi hai.","Mood/Emotion"
"Missed the last bus today.","Travel"
"Medical se gale mein kharash ki tablet le aaya.","Health"
"My the tax filing got auto-debited this morning.","Finance"
"my mother recommended a good brand for a new smartphone though the delivery for a laptop bag is delayed since yesterday.","Shopping"
"The delivery for rajma chawal took almost an hour.","Food"
"customer support recommended a good brand for sunglasses.","Shopping"
"There's a strange feeling of being a little low because nothing seems to be going right","Mood/Emotion"
"Our connecting flight to Delhi got delayed since noon.","Travel"
"abhi ghar pe a cheese pizza banane ki koshish ki.","Food"
"my salary auto-debit ho gaya aaj","Finance"
"Kal se kamzori pareshan kar raha hai.","Health"
"Sach kahoon toh bina kisi wajah ke, mann bahut motivated hai.","Mood/Emotion"
"after that argument, I've just been feeling so frustrated.","Mood/Emotion"
"Ghar pe sab the power cut yesterday ke baare mein baat kar rahe the pichle hafte se.","General/Other"
"Recovering slowly from a mild fever tomorrow","Health"
"abhi the office server reinstall karna pada.","Technology"
"kuch minute pehle Singapore ke liye packing karni hai.","Travel"
"agle mahine my credit score pay karna hai, aur a fixed deposit auto-debit ho gaya pichle hafte se.","Finance"
"I spent some time dealing with the long queue at the grocery store since last night.","General/Other"
"Aakhirkar dinner ready hai.","Food"
"the flight to Rishikesh was surprisingly comfortable","Travel"
"aajkal my phone reinstall karna pada.","Technology"
"kuch minute pehle the literature essay submit karna hai.","Education"
"The deadline for the quarterly report got moved up this weekend","Work/Office"
"There's a meeting about the vendor contract scheduled this month.","Work/Office"
"kuch ghanton se leadership ke saamne vendor contract present karna hai, aur mummy ne khush nahi hai marketing plan ke result se.","Work/Office"
"Purana my external hard drive baar hang hota tha isliye naya le liya.","Technology"
"Yeh ajeeb sa calm wala feeling jaa hi nahi raha sab kuch ek saath ho raha hai isliye.","Mood/Emotion"
"customer support wale ne ek jagah bataayi jahan ka a vegetable stir fry zabardast hai","Food"
"the online course ke liye ek study group join kiya.","Education"
"The store had a huge sale on a winter jacket by Friday since the store had a huge sale on a formal shirt since last week.","Shopping"
"The delivery for a new smartphone is delayed last night","Shopping"
"aaj shaam ko walk karte waqt the new furniture we bought dikha.","General/Other"
"kal raat se my bank statement pay karna hai.","Finance"
"I'm planning a trip to Pune this weekend.","Travel"
"my credit card bill auto-debit ho gaya aajkal, lekin doctor ne bola the loan application review karo.","Finance"
"i have to submit the class test these days","Education"
"the sunglasses I ordered arrived damaged","Shopping"
"I finally cleared my mutual fund investment for the past three days.","Finance"
"vendor contract ko lekar meeting hai abhi","Work/Office"
"us baat cheet ke baad, bas ek ajeeb sa bahut stressed feeling aa rahi hai.","Mood/Emotion"
"I need to pay my monthly budget these days.","Finance"
"I ordered a handbag online since Monday.","Shopping"
"my brother advised me to review the tax filing.","Finance"
"I feel like blurry vision is getting worse since Monday.","Health"
"papa ne the scholarship application samjhaane mein madad ki.","Education"
"I took a half day for a couple of hours to catch up on the onboarding documents.","Work/Office"
"my browser suddenly stopped working since last night","Technology"
"I'm planning a trip to Goa next week","Travel"
"Aakhirkar the coding assignment ka result aa gaya halaanki mere dost ne the semester project samjhaane mein madad ki.","Education"
"We talked about the festival preparations for a while in a while we talked about the power cut yesterday for a while today.","General/Other"
"recovering slowly from a running nose today","Health"
"I need to finish the audit checklist before since noon.","Work/Office"
"My salary got auto-debited since noon.","Finance"
"project timeline ko lekar meeting hai pichle hafte se.","Work/Office"
"my credit score got auto-debited last night","Finance"
"There's a meeting about the project timeline scheduled these days.","Work/Office"
"abhi dost aa rahe hain aur rajma chawal banane ka plan hai","Food"
"my brother helped me understand the history assignment better.","Education"
"customer support wale ne my password manager fix karne mein madad ki.","Technology"
"mere roommate ne bola thoda rest kar skin par rash thik ho jayega.","Health"
"I joined a study group for physics.","Education"
"future ke baare mein soch kar bas ek ajeeb sa bahut motivated feeling aa rahi hai","Mood/Emotion"
"I'm trying to figure out this month's rent this month, because i transferred some money to cover my online banking.","Finance"
"We're renting a car once we reach Goa.","Travel"
"Manali wali road trip parso delay ho gayi.","Travel"
"Ladakh wali road trip do din se delay ho gayi.","Travel"
"We finally closed the vendor contract today.","Work/Office"
"papa ne the semester project samjhaane mein madad ki.","Education"
"mummy ne ek achi brand suggest ki a pair of sneakers ke liye.","Shopping"
"kaafi khaansi ki wajah se kal kaam pe nahi ja paaya.","Health"
"I can't shake off this demotivated feeling without any clear reason but i can't shake off this proud feeling without any clear reason.","Mood/Emotion"
"the weekend plans came up randomly in conversation since last week","General/Other"
"My credit card bill got auto-debited this afternoon, because i finally cleared my credit score this afternoon.","Finance"
"Aakhirkar Rishikesh ke liye overnight bus ki ticket book kar li uske alawa kolkata wali overnight bus subah se delay ho gayi.","Travel"
"My mutual fund investment got auto-debited next month though my mutual fund investment got auto-debited from tomorrow.","Finance"
"my salary auto-debit ho gaya agle hafte.","Finance"
"I finally booked a overnight bus ticket to Mumbai.","Travel"
"kuch minute pehle the history assignment submit karna hai.","Education"
"my roommate recommended a place that serves amazing dosa.","Food"
"Friday tak Pune ke liye packing karni hai jabki aakhirkar Goa ke liye road trip ki ticket book kar li.","Travel"
"We're hosting friends since Monday and planning to make dosa.","Food"
"Ghar pe sab a documentary I watched ke baare mein baat kar rahe the subah se.","General/Other"
"my manager recommended a good brand for a study lamp.","Shopping"
"I'm not sure whether to take a train or drive to Pune.","Travel"
"the shopkeeper scheduled a call about the team meeting notes this weekend.","Work/Office"
"I tried making noodles at home since noon.","Food"
"I need to pay my credit score in a while.","Finance"
"I feel like a skin rash is getting worse tomorrow and woke up with a headache and decided to rest today.","Health"
"agle mahine dinner mein a fruit salad order kiya halaanki aaj dost aa rahe hain aur dosa banane ka plan hai.","Food"
"Main hopeful feel kar raha hoon us baat cheet ke baad.","Mood/Emotion"
"mere dost ne bola vendor contract revise karo kuch minute pehle","Work/Office"
"I'm troubleshooting my password manager right now.","Technology"
"kal raat se ghar pe a fruit salad banane ki koshish ki.","Food"
"Main restless feel kar raha hoon us baat cheet ke baad.","Mood/Emotion"
"I spent some time dealing with the garden we're planting since last night but i noticed the community meeting while walking for a couple of hours.","General/Other"
"a set of headphones ki delivery late ho rahi hai pichle hafte se, par a dining table ki delivery late ho rahi hai is weekend.","Shopping"
"I missed a class and now I'm behind on the practical exam.","Education"
"Store mein a dining table pe badi sale lagi hai Monday se, jabki pichle teen din se online a smartwatch order kiya.","Shopping"
"thodi der mein dost aa rahe hain aur tacos banane ka plan hai jabki pichle hafte se ghar pe a vegetable stir fry banane ki koshish ki.","Food"
"i've been feeling hopeful because nothing seems to be going right","Mood/Emotion"
"I ordered a dining table online by Friday since the delivery for a new smartphone is delayed this weekend.","Shopping"
"mere neighbor ne bola my bank statement review karo","Finance"
"my password manager internet se connect hi nahi ho raha abhi.","Technology"
"the operating system ka password bhool gaya.","Technology"
"the delivery guy helped me understand the entrance exam better though i have to submit the group presentation this evening.","Education"
"mere colleague ne the semester project samjhaane mein madad ki.","Education"
"agle mahine Bangalore ghumne ka plan bana raha hoon.","Travel"
"Ghar pe sab an old photo album ke baare mein baat kar rahe the pichle hafte se.","General/Other"
"is weekend walk karte waqt the neighborhood cat dikha.","General/Other"
"I noticed the weather while walking these days and everyone at home was discussing the traffic on the way home right now.","General/Other"
"Udaipur wali overnight bus abhi delay ho gayi.","Travel"
"aaj the thesis draft submit karna hai.","Education"
"The store had a huge sale on a study lamp today.","Shopping"
"Everyone at home was discussing the festival preparations last night.","General/Other"
"my browser keeps crashing next week.","Technology"
"yeh restless wala feeling jaa hi nahi raha kuch bhi thik nahi ho raha isliye","Mood/Emotion"
"Varanasi ke itinerary mein bahut saari sightseeing hai","Travel"
"my laptop suddenly stopped working tomorrow","Technology"
"Aakhirkar my monthly budget clear kar diya subah se.","Finance"
"The store had a huge sale on a handbag this weekend","Shopping"
"I'm nervous about physics scheduled this weekend.","Education"
"raat se my phone reinstall karna pada","Technology"
"ghar pe sab the neighbor's new dog ke baare mein baat kar rahe the dopahar se","General/Other"
"the doctor scheduled a call about the client presentation this morning and we finally closed the marketing plan since Monday.","Work/Office"
"Ghar pe sab the long queue at the grocery store ke baare mein baat kar rahe the kal.","General/Other"
"kuch bhi thik nahi ho raha isliye, bas ek ajeeb sa thoda anxious feeling aa rahi hai","Mood/Emotion"
"Main bahut stressed feel kar raha hoon cheezein plan ke hisaab se na hone ki wajah se.","Mood/Emotion"
"my smartwatch app ka password bhool gaya.","Technology"
"aajkal wale the chemistry lab report ko lekar nervous hoon.","Education"
"Lately I feel quite anxious because I miss my old friends, and I don't know why.","Mood/Emotion"
"I ordered a new smartphone online tomorrow","Shopping"
"my friend helped me fix the office server.","Technology"
"Sach kahoon toh sab kuch ek saath ho raha hai isliye, mann bahut kaafi frustrated hai.","Mood/Emotion"
"Subah se hi kaafi khush mehsoos ho raha hai sab kuch ek saath ho raha hai isliye.","Mood/Emotion"
"I have to submit the group presentation today.","Education"
"I have to submit the chemistry lab report tomorrow, while i have to submit the online course since morning.","Education"
"the delivery for a backpack is delayed just now","Shopping"
"I spent the whole evening reading reviews before finally deciding which pair of running shoes to buy, and I still ended up second-guessing my choice.","Shopping"
"I finally cleared my bank statement for a couple of hours.","Finance"
"I have to submit the scholarship application in a while.","Education"
"stomach pain has been bothering me for the past three days.","Health"
"mere neighbor ne the coding assignment samjhaane mein madad ki","Education"
"I have to submit physics this weekend.","Education"
"mere colleague ne bola the personal loan EMI review karo.","Finance"
"I need to pay my credit score from tomorrow.","Finance"
"i noticed a bad cough for the past three days and it's not going away","Health"
"mere colleague ne bola thoda rest kar gale mein kharash thik ho jayega.","Health"
"I tried making biryani at home this morning, though i tried making idli sambar at home in a while.","Food"
"abhi se kamzori thik nahi ho raha.","Health"
"professor ne ek achi brand suggest ki a smartwatch ke liye isliye jo a kitchen mixer order kiya tha wo damaged aaya.","Shopping"
"I've started taking medicine for body aches.","Health"
"Yeh proud wala feeling jaa hi nahi raha aakhirkar kaam khatam karne ke baad.","Mood/Emotion"
"I've been feeling irritated because nothing seems to be going right.","Mood/Emotion"
"We ordered pasta for dinner from tomorrow.","Food"
"my neighbor advised me to review my mutual fund investment.","Finance"
"customer support advised me to review my credit score","Finance"
"It's hard to explain but I feel proud after hearing the news.","Mood/Emotion"
"I ordered sunglasses online from tomorrow.","Shopping"
"I finally cleared my online banking by Friday.","Finance"
"the office server achanak kaam karna band kar diya kuch minute pehle halaanki samajh nahi aa raha the office server itna slow kyun hai parso.","Technology"
"I'm nervous about the practical exam scheduled in a while","Education"
"the Wi-Fi router baar crash ho raha hai kal raat se isliye samajh nahi aa raha my laptop itna slow kyun hai Friday tak.","Technology"
"Samajh nahi aa raha my smartwatch app itna slow kyun hai raat se kyunki my browser internet se connect hi nahi ho raha kal.","Technology"
"the operating system internet se connect hi nahi ho raha pichle hafte se.","Technology"
"the office server keeps crashing from tomorrow.","Technology"
"aaj shaam ko the neighborhood cat ke baare mein baat hui.","General/Other"
"I woke up feeling a little low because of everything going on lately.","Mood/Emotion"
"There's a strange feeling of being overwhelmed after finishing the task finally.","Mood/Emotion"
"Samajh nahi aa raha the Wi-Fi router itna slow kyun hai pichle teen din se.","Technology"
"my landlord recommended a place that serves amazing butter chicken, though i tried making noodles at home last night.","Food"
"Recovering slowly from a mild fever since last week even though a migraine has been bothering me since last week.","Health"
"doctor ne the online course samjhaane mein madad ki isliye boss ne the final exams samjhaane mein madad ki.","Education"
"I forgot the password for my browser.","Technology"
"the Wi-Fi router internet se connect hi nahi ho raha abhi uske alawa customer support wale ne my browser fix karne mein madad ki.","Technology"
"We're hosting friends since Monday and planning to make biryani","Food"
"the operating system ko poori tarah reset karna padega.","Technology"
"I ordered sunglasses online by Friday.","Shopping"
"I took a half day since two days to catch up on the status update, though our team is stuck on the team meeting notes right now.","Work/Office"
"The store had a huge sale on a pair of sneakers this afternoon, because the store had a huge sale on a backpack for the past three days.","Shopping"
"the neighborhood cat came up randomly in conversation in a while because i noticed a documentary I watched while walking since two days.","General/Other"
"meri behen ne performance review ke baare mein call rakhi hai parso, aur mere manager ne bola project timeline revise karo agle hafte.","Work/Office"
"Restaurant ka pasta bahut tasty tha.","Food"
"the doctor advised me to review my monthly budget.","Finance"
"a new smartphone ko different size mein exchange karwana hai, uske upar se a set of headphones ki delivery late ho rahi hai is weekend.","Shopping"
"I have to submit the entrance exam these days","Education"
"mere dost ne bola thoda rest kar loose motion thik ho jayega.","Health"
"Pata nahi kyun par plan cancel hone ke baad bahut kaafi frustrated lag raha hoon.","Mood/Emotion"
"dukaandaar ne khush nahi hai marketing plan ke result se uske alawa agle hafte half day liya vendor contract complete karne ke liye.","Work/Office"
"I'm craving pav bhaji right now","Food"
"I tried making a cheese pizza at home this month.","Food"
"kuch bhi thik nahi ho raha isliye bas ek ajeeb sa irritated feeling aa rahi hai","Mood/Emotion"
"the office printer keeps crashing since morning","Technology"
"I can't figure out why the company website is so slow today though my smartwatch app suddenly stopped working this afternoon.","Technology"
"I'm nervous about the scholarship application scheduled since yesterday.","Education"
"my landlord advised me to review the loan application.","Finance"
"Samajh nahi aa raha my password manager itna slow kyun hai kuch ghanton se.","Technology"
"Aaj meeting hai.","Work/Office"
"my savings account auto-debit ho gaya subah se halaanki pichle hafte se the tax filing pay karna hai.","Finance"
"Lunch skip karke seedha dosa kha liya","Food"
"mere bhai ne ek achi brand suggest ki a formal shirt ke liye.","Shopping"
"my smartwatch app keeps crashing in a while.","Technology"
"mere dost ne the final exams samjhaane mein madad ki jabki customer support wale ne the literature essay samjhaane mein madad ki.","Education"
"gale mein kharash ki wajah se aaj shaam ko kaam pe nahi ja paaya.","Health"
"Aajkal demotivated feel ho raha hai itna busy rehne ki wajah se.","Mood/Emotion"
"Honestly, I feel hopeful after that conversation.","Mood/Emotion"
"badan dard ki wajah se aaj kaam pe nahi ja paaya","Health"
"the company website won't connect to the internet for the past three days and my browser keeps crashing for a couple of hours.","Technology"
"landlord ne the chemistry lab report samjhaane mein madad ki par kal wale the practical exam ko lekar nervous hoon.","Education"
"my mother helped me fix my password manager.","Technology"
"raat se dinner mein pasta order kiya.","Food"
"I ordered a handbag online just now.","Shopping"
"Everyone at home was discussing the weather next month.","General/Other"
"parso my browser reinstall karna pada.","Technology"
"Friday tak wale mathematics ko lekar nervous hoon.","Education"
"my father advised me to review my online banking.","Finance"
"Everyone at home was discussing the noisy construction nearby tomorrow.","General/Other"
"I can't figure out why the office server is so slow since morning.","Technology"
"Shimla wali local train thodi der mein delay ho gayi, kyunki is mahine Ooty ghumne ka plan bana raha hoon.","Travel"
"my brother scheduled a call about the marketing plan these days.","Work/Office"
"Everyone at home was discussing the family gathering this weekend these days.","General/Other"
"Kerala wali connecting flight kaafi comfortable thi.","Travel"
"Mumbai wali flight pichle teen din se delay ho gayi.","Travel"
"I ordered a handbag online since last week.","Shopping"
"I just checked in for my road trip to Varanasi, because i'm planning a trip to Rishikesh by Friday.","Travel"
"mere cousin ne the semester project samjhaane mein madad ki.","Education"
"I feel so happy today.","Mood/Emotion"
"Aaj kaafi shaant din raha, bas the family gathering this weekend ke baare mein soch raha tha.","General/Other"
"a kitchen mixer ki delivery late ho rahi hai aajkal, uske upar se store mein a pair of jeans pe badi sale lagi hai raat se.","Shopping"
"kal se Shimla ke liye packing karni hai","Travel"
"team meeting notes submit kar diya dopahar se lekin abhi tak reply nahi aaya, kyunki meri behen ne onboarding documents ke baare mein call rakhi hai pichle hafte se.","Work/Office"
"my roommate suggested I see a specialist because of loose motions.","Health"
"I need to finish the client presentation before right now","Work/Office"
"friday tak random mein the family gathering this weekend ki baat chal padi","General/Other"
"papa ne ek achi brand suggest ki a set of headphones ke liye.","Shopping"
"parso the scholarship application submit karna hai.","Education"
"The overnight bus to Goa was surprisingly comfortable.","Travel"
"We ordered pasta for dinner by Friday.","Food"
"I'll be working from home since last week to complete the sales deck.","Work/Office"
"My appointment for swelling in my ankle got rescheduled though i couldn't sleep properly because of an ear infection from tomorrow.","Health"
"dopahar se half day liya audit checklist complete karne ke liye.","Work/Office"
"Honestly, I feel hopeful after a long day.","Mood/Emotion"
"kal raat se the personal loan EMI pay karna hai.","Finance"
"Rishikesh wali connecting flight kaafi comfortable thi.","Travel"
"mere bhai ne bola marketing plan revise karo abhi, lekin hamari team quarterly report pe atki hui hai do din se.","Work/Office"
"my phone baar crash ho raha hai aajkal.","Technology"
"the doctor mentioned the weekend plans during our chat while i noticed a documentary I watched while walking just now.","General/Other"
"kal se this month's rent pay karna hai, aur mere cousin ne bola the loan application review karo.","Finance"
"We ordered biryani for dinner last night.","Food"
"Lately I feel a bit lonely after finishing the task finally, and I don't know why.","Mood/Emotion"
"I finally booked a cab ticket to Mumbai.","Travel"
"Poora Sunday dopahar humne butter chicken ki nayi recipe try karne mein bitaya, aur ghanton lagne ke baad bhi result bilkul sahi nikla.","Food"
"I need to pack for Varanasi since morning.","Travel"
"Kolkata wali connecting flight is weekend delay ho gayi","Travel"
"Lately I feel pretty disappointed without any clear reason, and I don't know why.","Mood/Emotion"
"Poori raat jaagkar the semester project complete kiya.","Education"
"abhi Manali ke liye packing karni hai","Travel"
"I woke up feeling content because of everything going on lately plus honestly I feel nervous thinking about the future.","Mood/Emotion"
"Samajh nahi aa raha the new software update itna slow kyun hai kal se.","Technology"
"kuch ghanton se tak code review complete karna hai.","Work/Office"
"I'm nervous about the entrance exam scheduled by Friday because i have to submit the history assignment by Friday.","Education"
"We finally closed the sales deck in a while.","Work/Office"
"Kal flight book karni hai.","Travel"
"dopahar se my credit score pay karna hai uske alawa agle mahine my mutual fund investment pay karna hai.","Finance"
"agle mahine Udaipur ke liye packing karni hai, lekin do din se Kerala ghumne ka plan bana raha hoon.","Travel"
"Abhi dosa khaane ka mann kar raha hai.","Food"
"I noticed nausea this month and it's not going away while a mild fever has been bothering me this month.","Health"
"I finally perfected my recipe for noodles.","Food"
"The flight to Ladakh was surprisingly comfortable.","Travel"
"do din se wale the online course ko lekar nervous hoon","Education"
"my browser baar crash ho raha hai do din se, uske upar se my external hard drive ko poori tarah reset karna padega.","Technology"
"we ordered pancakes for dinner since morning","Food"
"Financial advisor ne suggest kiya ki savings ko fixed deposit aur mutual fund mein baant doon, sab kuch ek hi savings account mein rakhne ke bajaye.","Finance"
"badan dard ki wajah se Friday tak kaam pe nahi ja paaya.","Health"
"I feel like back pain is getting worse since yesterday so a skin rash has been bothering me since two days.","Health"
"I have to submit the final exams this month.","Education"
"I need to pay my savings account this evening, and i need to pay my savings account since yesterday.","Finance"
"my cousin recommended a good brand for a handbag, since the store had a huge sale on a laptop bag for the past three days.","Shopping"
"abhi Mumbai wali flight ke liye check-in kar liya, aur aaj Pune ghumne ka plan bana raha hoon.","Travel"
"the doctor helped me understand the thesis draft better.","Education"
"is weekend online sunglasses order kiya.","Shopping"
"Is hafte the neighborhood cat ke baare mein baat karni chahiye.","General/Other"
"jee michlana ki wajah se is weekend kaam pe nahi ja paaya jabki professor ne bola specialist ko dikhao kamzori ke liye.","Health"
"Mujhe kuch minute pehle se takhne mein sujan ho raha hai.","Health"
"I'm not sure whether to take a local train or drive to Jaipur.","Travel"
"I need to pay my savings account by Friday.","Finance"
"Yeh demotivated wala feeling jaa hi nahi raha us baat cheet ke baad.","Mood/Emotion"
"I can't figure out why the Wi-Fi router is so slow next week.","Technology"
"The store had a huge sale on a winter jacket since two days plus the delivery for a study lamp is delayed for a couple of hours.","Shopping"
"the new software update baar crash ho raha hai Friday tak.","Technology"
"Bataana mushkil hai lekin cheezein plan ke hisaab se na hone ki wajah se bahut kaafi khush hoon.","Mood/Emotion"
"doctor ne bola thoda rest kar skin par rash thik ho jayega","Health"
"The pharmacist gave me some tablets for swelling in my ankle.","Health"
"I ordered a set of headphones online this morning.","Shopping"
"i need to finish the quarterly report before today","Work/Office"
"Aaj subah uthte hi bahut motivated feel hua, jaise sab pending kaam aaj hi khatam kar doonga.","Mood/Emotion"
"I need to pay my bank statement since morning.","Finance"
"aaj shaam ko my salary pay karna hai.","Finance"
"mere cousin ne my laptop fix karne mein madad ki.","Technology"
"the operating system keeps crashing next week.","Technology"
"my boss advised me to review the insurance premium.","Finance"
"I had to skip work due to acidity right now.","Health"
"a formal shirt ki delivery late ho rahi hai pichle teen din se.","Shopping"
"the Wi-Fi router keeps crashing for the past three days.","Technology"
"papa ne bola thoda rest kar kaafi khaansi thik ho jayega, jabki mujhe aajkal se gale mein kharash ho raha hai.","Health"
"Our road trip to Delhi got delayed next month even though the connecting flight to Delhi was surprisingly comfortable.","Travel"
"Mujhe lagta hai ghutno mein dard badhta ja raha hai.","Health"
"kal se walk karte waqt the power cut yesterday dikha.","General/Other"
"We're hosting friends since yesterday and planning to make idli sambar, since we're hosting friends since morning and planning to make biryani.","Food"
"I need to pay my credit score since noon plus i finally cleared the electricity bill since morning.","Finance"
"dukaandaar ne bola my salary review karo.","Finance"
"badan dard ki wajah se kuch minute pehle kaam pe nahi ja paaya, par papa ne bola thoda rest kar halka bukhar thik ho jayega.","Health"
"doctor ne ek jagah bataayi jahan ka a vegetable stir fry zabardast hai.","Food"
"because of everything going on lately, I've just been feeling really happy.","Mood/Emotion"
"a documentary I watched came up randomly in conversation this morning, since the festival preparations came up randomly in conversation today.","General/Other"
"abhi Kerala ke liye packing karni hai.","Travel"
"mere roommate ne the family gathering this weekend ka zikr kiya baat cheet mein.","General/Other"
"I set up a reminder to pay a fixed deposit.","Finance"
"Kolkata wali road trip kaafi comfortable thi","Travel"
"I need to pack for Darjeeling since last week.","Travel"
"i've been saving up to close my mutual fund investment early","Finance"
"the mobile app ka password bhool gaya","Technology"
"I've been dealing with swelling in my ankle since Monday.","Health"
"Everyone at home was discussing the weekend plans by Friday, and the long queue at the grocery store came up randomly in conversation next month.","General/Other"
"my professor mentioned the power cut yesterday during our chat while my sister mentioned the noisy construction nearby during our chat.","General/Other"
"store mein a new smartphone pe badi sale lagi hai dopahar se, aur a dining table ki delivery late ho rahi hai is mahine.","Shopping"
"Kharab mausam ki wajah se connecting flight cancel ho gayi par aakhirkar Jaipur ke liye train ki ticket book kar li.","Travel"
"doctor ne sales deck ke baare mein call rakhi hai subah se jabki aakhirkar audit checklist close kar diya aaj shaam ko.","Work/Office"
"I'm nervous about the entrance exam scheduled these days plus i missed a class and now I'm behind on the group presentation.","Education"
"mummy ne ek jagah bataayi jahan ka rajma chawal zabardast hai.","Food"
"I noticed an ear infection from tomorrow and it's not going away.","Health"
"my father suggested I see a specialist because of a headache.","Health"
"Our road trip to Pune got delayed since yesterday.","Travel"
"a laptop bag ko different size mein exchange karwana hai.","Shopping"
"Bataana mushkil hai lekin kuch bhi thik nahi ho raha isliye bahut thoda anxious hoon","Mood/Emotion"
"the delivery guy helped me understand physics better, though i stayed up all night finishing the coding assignment.","Education"
"customer support wale ne ek jagah bataayi jahan ka momos zabardast hai.","Food"
"Singapore wali connecting flight abhi delay ho gayi, uske upar se darjeeling wali cab kal raat se delay ho gayi.","Travel"
"my professor helped me understand the group presentation better even though i'm nervous about the class test scheduled for a couple of hours.","Education"
"is weekend walk karte waqt the new furniture we bought dikha.","General/Other"
"my salary jaldi close karne ke liye paise bacha raha hoon","Finance"
"my friend advised me to review this month's rent so i need to pay my monthly budget from tomorrow.","Finance"
"The road trip to Singapore was surprisingly comfortable even though our local train to Goa got delayed a few minutes ago.","Travel"
"Aakhirkar my savings account clear kar diya subah se.","Finance"
"I finally booked a road trip ticket to Singapore.","Travel"
"agle mahine walk karte waqt the family gathering this weekend dikha.","General/Other"
"the family gathering this weekend came up randomly in conversation since two days","General/Other"
"i have to submit the literature essay for a couple of hours","Education"
"purane dosto ki yaad aane se, bas ek ajeeb sa poori tarah drained feeling aa rahi hai.","Mood/Emotion"
"I can't figure out why my password manager is so slow this evening while my password manager suddenly stopped working since yesterday.","Technology"
"Kerala wali road trip kaafi comfortable thi.","Travel"
"mere dost ne bola hiring paperwork revise karo kuch ghanton se","Work/Office"
"Ghar pe sab the family gathering this weekend ke baare mein baat kar rahe the Monday se.","General/Other"
"I spent some time dealing with the weather from tomorrow.","General/Other"
"abhi ghar pe biryani banane ki koshish ki.","Food"
"i've been dealing with a running nose just now","Health"
"Update broke everything.","Technology"
"I noticed a migraine next month and it's not going away.","Health"
"My the loan application got auto-debited these days.","Finance"
"I have to submit physics since Monday.","Education"
"We ordered pancakes for dinner from tomorrow.","Food"
"I have to present the quarterly report in front of the leadership from tomorrow and i need to finish the sprint review before since last night.","Work/Office"
"agle hafte walk karte waqt the weather dikha.","General/Other"
"I'm nervous about the scholarship application scheduled since noon.","Education"
"Aajkal bahut motivated feel ho raha hai aakhirkar kaam khatam karne ke baad.","Mood/Emotion"
"I can't figure out why the operating system is so slow last night while i need to reset the new software update completely.","Technology"
"my sister recommended a good brand for a backpack.","Shopping"
"I feel like a mild fever is getting worse last night.","Health"
"is mahine se skin par rash thik nahi ho raha","Health"
"My online banking got auto-debited right now.","Finance"
"the shopkeeper helped me fix the company website because the mobile app suddenly stopped working this month.","Technology"
"my friend helped me fix my email account since i can't figure out why the mobile app is so slow this month.","Technology"
"I was just thinking about the garden we're planting, since everyone at home was discussing the festival preparations in a while.","General/Other"
"We finally closed the quarterly report from tomorrow, so customer support asked me to revise the status update since last night.","Work/Office"
"I've been dealing with stomach pain next month, while my appointment for a sore throat got rescheduled.","Health"
"I need to pack for Mumbai since Monday.","Travel"
"Abhi bhi the chemistry lab report ki taiyari kar raha hoon.","Education"
"my savings account auto-debit ho gaya pichle hafte se.","Finance"
"Our flight to Singapore got delayed tomorrow","Travel"
"kal raat se ghutno mein dard thik nahi ho raha.","Health"
"our team is stuck on the vendor contract since Monday, though i have to present the audit checklist in front of the leadership since Monday.","Work/Office"
"agle hafte walk karte waqt the noisy construction nearby dikha.","General/Other"
"Aakhirkar my bank statement clear kar diya parso.","Finance"
"we ordered pav bhaji for dinner this morning while we're hosting friends for a couple of hours and planning to make rajma chawal.","Food"
"Mujhe Monday se migraine ho raha hai.","Health"
"The store had a huge sale on a formal shirt this month, but the store had a huge sale on a laptop bag next month.","Shopping"
"my phone suddenly stopped working since last week.","Technology"
"mere neighbor ne the class test samjhaane mein madad ki uske alawa pichle teen din se wale the thesis draft ko lekar nervous hoon.","Education"
"Ghar pe sab the traffic on the way home ke baare mein baat kar rahe the raat se","General/Other"
"I finally booked a road trip ticket to Mumbai.","Travel"
"the doctor mentioned the new furniture we bought during our chat","General/Other"
"Aakhirkar my online banking clear kar diya agle hafte.","Finance"
"my password manager keeps crashing these days.","Technology"
"Our train to Varanasi got delayed today","Travel"
"raat se dinner mein biryani order kiya.","Food"
"is weekend a documentary I watched ke baare mein baat hui.","General/Other"
"The flight to Dubai was surprisingly comfortable.","Travel"
"my sister suggested I see a specialist because of joint pain","Health"
"The airport security took forever from tomorrow","Travel"
"Monday se Pune ghumne ka plan bana raha hoon","Travel"
"teacher ne the chemistry lab report samjhaane mein madad ki, par monday se the thesis draft submit karna hai.","Education"
"I took a half day just now to catch up on the team meeting notes, so we finally closed the code review since last night.","Work/Office"
"aaj shaam ko the group presentation submit karna hai, lekin aaj wale the group presentation ko lekar nervous hoon.","Education"
"I ordered a winter jacket online this evening.","Shopping"
"My credit card bill got auto-debited a few minutes ago while my mother advised me to review my mutual fund investment.","Finance"
"do din se walk karte waqt the noisy construction nearby dikha.","General/Other"
"I can't figure out why my browser is so slow next month.","Technology"
"Samajh nahi aa raha the operating system itna slow kyun hai thodi der mein, isliye samajh nahi aa raha my external hard drive itna slow kyun hai kuch minute pehle.","Technology"
"We ordered tacos for dinner this afternoon.","Food"
"parso the coding assignment submit karna hai.","Education"
"is mahine my browser reinstall karna pada","Technology"
"Friday tak online a smartwatch order kiya","Shopping"
"I have to present the code review in front of the leadership for the past three days.","Work/Office"
"the new software update suddenly stopped working next month","Technology"
"I'm nervous about the online course scheduled this morning.","Education"
"Aajkal poori tarah drained feel ho raha hai itna busy rehne ki wajah se.","Mood/Emotion"
"a documentary I watched came up randomly in conversation since two days","General/Other"
"Aajkal santusht feel ho raha hai itna busy rehne ki wajah se.","Mood/Emotion"
"dukaandaar ne ek achi brand suggest ki a backpack ke liye.","Shopping"
"the shopkeeper recommended a place that serves amazing pancakes","Food"
"I transferred some money to cover the insurance premium, though i finally cleared the electricity bill for a couple of hours.","Finance"
"kal raat se work from home karke sales deck complete karunga.","Work/Office"
"It's hard to explain but I feel nervous after that conversation","Mood/Emotion"
"I spent some time dealing with the new furniture we bought since noon.","General/Other"
"pichle hafte se Singapore ke liye packing karni hai, kyunki kolkata wali overnight bus aaj shaam ko delay ho gayi.","Travel"
"professor ne physics samjhaane mein madad ki.","Education"
"the Wi-Fi router internet se connect hi nahi ho raha is mahine uske alawa my smartwatch app achanak kaam karna band kar diya agle hafte.","Technology"
"Dubai wali cab kuch minute pehle delay ho gayi.","Travel"
"I ordered a backpack online next week.","Shopping"
"We ordered momos for dinner next month.","Food"
"Abhi my laptop troubleshoot kar raha hoon.","Technology"
"a smartwatch pe zabardast discount mila.","Shopping"
"I couldn't sleep properly because of loose motions this evening.","Health"
"the neighbor's new dog came up randomly in conversation in a while.","General/Other"
"we're hosting friends since last week and planning to make pav bhaji","Food"
"abhi online a handbag order kiya.","Shopping"
"my savings account auto-debit ho gaya is weekend.","Finance"
"Store mein a pair of jeans pe badi sale lagi hai subah se, kyunki store mein a smartwatch pe badi sale lagi hai parso.","Shopping"
"I woke up feeling irritated after hearing the news.","Mood/Emotion"
"bataana mushkil hai lekin future ke baare mein soch kar bahut santusht hoon","Mood/Emotion"
"aajkal my online banking pay karna hai.","Finance"
"Friday tak ghar pe butter chicken banane ki koshish ki.","Food"
"Hamari team meeting notes pe atki hui hai abhi.","Work/Office"
"I need to pay the loan application this month.","Finance"
"Yeh kaafi khush wala feeling jaa hi nahi raha future ke baare mein soch kar.","Mood/Emotion"
"I ordered a backpack online this morning.","Shopping"
"dopahar se ghar pe rajma chawal banane ki koshish ki jabki aaj ghar pe grilled sandwiches banane ki koshish ki.","Food"
"my mother helped me understand the coding assignment better","Education"
"I can't figure out why my smartwatch app is so slow since last night.","Technology"
"audit checklist ko lekar meeting hai agle hafte, jabki teacher ne khush nahi hai onboarding documents ke result se.","Work/Office"
"jee michlana ki wajah se is mahine kaam pe nahi ja paaya.","Health"
"since I've been so busy, I've just been feeling pretty disappointed","Mood/Emotion"
"pichle teen din se my external hard drive reinstall karna pada, kyunki samajh nahi aa raha my browser itna slow kyun hai do din se.","Technology"
"I finally cleared the loan application a few minutes ago.","Finance"
"I was just thinking about the community meeting.","General/Other"
"I've been feeling extremely stressed thinking about the future.","Mood/Emotion"
"my online banking got auto-debited by Friday","Finance"
"My monthly budget got auto-debited this evening.","Finance"
"kal se online a backpack order kiya.","Shopping"
"I need to pack for Delhi for the past three days plus i'm planning a trip to Bangalore since noon.","Travel"
"I ordered a backpack online this month.","Shopping"
"It's hard to explain but I feel quite anxious because nothing seems to be going right","Mood/Emotion"
"There's a meeting about the sales deck scheduled for the past three days.","Work/Office"
"the store had a huge sale on a formal shirt since last night","Shopping"
"Store mein a smartwatch pe badi sale lagi hai pichle teen din se halaanki is hafte online a kitchen mixer order kiya.","Shopping"
"I'm craving a fruit salad right now.","Food"
"I ordered a kitchen mixer online next week.","Shopping"
"the company website keeps crashing these days.","Technology"
"I need to pack for Kerala next month.","Travel"
"subah se online a winter jacket order kiya jabki store mein a dining table pe badi sale lagi hai kal se.","Shopping"
"raat se random mein the weather ki baat chal padi","General/Other"
"Recovering slowly from acidity this evening.","Health"
"I'm planning a trip to Varanasi since last night.","Travel"
"I need to pay my savings account next week, but i transferred some money to cover my monthly budget.","Finance"
"Our team is stuck on the budget proposal tomorrow","Work/Office"
"is hafte dost aa rahe hain aur tacos banane ka plan hai lekin thodi der mein dinner mein noodles order kiya.","Food"
"customer support wale ne the office server fix karne mein madad ki","Technology"
"Restaurant ka biryani bahut tasty tha.","Food"
"aakhirkar Delhi ke liye flight ki ticket book kar li","Travel"
"Mujhe Friday tak se chakkar ho raha hai, par aaj se seene mein jakadan thik nahi ho raha.","Health"
"I couldn't sleep properly because of blurry vision next week plus i feel like dizziness is getting worse today.","Health"
"mere manager ne ek jagah bataayi jahan ka pav bhaji zabardast hai.","Food"
"There's a strange feeling of being nervous since I've been so busy.","Mood/Emotion"
"I ordered a smartwatch online since yesterday.","Shopping"
"Recovering slowly from body aches last night","Health"
"mere neighbor ne bola thoda rest kar ghutno mein dard thik ho jayega par blood test karwaya ghutno mein dard ki wajah se.","Health"
"The delivery for a new smartphone is delayed next week.","Shopping"
"I need to pay my online banking since two days, but i finally cleared the electricity bill for the past three days.","Finance"
"agle mahine work from home karke sales deck complete karunga.","Work/Office"
"abhi the scholarship application submit karna hai","Education"
"Aajkal kaafi khush feel ho raha hai itna busy rehne ki wajah se.","Mood/Emotion"
"quarterly report submit kar diya aaj shaam ko lekin abhi tak reply nahi aaya.","Work/Office"
"my friend asked me to revise the sprint review just now.","Work/Office"
"Dubai wali overnight bus kaafi comfortable thi.","Travel"
"landlord ne bola thoda rest kar loose motion thik ho jayega, lekin aaj sar dard ki wajah se rest kar raha hoon.","Health"
"Store mein sunglasses pe badi sale lagi hai parso.","Shopping"
"mere dost ne ek achi brand suggest ki sunglasses ke liye par a handbag ki delivery late ho rahi hai agle mahine.","Shopping"
"I ordered a backpack online this afternoon.","Shopping"
"I stayed up all night finishing physics.","Education"
"We ordered a fruit salad for dinner by Friday while we're hosting friends from tomorrow and planning to make a vegetable stir fry.","Food"
"I have to submit the coding assignment last night.","Education"
"Pata nahi kyun par itna busy rehne ki wajah se bahut kaafi disappointed lag raha hoon","Mood/Emotion"
"boss ne status update ke baare mein call rakhi hai aaj shaam ko.","Work/Office"
"kuch ghanton se the chemistry lab report submit karna hai.","Education"
"I have to submit the final exams last night.","Education"
"pichle hafte se my bank statement pay karna hai","Finance"
"I need to pack for Varanasi tomorrow","Travel"
"Aakhirkar my salary clear kar diya kal.","Finance"
"aaj shaam ko work from home karke onboarding documents complete karunga jabki abhi half day liya quarterly report complete karne ke liye.","Work/Office"
"aaj shaam ko leadership ke saamne performance review present karna hai lekin meri behen ne performance review ke baare mein call rakhi hai kal raat se.","Work/Office"
"I couldn't finish my plate of tacos, it was too spicy.","Food"
"aaj leadership ke saamne marketing plan present karna hai.","Work/Office"
"monday se Bangalore ghumne ka plan bana raha hoon","Travel"
"dopahar se the Wi-Fi router reinstall karna pada jabki my external hard drive baar crash ho raha hai abhi.","Technology"
"i took a half day since yesterday to catch up on the code review","Work/Office"
"parso dost aa rahe hain aur pav bhaji banane ka plan hai.","Food"
"Honestly, I feel quite anxious since I've been so busy","Mood/Emotion"
"Mumbai wali cab kal raat se delay ho gayi.","Travel"
"I noticed back pain next month and it's not going away.","Health"
"Bahut bhookh lagi hai abhi.","Food"
"The a backpack I ordered arrived damaged.","Shopping"
"my external hard drive internet se connect hi nahi ho raha kal raat se, kyunki my laptop achanak kaam karna band kar diya subah se.","Technology"
"is weekend half day liya code review complete karne ke liye.","Work/Office"
"Medical se chakkar ki tablet le aaya.","Health"
"pichle teen din se dinner mein butter chicken order kiya","Food"
"thodi der mein online a handbag order kiya.","Shopping"
"I just checked in for my flight to Dubai","Travel"
"customer support recommended a place that serves amazing a fruit salad, while we're hosting friends since noon and planning to make pav bhaji.","Food"
"my browser won't connect to the internet from tomorrow.","Technology"
"my friend helped me understand the online course better even though i have to submit the entrance exam a few minutes ago.","Education"
"Aakhirkar Kerala ke liye flight ki ticket book kar li, aur aaj shaam ko Kolkata ghumne ka plan bana raha hoon.","Travel"
"my monthly budget pay karne ke liye reminder laga diya","Finance"
"the shopkeeper suggested I see a specialist because of back pain","Health"
"I noticed the long queue at the grocery store while walking for a couple of hours.","General/Other"
"We finally closed the performance review next month plus i submitted the vendor contract this afternoon but haven't heard back yet.","Work/Office"
"Recovering slowly from a running nose this morning and i couldn't sleep properly because of stomach pain right now.","Health"
"I ordered a handbag online since yesterday.","Shopping"
"my colleague recommended a good brand for a pair of jeans even though the delivery for a backpack is delayed since Monday.","Shopping"
"the Wi-Fi router keeps crashing for a couple of hours though the office printer won't connect to the internet right now.","Technology"
"My savings account got auto-debited from tomorrow.","Finance"
"Recovering slowly from a migraine last night.","Health"
"My a fixed deposit got auto-debited from tomorrow.","Finance"
"Honestly, I feel completely drained because of everything going on lately.","Mood/Emotion"
"kal raat se walk karte waqt the garden we're planting dikha.","General/Other"
"is mahine wale the thesis draft ko lekar nervous hoon uske alawa mere roommate ne the scholarship application samjhaane mein madad ki.","Education"
"Honestly, I feel a little low after hearing the news","Mood/Emotion"
"pichle teen din se dost aa rahe hain aur a vegetable stir fry banane ka plan hai.","Food"
"The delivery for a pair of jeans is delayed this evening, because i ordered a pair of running shoes online since noon.","Shopping"
"I'm nervous about the online course scheduled for the past three days.","Education"
"is hafte random mein the new furniture we bought ki baat chal padi.","General/Other"
"Samajh nahi aa raha road trip loon ya khud drive karke Mumbai jaaun.","Travel"
"The train to Delhi was surprisingly comfortable","Travel"
"aaj shaam ko dost aa rahe hain aur butter chicken banane ka plan hai","Food"
"Aaj pizza order karte hain.","Food"
"kamar dard ki wajah se aaj kaam pe nahi ja paaya halaanki acidity ki wajah se pichle hafte se kaam pe nahi ja paaya.","Health"
"kaan mein infection ki wajah se kuch ghanton se kaam pe nahi ja paaya, aur mujhe aajkal se ghutno mein dard ho raha hai.","Health"
"I feel like acidity is getting worse for a couple of hours so recovering slowly from a migraine for a couple of hours.","Health"
"my online banking ki wajah se budget dobara plan kar raha hoon par the electricity bill auto-debit ho gaya pichle teen din se.","Finance"
"I think I need a checkup for joint pain, though i noticed acidity since Monday and it's not going away.","Health"
"I'm planning a trip to Dubai since last week though our connecting flight to Dubai got delayed since last night.","Travel"
"aaj work from home karke team meeting notes complete karunga, lekin abhi work from home karke client presentation complete karunga.","Work/Office"
"my friend mentioned the festival preparations during our chat","General/Other"
"Lately I feel a bit lonely because I miss my old friends, and I don't know why","Mood/Emotion"
"doctor ne the semester project samjhaane mein madad ki jabki the literature essay ke liye ek study group join kiya.","Education"
"Store mein a pair of running shoes pe badi sale lagi hai is weekend.","Shopping"
"Monday se half day liya project timeline complete karne ke liye","Work/Office"
"abhi dinner mein noodles order kiya","Food"
"I need to pack for Pune since noon plus i'm not sure whether to take a overnight bus or drive to Pune.","Travel"
"Honestly, I feel emotionally exhausted since things didn't go as planned because lately I feel really excited after hearing the news and I don't know why.","Mood/Emotion"
"thodi der mein wale the history assignment ko lekar nervous hoon.","Education"
"I had to skip work due to a mild fever since two days, but i got my blood test done because of joint pain.","Health"
"Lately I feel overwhelmed because nothing seems to be going right, and I don't know why.","Mood/Emotion"
"kuch ghanton se wale mathematics ko lekar nervous hoon","Education"
"Internet provider ke saath almost do ghante phone pe baat ki yeh samajhne ke liye ki wifi router har kuch minute mein disconnect kyun ho raha hai.","Technology"
"my email account keeps crashing this afternoon.","Technology"
"the mobile app won't connect to the internet since two days, because my email account suddenly stopped working just now.","Technology"
"Store mein a pair of running shoes pe badi sale lagi hai is mahine.","Shopping"
"I had to reinstall the operating system since noon but my smartwatch app suddenly stopped working by Friday.","Technology"
"a formal shirt ki delivery late ho rahi hai kal raat se.","Shopping"
"Our teacher gave extra homework for the practical exam.","Education"
"I've been dealing with a mild fever since last week so i had to skip work due to body aches in a while.","Health"
"delivery wale ne ek achi brand suggest ki a handbag ke liye jabki store mein a pair of sneakers pe badi sale lagi hai is mahine.","Shopping"
"Sach kahoon toh sab kuch ek saath ho raha hai isliye, mann bahut ajeeb sa calm hai.","Mood/Emotion"
"Rishikesh wali local train kaafi comfortable thi","Travel"
"I've been feeling really excited since I've been so busy.","Mood/Emotion"
"I'm nervous about physics scheduled this month.","Education"
"Shor ki wajah se the group presentation pe concentrate nahi kar paaya aur agle mahine the online course submit karna hai.","Education"
"I found an old photo album while cleaning the storeroom, and we ended up spending an entire afternoon looking through pictures and laughing about old memories.","General/Other"
"abhi the mobile app reinstall karna pada.","Technology"
"Honestly, I feel very motivated after hearing the news","Mood/Emotion"
"I tried making biryani at home since noon, because we ordered rajma chawal for dinner this morning.","Food"
"I woke up feeling really excited after finishing the task finally.","Mood/Emotion"
"pichle teen din se Mumbai ghumne ka plan bana raha hoon.","Travel"
"I'll be working from home since two days to complete the client presentation.","Work/Office"
"Aakhirkar sales deck close kar diya kal.","Work/Office"
"Pata nahi kyun par wo message padhne ke baad bahut overwhelmed lag raha hoon.","Mood/Emotion"
"I couldn't sleep properly because of a sore throat this afternoon","Health"
"Lately I feel a bit lonely because nothing seems to be going right, and I don't know why.","Mood/Emotion"
"I took a half day this morning to catch up on the status update.","Work/Office"
"teacher ne the thesis draft samjhaane mein madad ki, par agle hafte wale physics ko lekar nervous hoon.","Education"
"Monday se Dubai ke liye packing karni hai, lekin kuch minute pehle Ladakh ke liye packing karni hai.","Travel"
"raat se online a smartwatch order kiya","Shopping"
"my sister recommended a good brand for a pair of running shoes, because the delivery guy recommended a good brand for a pair of jeans.","Shopping"
"client presentation submit kar diya is hafte lekin abhi tak reply nahi aaya","Work/Office"
"Poori raat jaagkar the scholarship application complete kiya.","Education"
"Ghar pe sab the weather ke baare mein baat kar rahe the Friday tak","General/Other"
"Pata nahi kyun par us bahas ke baad bahut demotivated lag raha hoon.","Mood/Emotion"
"the office printer internet se connect hi nahi ho raha pichle hafte se.","Technology"
"The store had a huge sale on a pair of sneakers since yesterday since the delivery for a smartwatch is delayed right now.","Shopping"
"my roommate helped me fix the office printer and my neighbor helped me fix my password manager.","Technology"
"the new software update won't connect to the internet since two days","Technology"
"I have to submit the practical exam this afternoon, but i'm nervous about the class test scheduled this weekend.","Education"
"weakness has been bothering me for a couple of hours.","Health"
"I'm nervous about mathematics scheduled since morning.","Education"
"Our flight to Udaipur got delayed today.","Travel"
"I had to reinstall my phone this afternoon","Technology"
"We finally closed the performance review since morning so there's a meeting about the marketing plan scheduled this weekend.","Work/Office"
"Aajkal nervous feel ho raha hai us baat cheet ke baad","Mood/Emotion"
"I finally perfected my recipe for tacos.","Food"
"Pune wali train aaj delay ho gayi.","Travel"
"abhi random mein the power cut yesterday ki baat chal padi.","General/Other"
"We're hosting friends next month and planning to make rajma chawal.","Food"
"I stayed up all night finishing the online course","Education"
"client presentation ko lekar meeting hai is hafte.","Work/Office"
"my sister recommended a place that serves amazing pancakes while my professor recommended a place that serves amazing a cheese pizza.","Food"
"swelling in my ankle has been bothering me just now, though i had to skip work due to a skin rash by Friday.","Health"
"abhi online a laptop bag order kiya.","Shopping"
"I finally cleared my monthly budget since two days, and on top of that i finally cleared the tax filing for a couple of hours.","Finance"
"I need to pack for Goa since two days, so i just checked in for my train to Kolkata.","Travel"
"Everyone at home was discussing the new furniture we bought since morning.","General/Other"
"customer support helped me understand the online course better.","Education"
"agle mahine dinner mein pancakes order kiya.","Food"
"Monday se online a backpack order kiya.","Shopping"
"abhi the literature essay submit karna hai","Education"
"I think I need a checkup for dizziness and recovering slowly from a skin rash since noon.","Health"
"is hafte the Wi-Fi router reinstall karna pada","Technology"
"my sister scheduled a call about the performance review since last week.","Work/Office"
"Our road trip to Goa got delayed next month.","Travel"
"I noticed a sore throat this weekend and it's not going away.","Health"
"my landlord asked me to revise the performance review right now.","Work/Office"
"Aakhirkar my monthly budget clear kar diya Friday tak","Finance"
"Yeh kaafi khush wala feeling jaa hi nahi raha news sunne ke baad.","Mood/Emotion"
"after finishing the task finally, I've just been feeling overwhelmed.","Mood/Emotion"
"pasta bahut spicy tha, poora khaya hi nahi gaya, lekin dopahar se dost aa rahe hain aur a fruit salad banane ka plan hai.","Food"
"a laptop bag cart mein daala hai lekin checkout nahi kiya abhi tak lekin a new smartphone ke refund ka wait kar raha hoon.","Shopping"
"I can't shake off this a little low feeling after that conversation.","Mood/Emotion"
"I woke up feeling overwhelmed since things didn't go as planned.","Mood/Emotion"
"a pair of running shoes ki delivery late ho rahi hai pichle teen din se isliye jo a handbag order kiya tha wo damaged aaya.","Shopping"
"pichle hafte se my credit card bill pay karna hai, lekin thodi der mein the electricity bill pay karna hai.","Finance"
"aaj dinner mein biryani order kiya.","Food"
"mere cousin ne ek jagah bataayi jahan ka noodles zabardast hai, uske upar se kal raat se dinner mein pancakes order kiya.","Food"
"our team is stuck on the team meeting notes since last night","Work/Office"
"do din se online a backpack order kiya, aur agle hafte online a new smartphone order kiya.","Shopping"
"mere dost ne the literature essay samjhaane mein madad ki.","Education"
"i'm planning a trip to Dubai right now","Travel"
"teacher ne the mobile app fix karne mein madad ki.","Technology"
"We talked about the new furniture we bought for a while this evening.","General/Other"
"Our connecting flight to Shimla got delayed this weekend so i'm not sure whether to take a local train or drive to Delhi.","Travel"
"Main santusht feel kar raha hoon itna busy rehne ki wajah se","Mood/Emotion"
"I can't figure out why my phone is so slow right now.","Technology"
"I set up a reminder to pay this month's rent","Finance"
"my sister recommended a place that serves amazing rajma chawal, so i tried making dosa at home this morning.","Food"
"I tried making a fruit salad at home since noon, since we're hosting friends next week and planning to make a cheese pizza.","Food"
"Mujhe aaj shaam ko se kamar dard ho raha hai, kyunki landlord ne bola thoda rest kar aankhon mein dhundhlapan thik ho jayega.","Health"
"Samajh nahi aa raha connecting flight loon ya khud drive karke Dubai jaaun.","Travel"
"teacher ne quarterly report ke baare mein call rakhi hai is weekend.","Work/Office"
"Abhi naya bag khareeda.","Shopping"
"the doctor scheduled a call about the audit checklist since noon.","Work/Office"
"Mujhe aaj shaam ko se skin par rash ho raha hai.","Health"
"kal wale the literature essay ko lekar nervous hoon.","Education"
"customer support wale ne bola thoda rest kar sar dard thik ho jayega isliye doctor ne bola specialist ko dikhao skin par rash ke liye.","Health"
"i'm reworking my budget because of the loan application","Finance"
"mummy ne bola specialist ko dikhao pet dard ke liye.","Health"
"Everyone at home was discussing the traffic on the way home next month.","General/Other"
"I spent some time dealing with the community meeting from tomorrow.","General/Other"
"Aakhirkar my savings account clear kar diya abhi.","Finance"
"we talked about the community meeting for a while right now","General/Other"
"parso the semester project submit karna hai","Education"
"Bataana mushkil hai lekin itna busy rehne ki wajah se bahut excited hoon.","Mood/Emotion"
"Store mein a dining table pe badi sale lagi hai Friday tak.","Shopping"
"dukaandaar ne physics samjhaane mein madad ki.","Education"
"I joined a study group for the scholarship application.","Education"
"abhi the class test submit karna hai.","Education"
"project timeline submit kar diya is weekend lekin abhi tak reply nahi aaya lekin mere roommate ne khush nahi hai sprint review ke result se.","Work/Office"
"I had to skip work due to a bad cough just now","Health"
"meri behen ne bola thoda rest kar gale mein kharash thik ho jayega.","Health"
"Honestly, I feel restless after hearing the news.","Mood/Emotion"
"There's a meeting about the onboarding documents scheduled since morning, and on top of that our team is stuck on the audit checklist this morning.","Work/Office"
"I'm nervous about the online course scheduled since morning.","Education"
"Recovering slowly from stomach pain since morning","Health"
"the office printer ka password bhool gaya.","Technology"
"my salary auto-debit ho gaya subah se","Finance"
"We're hosting friends this month and planning to make dosa.","Food"
"I spent some time dealing with the traffic on the way home just now.","General/Other"
"teacher ne the literature essay samjhaane mein madad ki","Education"
"do din se online a winter jacket order kiya jabki a laptop bag ke refund ka wait kar raha hoon.","Shopping"
"aajkal half day liya audit checklist complete karne ke liye, kyunki mere roommate ne client presentation ke baare mein call rakhi hai is hafte.","Work/Office"
"I can't figure out why my external hard drive is so slow this afternoon","Technology"
"ghutno mein dard ki wajah se dopahar se kaam pe nahi ja paaya, lekin kuch minute pehle se aankhon mein dhundhlapan thik nahi ho raha.","Health"
"Our team is stuck on the project timeline this afternoon","Work/Office"
"I tried making dosa at home these days, since we ordered tacos for dinner since last night.","Food"
"customer support helped me fix my password manager.","Technology"
"Kharab mausam ki wajah se train cancel ho gayi, isliye shimla ke paas ek chhota sa hotel liya hai humne.","Travel"
"the delivery guy advised me to review my savings account, and i need to pay the personal loan EMI for a couple of hours.","Finance"
"mere colleague ne ek achi brand suggest ki a study lamp ke liye","Shopping"
"swelling in my ankle has been bothering me these days.","Health"
"I have to submit the final exams this evening, because i have to submit the literature essay since two days.","Education"
"Long weekend ki wajah se aaj airport kaafi crowded tha, isliye security line mein karib ek ghanta khada rehna pada.","Travel"
"kal raat se dost aa rahe hain aur dosa banane ka plan hai","Food"
"The deadline for the team meeting notes got moved up this evening.","Work/Office"
"my external hard drive keeps crashing since two days","Technology"
"I finally cleared the insurance premium this weekend.","Finance"
"thodi der mein the traffic on the way home ke baare mein baat hui.","General/Other"
"I have to submit the final exams tomorrow, because the doctor helped me understand the final exams better.","Education"
"I'm troubleshooting my laptop right now.","Technology"
"Aakhirkar code review close kar diya abhi.","Work/Office"
"Samajh nahi aa raha the Wi-Fi router itna slow kyun hai kuch ghanton se.","Technology"
"We ordered pav bhaji for dinner next week.","Food"
"mummy ne bola specialist ko dikhao acidity ke liye.","Health"
"We're staying at a small hotel near Jaipur.","Travel"
"The train to Goa was surprisingly comfortable.","Travel"
"We're hosting friends next month and planning to make grilled sandwiches, while my sister recommended a place that serves amazing a fruit salad.","Food"
"my sister helped me fix my phone.","Technology"
"my salary got auto-debited this evening","Finance"
"Kal test hai.","Education"
"my password manager baar crash ho raha hai kal raat se, lekin mere colleague ne my smartwatch app fix karne mein madad ki.","Technology"
"I finally got my results for the thesis draft, though i'm nervous about the semester project scheduled in a while.","Education"
"I finally cleared my online banking tomorrow.","Finance"
"I'm nervous about the coding assignment scheduled for the past three days.","Education"
"body aches has been bothering me since two days even though i've been dealing with a mild fever for the past three days.","Health"
"Monday se Shimla ghumne ka plan bana raha hoon.","Travel"
"I noticed loose motions today and it's not going away, but i feel like weakness is getting worse next month.","Health"
"I'm planning a trip to Pune next month.","Travel"
"project timeline submit kar diya raat se lekin abhi tak reply nahi aaya","Work/Office"
"i'm trying to figure out my credit score this month","Finance"
"I've been dealing with back pain right now while i've been dealing with a bad cough just now.","Health"
"I've been dealing with body aches a few minutes ago","Health"
"because of everything going on lately, I've just been feeling very motivated.","Mood/Emotion"
"i'll be working from home since last night to complete the budget proposal","Work/Office"
"The store had a huge sale on a formal shirt just now since the delivery for a backpack is delayed next month.","Shopping"
"i feel like swelling in my ankle is getting worse right now since a headache has been bothering me by Friday.","Health"
"Our train to Bangalore got delayed this afternoon even though i need to pack for Jaipur this month.","Travel"
"I can't figure out why the new software update is so slow since morning because i can't figure out why the company website is so slow this month.","Technology"
"my cousin helped me understand the semester project better.","Education"
"is weekend dost aa rahe hain aur dosa banane ka plan hai.","Food"
"I submitted the project timeline in a while but haven't heard back yet","Work/Office"
"We're hosting friends in a while and planning to make biryani.","Food"
"Aakhirkar the tax filing clear kar diya parso.","Finance"
"my external hard drive suddenly stopped working last night, while i had to reinstall the new software update today.","Technology"
"I woke up feeling really happy because of everything going on lately.","Mood/Emotion"
"is weekend Dubai ghumne ka plan bana raha hoon, lekin aakhirkar Rishikesh ke liye train ki ticket book kar li.","Travel"
"I've been feeling nervous after a long day.","Mood/Emotion"
"Subah se hi bahut excited mehsoos ho raha hai kuch bhi thik nahi ho raha isliye","Mood/Emotion"
"doctor ne bola marketing plan revise karo aajkal, kyunki mummy ne khush nahi hai vendor contract ke result se.","Work/Office"
"The deadline for the marketing plan got moved up just now.","Work/Office"
"I ordered a backpack online today.","Shopping"
"i finally cleared this month's rent these days","Finance"
"I've been feeling emotionally exhausted since things didn't go as planned.","Mood/Emotion"
"aaj walk karte waqt an old photo album dikha","General/Other"
"I'll be working from home today to complete the onboarding documents.","Work/Office"
"parso the office server reinstall karna pada","Technology"
"My this month's rent got auto-debited tomorrow.","Finance"
"I have to submit the entrance exam this month.","Education"
"kal thoda time the garden we're planting sambhalne mein laga","General/Other"
"the operating system won't connect to the internet this morning.","Technology"
"a set of headphones ki delivery late ho rahi hai agle hafte.","Shopping"
"i'm planning a trip to Kerala tomorrow","Travel"
"doctor ne bola specialist ko dikhao kaan mein infection ke liye.","Health"
"my friend scheduled a call about the code review since Monday.","Work/Office"
"the company website ko poori tarah reset karna padega.","Technology"
"do din se my monthly budget pay karna hai.","Finance"
"Monday se wale the online course ko lekar nervous hoon kyunki dukaandaar ne the scholarship application samjhaane mein madad ki.","Education"
"my phone achanak kaam karna band kar diya aaj","Technology"
"the operating system achanak kaam karna band kar diya is weekend, lekin the operating system baar crash ho raha hai Friday tak.","Technology"
"Aakhirkar budget proposal close kar diya aaj shaam ko lekin mere neighbor ne bola project timeline revise karo is hafte.","Work/Office"
"I need to finish the client presentation before for a couple of hours","Work/Office"
"my external hard drive achanak kaam karna band kar diya pichle teen din se.","Technology"
"Everyone at home was discussing the weather today.","General/Other"
"I spent some time dealing with the garden we're planting for the past three days but my landlord mentioned the community meeting during our chat.","General/Other"
"The deadline for the code review got moved up just now.","Work/Office"
"mere colleague ne ek achi brand suggest ki sunglasses ke liye","Shopping"
"Ghar pe sab a documentary I watched ke baare mein baat kar rahe the do din se.","General/Other"
"Yeh bahut overwhelmed wala feeling jaa hi nahi raha future ke baare mein soch kar.","Mood/Emotion"
"the power cut yesterday came up randomly in conversation in a while since a documentary I watched came up randomly in conversation in a while.","General/Other"
"Our connecting flight to Varanasi got delayed in a while i'm planning a trip to Kolkata these days.","Travel"
"subah se online sunglasses order kiya.","Shopping"
"I'm nervous about the final exams scheduled next month.","Education"
"doctor ne bola the electricity bill review karo.","Finance"
"kal raat se dinner mein butter chicken order kiya kyunki landlord ne ek jagah bataayi jahan ka paneer tikka zabardast hai.","Food"
"The airport security took forever today","Travel"
"subah se Shimla ghumne ka plan bana raha hoon.","Travel"
"The flight to Kolkata was surprisingly comfortable.","Travel"
"The bank sent a notification about the electricity bill.","Finance"
"i'm trying to figure out the insurance premium this month, but my the insurance premium got auto-debited this morning.","Finance"
"The hotel in Kolkata upgraded our room for free","Travel"
"aajkal the practical exam submit karna hai","Education"
"After struggling with the coding assignment for days, a classmate finally explained the logic in a way that made everything click for me.","Education"
"my credit score auto-debit ho gaya is weekend kyunki the personal loan EMI auto-debit ho gaya parso.","Finance"
"The deadline for the status update got moved up today.","Work/Office"
"pichle teen din se Rishikesh ke liye packing karni hai.","Travel"
"Mujhe is hafte se kaan mein infection ho raha hai.","Health"
"the operating system achanak kaam karna band kar diya kal raat se jabki kuch minute pehle my password manager reinstall karna pada.","Technology"
"Store mein a winter jacket pe badi sale lagi hai subah se, isliye thodi der mein online a dining table order kiya.","Shopping"
"my email account achanak kaam karna band kar diya Friday tak.","Technology"
"I tried making a vegetable stir fry at home in a while because i tried making pav bhaji at home next month.","Food"
"Monday se dost aa rahe hain aur noodles banane ka plan hai, lekin pichle hafte se dost aa rahe hain aur a cheese pizza banane ka plan hai.","Food"
"my email account keeps crashing a few minutes ago.","Technology"
"meri behen ne bola specialist ko dikhao acidity ke liye.","Health"
"professor ne the class test samjhaane mein madad ki, uske upar se parso wale the thesis draft ko lekar nervous hoon.","Education"
"my laptop keeps crashing this evening.","Technology"
"customer support asked me to revise the client presentation tomorrow but the deadline for the vendor contract got moved up this morning.","Work/Office"
"aajkal a fixed deposit pay karna hai","Finance"
"Friday tak se takhne mein sujan thik nahi ho raha jabki aankhon mein dhundhlapan ki wajah se subah se kaam pe nahi ja paaya.","Health"
"my email account won't connect to the internet since morning","Technology"
"aaj online a laptop bag order kiya.","Shopping"
"aajkal my credit score pay karna hai","Finance"
"I ordered a pair of running shoes online this evening.","Shopping"
"parso wale the group presentation ko lekar nervous hoon","Education"
"customer support wale ne bola sprint review revise karo is mahine kyunki papa ne bola code review revise karo aajkal.","Work/Office"
"I'll be working from home today to complete the budget proposal.","Work/Office"
"kuch minute pehle ghar pe pasta banane ki koshish ki lekin mere neighbor ne ek jagah bataayi jahan ka rajma chawal zabardast hai.","Food"
"Samajh nahi aa raha the Wi-Fi router itna slow kyun hai subah se.","Technology"
"onboarding documents ki deadline aage badh gayi dopahar se jabki raat se tak sales deck complete karna hai.","Work/Office"
"a new smartphone pe zabardast discount mila","Shopping"
"Samajh nahi aa raha my email account itna slow kyun hai kuch ghanton se.","Technology"
"Pata nahi kyun par lambe din ke baad bahut excited lag raha hoon.","Mood/Emotion"
"my credit score auto-debit ho gaya is hafte.","Finance"
"Mujhe kal se migraine ho raha hai.","Health"
"Subah se hi kaafi khush mehsoos ho raha hai plan cancel hone ke baad.","Mood/Emotion"
"I finally cleared my salary today.","Finance"
"Client demo se thik pehle office server down ho gaya, aur poori IT team meeting shuru hone se pehle access restore karne mein lag gayi.","Technology"
"I need to pack for Kolkata just now.","Travel"
"abhi the company website reinstall karna pada.","Technology"
"I feel like a mild fever is getting worse this evening.","Health"
"Bataana mushkil hai lekin itna busy rehne ki wajah se bahut demotivated hoon","Mood/Emotion"
"There's a discrepancy in the electricity bill that I need to resolve.","Finance"
"subah se dost aa rahe hain aur a vegetable stir fry banane ka plan hai.","Food"
"The store had a huge sale on a pair of jeans these days.","Shopping"
"Airport pe security check mein bahut time laga is weekend","Travel"
"professor ne ek jagah bataayi jahan ka butter chicken zabardast hai, jabki kal raat se dinner mein rajma chawal order kiya.","Food"
"my credit card bill pay karne ke liye reminder laga diya uske alawa aakhirkar the electricity bill clear kar diya is weekend.","Finance"
"pata nahi kyun par sab kuch ek saath ho raha hai isliye bahut demotivated lag raha hoon","Mood/Emotion"
"We're renting a car once we reach Rishikesh.","Travel"
"My professor extended the deadline for the chemistry lab report, since i have to submit the semester project next month.","Education"
"aaj Kolkata ke liye packing karni hai","Travel"
"The delivery for a kitchen mixer is delayed today.","Shopping"
"I updated the mobile app and now nothing works properly but i can't figure out why the operating system is so slow in a while.","Technology"
"performance review ki deadline aage badh gayi pichle teen din se","Work/Office"
"I finally cleared my online banking today.","Finance"
"I woke up feeling emotionally exhausted since things didn't go as planned","Mood/Emotion"
"my mother recommended a good brand for a dining table.","Shopping"
"doctor ne the power cut yesterday ka zikr kiya baat cheet mein.","General/Other"
"kuch ghanton se dost aa rahe hain aur a vegetable stir fry banane ka plan hai.","Food"
"I tried making dosa at home since yesterday, but my father recommended a place that serves amazing pancakes.","Food"
"I'm nervous about the thesis draft scheduled since two days","Education"
"kal my online banking pay karna hai.","Finance"
"We're hosting friends this morning and planning to make momos so i tried making paneer tikka at home right now.","Food"
"Aakhirkar the insurance premium clear kar diya thodi der mein.","Finance"
"pichle teen din se wale the final exams ko lekar nervous hoon","Education"
"is hafte ghar pe pasta banane ki koshish ki.","Food"
"aaj wale the coding assignment ko lekar nervous hoon, jabki aakhirkar the final exams ka result aa gaya.","Education"
"meri behen ne bola this month's rent review karo.","Finance"
"kal raat se work from home karke onboarding documents complete karunga","Work/Office"
"after hearing the news, I've just been feeling completely drained.","Mood/Emotion"
"Dubai wali train aaj delay ho gayi.","Travel"
"aaj online a smartwatch order kiya.","Shopping"
"mere manager ne ek achi brand suggest ki a set of headphones ke liye, uske upar se professor ne ek achi brand suggest ki a study lamp ke liye.","Shopping"
"Ladakh wali train kaafi comfortable thi.","Travel"
"sach kahoon toh itna busy rehne ki wajah se mann bahut emotionally thaka hua hai","Mood/Emotion"
"Blood test karwaya badan dard ki wajah se uske alawa mere roommate ne bola specialist ko dikhao jee michlana ke liye.","Health"
"My appointment for weakness got rescheduled.","Health"
"my manager helped me understand the chemistry lab report better though i have to submit the entrance exam right now.","Education"
"I'm nervous about mathematics scheduled right now.","Education"
"thodi der mein dinner mein a fruit salad order kiya kyunki customer support wale ne ek jagah bataayi jahan ka pav bhaji zabardast hai.","Food"
"my phone won't connect to the internet since morning","Technology"
"a winter jacket ki delivery late ho rahi hai is weekend.","Shopping"
"I tried making dosa at home since morning.","Food"
"the office printer achanak kaam karna band kar diya is mahine.","Technology"
"The delivery for a handbag is delayed since yesterday.","Shopping"
"mere cousin ne ek achi brand suggest ki a backpack ke liye","Shopping"
"The store had a huge sale on a kitchen mixer a few minutes ago.","Shopping"
"mere roommate ne ek achi brand suggest ki a set of headphones ke liye.","Shopping"
"I finally cleared this month's rent this weekend, since my mother advised me to review the tax filing.","Finance"
"doctor ne bola specialist ko dikhao aankhon mein dhundhlapan ke liye","Health"
"my online banking got auto-debited since Monday","Finance"
"the delivery guy recommended a place that serves amazing dosa plus i tried making pav bhaji at home for the past three days.","Food"
"We're hosting friends just now and planning to make rajma chawal.","Food"
"It's hard to explain but I feel very motivated because nothing seems to be going right.","Mood/Emotion"
"acidity ki wajah se do din se kaam pe nahi ja paaya, par seene mein jakadan ki wajah se pichle hafte se kaam pe nahi ja paaya.","Health"
"my professor suggested I see a specialist because of a skin rash.","Health"
"delivery wale ne bola thoda rest kar acidity thik ho jayega halaanki professor ne bola specialist ko dikhao loose motion ke liye.","Health"
"I'm nervous about the class test scheduled next month.","Education"
"Sach kahoon toh us baat cheet ke baad, mann bahut akela hai.","Mood/Emotion"
"I'm not sure whether to take a cab or drive to Rishikesh.","Travel"
"papa ne bola my savings account review karo lekin the insurance premium check kiya toh kuch ajeeb laga.","Finance"
"kal se Delhi ghumne ka plan bana raha hoon.","Travel"
"The delivery for a new smartphone is delayed these days even though the store had a huge sale on a laptop bag this evening.","Shopping"
"We're hosting friends these days and planning to make momos.","Food"
"Goa ke itinerary mein bahut saari sightseeing hai aur agle hafte Ladakh ke liye packing karni hai.","Travel"
"The delivery for a formal shirt is delayed this evening, though the store had a huge sale on a pair of sneakers this month.","Shopping"
"agle hafte ghar pe momos banane ki koshish ki","Food"
"I'm returning a dining table because it didn't fit, since my professor recommended a good brand for a dining table.","Shopping"
"I forgot to mention the garden we're planting to you earlier even though the weather came up randomly in conversation this evening.","General/Other"
"I'm nervous about the history assignment scheduled this morning plus i have to submit the group presentation this morning.","Education"
"i ordered a formal shirt online this morning since i added a set of headphones to my cart but haven't checked out yet.","Shopping"
"subah se my phone reinstall karna pada.","Technology"
"I had to skip work due to nausea this weekend.","Health"
"teacher ne physics samjhaane mein madad ki.","Education"
"Mujhe kal se pet dard ho raha hai.","Health"
"Everyone at home was discussing the garden we're planting next week.","General/Other"
"agle hafte the class test submit karna hai, aur raat se wale the literature essay ko lekar nervous hoon.","Education"
"I stayed up all night finishing mathematics.","Education"
"the shopkeeper asked me to revise the marketing plan in a while i'll be working from home just now to complete the audit checklist.","Work/Office"
"i have to submit the entrance exam just now plus my boss helped me understand the entrance exam better.","Education"
"aaj shaam ko the weekend plans ke baare mein baat hui.","General/Other"
"I feel like loose motions is getting worse last night.","Health"
"parso the history assignment submit karna hai","Education"
"stomach pain has been bothering me since yesterday.","Health"
"i need to pay the loan application this weekend","Finance"
"We talked about the weekend plans for a while this month.","General/Other"
"Goa wali connecting flight kaafi comfortable thi.","Travel"
"kal raat se work from home karke client presentation complete karunga.","Work/Office"
"joint pain has been bothering me since Monday.","Health"
"The local train to Bangalore was surprisingly comfortable.","Travel"
"everyone at home was discussing the neighborhood cat this month","General/Other"
"Aakhirkar client presentation close kar diya aajkal.","Work/Office"
"is hafte dinner mein biryani order kiya.","Food"
"I finally cleared this month's rent from tomorrow.","Finance"
"Recovering slowly from nausea a few minutes ago.","Health"
"kuch ghanton se wale the final exams ko lekar nervous hoon.","Education"
"my browser internet se connect hi nahi ho raha thodi der mein.","Technology"
"The store had a huge sale on a dining table this evening, but the store had a huge sale on a dining table since morning.","Shopping"
"Aakhirkar result aa gaya.","Education"
"thodi der mein Kerala ke liye packing karni hai, par raat se Jaipur ke liye packing karni hai.","Travel"
"performance review ko lekar meeting hai do din se.","Work/Office"
"The airport security took forever last night","Travel"
"the doctor helped me understand the coding assignment better","Education"
"my sister mentioned an old photo album during our chat.","General/Other"
"dopahar se Rishikesh ghumne ka plan bana raha hoon lekin subah se Kerala ke liye packing karni hai.","Travel"
"I need to pack for Manali this month","Travel"
"Aakhirkar onboarding documents close kar diya kuch minute pehle lekin meri behen ne budget proposal ke baare mein call rakhi hai pichle teen din se.","Work/Office"
"sunglasses ki delivery late ho rahi hai agle hafte, par a set of headphones ki delivery late ho rahi hai kuch ghanton se.","Shopping"
"seene mein jakadan ki wajah se abhi kaam pe nahi ja paaya.","Health"
"i joined a study group for the final exams","Education"
"Subah se hi demotivated mehsoos ho raha hai plan cancel hone ke baad.","Mood/Emotion"
"Mujhe raat se chakkar ho raha hai.","Health"
"quarterly report ko lekar meeting hai dopahar se.","Work/Office"
"The road trip to Darjeeling was surprisingly comfortable.","Travel"
"mummy ne ek jagah bataayi jahan ka a cheese pizza zabardast hai.","Food"
"Pune wali overnight bus kaafi comfortable thi.","Travel"
"We ordered pasta for dinner since morning.","Food"
"Honestly, I feel restless because I miss my old friends.","Mood/Emotion"
"Monday se my phone reinstall karna pada.","Technology"
"Ghar pe sab a documentary I watched ke baare mein baat kar rahe the kal se.","General/Other"
"kal se dost aa rahe hain aur biryani banane ka plan hai.","Food"
"professor ne ek jagah bataayi jahan ka pasta zabardast hai.","Food"
"Aakhirkar sales deck close kar diya abhi.","Work/Office"
"Lately I feel really excited after a long day, and I don't know why.","Mood/Emotion"
"raat se half day liya project timeline complete karne ke liye","Work/Office"
"I finally booked a train ticket to Bangalore since i just checked in for my local train to Shimla.","Travel"
"I finally cleared my salary this evening.","Finance"
"i had to skip work due to a mild fever tomorrow","Health"
"my brother helped me understand the final exams better","Education"
"Aakhirkar the electricity bill clear kar diya agle mahine.","Finance"
"I spent some time dealing with the noisy construction nearby this afternoon.","General/Other"
"Store mein a formal shirt pe badi sale lagi hai agle hafte.","Shopping"
"The deadline for the client presentation got moved up from tomorrow, since our team is stuck on the audit checklist right now.","Work/Office"
"i'll be working from home just now to complete the code review","Work/Office"
"my laptop ka password bhool gaya.","Technology"
"I took a half day for a couple of hours to catch up on the team meeting notes.","Work/Office"
"I finally cleared the loan application these days.","Finance"
"the delivery guy recommended a place that serves amazing rajma chawal so my colleague recommended a place that serves amazing a fruit salad.","Food"
"Store mein a smartwatch pe badi sale lagi hai raat se","Shopping"
"The delivery for a new smartphone is delayed since last week.","Shopping"
"i need to pay the insurance premium since noon","Finance"
"Bataana mushkil hai lekin sab kuch ek saath ho raha hai isliye bahut nervous hoon.","Mood/Emotion"
"my monthly budget ki wajah se budget dobara plan kar raha hoon.","Finance"
"the traffic on the way home came up randomly in conversation since yesterday, and on top of that i noticed the weekend plans while walking since yesterday.","General/Other"
"Airport pe security check mein bahut time laga pichle hafte se.","Travel"
"I joined a study group for the thesis draft though i'm nervous about the final exams scheduled this morning.","Education"
"thodi der mein my credit score pay karna hai, aur papa ne bola my online banking review karo.","Finance"
"is weekend random mein a documentary I watched ki baat chal padi.","General/Other"
"Ghar pe sab the neighbor's new dog ke baare mein baat kar rahe the kuch minute pehle.","General/Other"
"I have to submit mathematics this month.","Education"
"Samajh nahi aa raha the Wi-Fi router itna slow kyun hai kal se.","Technology"
"the Wi-Fi router baar crash ho raha hai kal, lekin my laptop achanak kaam karna band kar diya Monday se.","Technology"
"The store had a huge sale on a new smartphone by Friday.","Shopping"
"aaj shaam ko the history assignment submit karna hai","Education"
"Aaj clinic jaana hai takhne mein sujan check karwane, uske upar se migraine ki wajah se abhi kaam pe nahi ja paaya.","Health"
"Our overnight bus to Singapore got delayed this afternoon, so our local train to Ooty got delayed a few minutes ago.","Travel"
"it's hard to explain but I feel a little low because nothing seems to be going right","Mood/Emotion"
"Honestly, I feel really excited thinking about the future but i've been feeling irritated thinking about the future.","Mood/Emotion"
"The deadline for the sales deck got moved up next week.","Work/Office"
"The delivery for a set of headphones is delayed right now.","Shopping"
"Hafton ki tayari ke baad aakhirkar budget proposal leadership ke saamne present kiya, unhone kuch changes maange final approval se pehle.","Work/Office"
"Let's order pizza tonight.","Food"
"Our connecting flight to Ladakh got delayed in a while and i'm planning a trip to Delhi next month.","Travel"
"I finally cleared my salary from tomorrow.","Finance"
"my mother mentioned the garden we're planting during our chat","General/Other"
"I woke up feeling a little low after that argument, and because of everything going on lately, I've just been feeling irritated.","Mood/Emotion"
"aakhirkar marketing plan close kar diya thodi der mein","Work/Office"
"parso my password manager reinstall karna pada.","Technology"
"We're hosting friends since two days and planning to make pav bhaji.","Food"
"Store mein a new smartphone pe badi sale lagi hai is mahine.","Shopping"
"Mujhe Friday tak se pet dard ho raha hai, aur mujhe agle mahine se sar dard ho raha hai.","Health"
"a pair of running shoes ki delivery late ho rahi hai aaj shaam ko","Shopping"
"Ghar pe sab the garden we're planting ke baare mein baat kar rahe the is weekend.","General/Other"
"The restaurant's a cheese pizza was absolutely delicious.","Food"
"customer support is not happy with how the budget proposal turned out.","Work/Office"
"my password manager internet se connect hi nahi ho raha aaj shaam ko, par samajh nahi aa raha my smartwatch app itna slow kyun hai dopahar se.","Technology"
"Friday tak wale the semester project ko lekar nervous hoon, aur agle hafte wale the final exams ko lekar nervous hoon.","Education"
"I have to submit the class test since yesterday","Education"
"the personal loan EMI auto-debit ho gaya agle hafte jabki the insurance premium auto-debit ho gaya is hafte.","Finance"
"the store had a huge sale on a kitchen mixer since two days, while the store had a huge sale on a pair of running shoes last night.","Shopping"
"my credit card bill auto-debit ho gaya kuch ghanton se par aakhirkar a fixed deposit clear kar diya do din se.","Finance"
"I've been dealing with weakness this month","Health"
"the operating system achanak kaam karna band kar diya Monday se.","Technology"
"teacher ne bola hiring paperwork revise karo pichle hafte se, kyunki code review submit kar diya subah se lekin abhi tak reply nahi aaya.","Work/Office"
"I can't shake off this nervous feeling after a long day so i woke up feeling so frustrated thinking about the future.","Mood/Emotion"
"I tried making paneer tikka at home just now","Food"
"mere colleague ne bola thoda rest kar sar dard thik ho jayega","Health"
"I'm not sure whether to take a local train or drive to Ooty.","Travel"
"Yeh proud wala feeling jaa hi nahi raha cheezein plan ke hisaab se na hone ki wajah se.","Mood/Emotion"
"parso dinner mein grilled sandwiches order kiya.","Food"
"i tried making noodles at home next week","Food"
"a laptop bag ki delivery late ho rahi hai aajkal.","Shopping"
"We ordered rajma chawal for dinner for the past three days.","Food"
"my laptop achanak kaam karna band kar diya pichle teen din se.","Technology"
"my colleague recommended a good brand for a kitchen mixer.","Shopping"
"I'll be working from home for the past three days to complete the sprint review though i have to present the client presentation in front of the leadership last night.","Work/Office"
"We're hosting friends tomorrow and planning to make biryani, but we ordered idli sambar for dinner for a couple of hours.","Food"
"Store mein a set of headphones pe badi sale lagi hai thodi der mein.","Shopping"
"Samajh nahi aa raha overnight bus loon ya khud drive karke Pune jaaun.","Travel"
"mere manager ne khush nahi hai status update ke result se.","Work/Office"
"Mujhe raat se kaan mein infection ho raha hai isliye aaj shaam ko se takhne mein sujan thik nahi ho raha.","Health"
"i finally cleared my bank statement this month","Finance"
"I tried making pasta at home tomorrow.","Food"
"We're hosting friends from tomorrow and planning to make butter chicken","Food"
"my brother advised me to review the electricity bill, because i need to pay this month's rent since noon.","Finance"
"i'm nervous about the group presentation scheduled this weekend","Education"
"agle hafte dinner mein pav bhaji order kiya, uske upar se mere roommate ne ek jagah bataayi jahan ka a fruit salad zabardast hai.","Food"
"I'm waiting for my refund for a formal shirt.","Shopping"
"Hamari team quarterly report pe atki hui hai dopahar se.","Work/Office"
"my professor helped me fix my email account even though i had to reinstall my smartwatch app from tomorrow.","Technology"
"I need to pay my salary since Monday.","Finance"
"Recovering slowly from a sore throat right now because the pharmacist gave me some tablets for a migraine.","Health"
"i have to submit the final exams this afternoon","Education"
"I need to study now.","Education"
"We ordered idli sambar for dinner since yesterday, while my mother recommended a place that serves amazing a cheese pizza.","Food"
"do din se the electricity bill pay karna hai.","Finance"
"I tried making biryani at home for the past three days.","Food"
"I'm troubleshooting the new software update right now.","Technology"
"pichle hafte se dost aa rahe hain aur butter chicken banane ka plan hai.","Food"
"a documentary I watched came up randomly in conversation since last week, though i noticed the festival preparations while walking right now.","General/Other"
"We're hosting friends right now and planning to make butter chicken","Food"
"Ooty wali cab kal delay ho gayi.","Travel"
"Mujhe aaj se acidity ho raha hai.","Health"
"Bataana mushkil hai lekin us bahas ke baad bahut kaafi frustrated hoon.","Mood/Emotion"
"I can't figure out why my smartwatch app is so slow last night because the shopkeeper helped me fix the new software update.","Technology"
"I've been dealing with a mild fever since last night since i had to skip work due to blurry vision from tomorrow.","Health"
"my friend asked me to revise the budget proposal these days.","Work/Office"
"Kerala ke itinerary mein bahut saari sightseeing hai.","Travel"
"after hearing the news, I've just been feeling quite anxious.","Mood/Emotion"
"the teacher mentioned the traffic on the way home during our chat","General/Other"
"I'm nervous about the scholarship application scheduled by Friday.","Education"
"Samajh nahi aa raha my password manager itna slow kyun hai is hafte.","Technology"
"is weekend random mein the family gathering this weekend ki baat chal padi","General/Other"
"meri behen ne the long queue at the grocery store ka zikr kiya baat cheet mein","General/Other"
"my cousin asked me to revise the budget proposal since two days.","Work/Office"
"The store had a huge sale on a pair of jeans for the past three days.","Shopping"
"Abhi Bangalore wali flight ke liye check-in kar liya.","Travel"
"Ghar pe sab the long queue at the grocery store ke baare mein baat kar rahe the is hafte.","General/Other"
"Sach kahoon toh itna busy rehne ki wajah se, mann bahut motivated hai.","Mood/Emotion"
"I noticed a migraine since noon and it's not going away, so i've been dealing with a mild fever tomorrow.","Health"
"ghutno mein dard ke liye appointment book karwa liya hai lekin is weekend se migraine thik nahi ho raha.","Health"
"Boss ko abhi report chahiye.","Work/Office"
"mere cousin ne bola my savings account review karo.","Finance"
"I finally cleared this month's rent since two days, because i need to pay my mutual fund investment this afternoon.","Finance"
"The store had a huge sale on a winter jacket this weekend.","Shopping"
"Samajh nahi aa raha the office printer itna slow kyun hai kal","Technology"
"the doctor suggested I see a specialist because of joint pain.","Health"
"a pair of sneakers ki delivery late ho rahi hai Friday tak.","Shopping"
"my sister helped me understand the chemistry lab report better.","Education"
"mere colleague ne bola thoda rest kar migraine thik ho jayega, uske upar se mere neighbor ne bola specialist ko dikhao migraine ke liye.","Health"
"Recovering slowly from a running nose since noon so i couldn't sleep properly because of loose motions by Friday.","Health"
"my neighbor mentioned a documentary I watched during our chat.","General/Other"
"I'm nervous about physics scheduled since noon.","Education"
"mere cousin ne ek jagah bataayi jahan ka a vegetable stir fry zabardast hai, par do din se dinner mein biryani order kiya.","Food"
"Mujhe abhi se kamzori ho raha hai.","Health"
"Our flight to Pune got delayed today.","Travel"
"I need to pay my monthly budget for a couple of hours, though my roommate advised me to review my online banking.","Finance"
"is weekend dost aa rahe hain aur a fruit salad banane ka plan hai, aur customer support wale ne ek jagah bataayi jahan ka dosa zabardast hai.","Food"
"meri behen ne the power cut yesterday ka zikr kiya baat cheet mein.","General/Other"
"Everyone at home was discussing a documentary I watched a few minutes ago","General/Other"
"I need to pay the insurance premium since morning.","Finance"
"the community meeting came up randomly in conversation this afternoon.","General/Other"
"I finally cleared this month's rent tomorrow.","Finance"
"customer support wale ne the history assignment samjhaane mein madad ki, isliye professor ne the thesis draft samjhaane mein madad ki.","Education"
"I'm still preparing for mathematics.","Education"
"manali wali local train kuch minute pehle delay ho gayi","Travel"
"I can't shake off this nervous feeling after finishing the task finally and i can't shake off this a bit lonely feeling since things didn't go as planned.","Mood/Emotion"
"There's a strange feeling of being demotivated after that argument.","Mood/Emotion"
"the office server ka password bhool gaya.","Technology"
"parso Shimla ke liye packing karni hai.","Travel"
"the operating system suddenly stopped working next week","Technology"
"The flight to Shimla was surprisingly comfortable.","Travel"
"Aajkal akela feel ho raha hai news sunne ke baad.","Mood/Emotion"
"the Wi-Fi router ka password bhool gaya.","Technology"
"I have to submit the thesis draft for the past three days.","Education"
"the long queue at the grocery store came up randomly in conversation this morning","General/Other"
"the operating system suddenly stopped working since Monday even though my smartwatch app won't connect to the internet this weekend.","Technology"
"I have to submit the class test in a while, and on top of that i'm nervous about the entrance exam scheduled tomorrow.","Education"
"Aakhirkar Kerala ke liye cab ki ticket book kar li halaanki agle hafte Udaipur ghumne ka plan bana raha hoon.","Travel"
"my professor recommended a place that serves amazing paneer tikka.","Food"
"I finally cleared my mutual fund investment since last week, but i finally cleared my credit score since Monday.","Finance"
"our overnight bus to Ooty got delayed today","Travel"
"my password manager won't connect to the internet tomorrow.","Technology"
"Aakhirkar a fixed deposit clear kar diya agle hafte.","Finance"
"pichle hafte se Udaipur ghumne ka plan bana raha hoon","Travel"
"is weekend Udaipur ke liye packing karni hai.","Travel"
"The store had a huge sale on a study lamp next week","Shopping"
"future ke baare mein soch kar, bas ek ajeeb sa restless feeling aa rahi hai.","Mood/Emotion"
"We're hosting friends from tomorrow and planning to make pav bhaji.","Food"
"my sister advised me to review my online banking.","Finance"
"My financial advisor suggested I split my savings between a fixed deposit and a mutual fund instead of keeping everything in a regular savings account.","Finance"
"sab kuch ek saath ho raha hai isliye, bas ek ajeeb sa bahut motivated feeling aa rahi hai.","Mood/Emotion"
"the weather came up randomly in conversation since morning","General/Other"
"i need to pay the personal loan EMI since Monday","Finance"
"my browser suddenly stopped working a few minutes ago.","Technology"
"agle hafte my smartwatch app reinstall karna pada, par mere manager ne my phone fix karne mein madad ki.","Technology"
"my cousin scheduled a call about the budget proposal these days.","Work/Office"
"I ordered new shoes.","Shopping"
"I finally cleared my online banking this afternoon","Finance"
"kal se online a laptop bag order kiya, isliye pichle teen din se online a laptop bag order kiya.","Shopping"
"We talked about the festival preparations for a while this afternoon","General/Other"
"mere bhai ne code review ke baare mein call rakhi hai thodi der mein.","Work/Office"
"I have to present the team meeting notes in front of the leadership by Friday while i'll be working from home today to complete the audit checklist.","Work/Office"
"my colleague suggested I see a specialist because of swelling in my ankle.","Health"
"the insurance premium auto-debit ho gaya aaj.","Finance"
"Bataana mushkil hai lekin cheezein plan ke hisaab se na hone ki wajah se bahut motivated hoon.","Mood/Emotion"
"i'm not sure whether to take a cab or drive to Jaipur plus our train to Delhi got delayed these days.","Travel"
"aaj wale the class test ko lekar nervous hoon, uske upar se agle mahine the chemistry lab report submit karna hai.","Education"
"dopahar se half day liya status update complete karne ke liye","Work/Office"
"Manali wali cab kaafi comfortable thi.","Travel"
"our overnight bus to Dubai got delayed next month so i'm not sure whether to take a overnight bus or drive to Ooty.","Travel"
"I submitted the quarterly report for the past three days but haven't heard back yet because i submitted the performance review since Monday but haven't heard back yet.","Work/Office"
"aakhirkar kaam khatam karne ke baad bas ek ajeeb sa thoda anxious feeling aa rahi hai","Mood/Emotion"
"We're hosting friends since noon and planning to make momos.","Food"
"I ordered a smartwatch online from tomorrow.","Shopping"
"I've been dealing with an ear infection today.","Health"
"abhi dinner mein momos order kiya.","Food"
"I'm nervous about the class test scheduled these days.","Education"
"aaj shaam ko the mobile app reinstall karna pada, jabki my laptop baar crash ho raha hai is weekend.","Technology"
"my laptop suddenly stopped working from tomorrow","Technology"
"Recovering slowly from dizziness today.","Health"
"customer support advised me to review the tax filing.","Finance"
"i'm waiting for my refund for a kitchen mixer","Shopping"
"pet dard ke liye appointment book karwa liya hai","Health"
"I'll be working from home last night to complete the budget proposal, though my boss asked me to revise the budget proposal since Monday.","Work/Office"
"the doctor advised me to review the tax filing, and my manager advised me to review my online banking.","Finance"
"I need to pack for Jaipur last night.","Travel"
"aaj the insurance premium pay karna hai.","Finance"
"papa ne bola the electricity bill review karo.","Finance"
"i'll be working from home since morning to complete the marketing plan even though i need to finish the status update before today.","Work/Office"
"aajkal Kolkata ghumne ka plan bana raha hoon, par pichle teen din se Ooty ghumne ka plan bana raha hoon.","Travel"
"I ordered sunglasses online tomorrow.","Shopping"
"I can't figure out why the new software update is so slow in a while, but my cousin helped me fix the office printer.","Technology"
"my email account internet se connect hi nahi ho raha abhi.","Technology"
"samajh nahi aa raha my phone itna slow kyun hai thodi der mein, isliye samajh nahi aa raha the Wi-Fi router itna slow kyun hai abhi.","Technology"
"pichle teen din se Manali ke liye packing karni hai.","Travel"
"the doctor helped me fix the mobile app","Technology"
"I'm not sure whether to take a road trip or drive to Varanasi so our local train to Mumbai got delayed a few minutes ago.","Travel"
"the airport security took forever this evening","Travel"
"pichle teen din se wale the chemistry lab report ko lekar nervous hoon isliye abhi bhi the semester project ki taiyari kar raha hoon.","Education"
"We're renting a car once we reach Delhi.","Travel"
"my manager helped me fix my email account.","Technology"
"I feel dizzy today.","Health"
"Main poori tarah drained feel kar raha hoon cheezein plan ke hisaab se na hone ki wajah se.","Mood/Emotion"
"Main kaafi frustrated feel kar raha hoon lambe din ke baad.","Mood/Emotion"
"i noticed the neighborhood cat while walking for the past three days because i spent some time dealing with the power cut yesterday since two days.","General/Other"
"We talked about the long queue at the grocery store for a while a few minutes ago.","General/Other"
"my professor advised me to review the personal loan EMI because i finally cleared my salary since last week.","Finance"
"mere roommate ne bola specialist ko dikhao pet dard ke liye, par professor ne bola thoda rest kar sar dard thik ho jayega.","Health"
"Yeh thoda anxious wala feeling jaa hi nahi raha lambe din ke baad.","Mood/Emotion"
"I couldn't finish my plate of pancakes, it was too spicy","Food"
"I read something interesting about the power cut yesterday, and on top of that my professor mentioned the neighbor's new dog during our chat.","General/Other"
"abhi Varanasi ghumne ka plan bana raha hoon.","Travel"
"friday tak dost aa rahe hain aur dosa banane ka plan hai","Food"
"I feel like a sore throat is getting worse this afternoon.","Health"
"the doctor helped me understand the semester project better.","Education"
"i have to present the vendor contract in front of the leadership last night and i took a half day this morning to catch up on the team meeting notes.","Work/Office"
"body aches has been bothering me since Monday so i noticed back pain since last week and it's not going away.","Health"
"the mobile app internet se connect hi nahi ho raha do din se.","Technology"
"I have to present the project timeline in front of the leadership today because the deadline for the project timeline got moved up today.","Work/Office"
"my phone baar crash ho raha hai is hafte.","Technology"
"my sister scheduled a call about the status update this afternoon.","Work/Office"
"my sister suggested I see a specialist because of weakness.","Health"
"Singapore wali local train subah se delay ho gayi.","Travel"
"Bank se the insurance premium ke baare mein notification aayi.","Finance"
"The cab to Rishikesh was surprisingly comfortable.","Travel"
"the shopkeeper helped me fix my phone","Technology"
"professor ne bola my mutual fund investment review karo.","Finance"
"Samajh nahi aa raha my phone itna slow kyun hai subah se.","Technology"
"mathematics ke liye ek study group join kiya, lekin kuch minute pehle the final exams submit karna hai.","Education"
"I joined a study group for the coding assignment.","Education"
"Bataana mushkil hai lekin wo message padhne ke baad bahut hopeful hoon.","Mood/Emotion"
"kal raat se Goa ghumne ka plan bana raha hoon, par samajh nahi aa raha connecting flight loon ya khud drive karke Mumbai jaaun.","Travel"
"Friday tak the history assignment submit karna hai","Education"
"The new cafe near my house serves the most amazing pav bhaji I've had in years, though the portions are honestly a bit smaller than expected.","Food"
"Aakhirkar this month's rent clear kar diya dopahar se, jabki mere cousin ne bola my monthly budget review karo.","Finance"
"papa ne the company website fix karne mein madad ki.","Technology"
"back pain has been bothering me tomorrow","Health"
"The store had a huge sale on a pair of running shoes for the past three days.","Shopping"
"Honestly, I feel hopeful since things didn't go as planned","Mood/Emotion"
"since the plans got cancelled, I've just been feeling so frustrated.","Mood/Emotion"
"Everyone at home was discussing the traffic on the way home by Friday.","General/Other"
"do din se leadership ke saamne code review present karna hai, jabki professor ne bola sprint review revise karo abhi.","Work/Office"
"is hafte se kamzori thik nahi ho raha halaanki loose motion ki wajah se is hafte kaam pe nahi ja paaya.","Health"
"Rishikesh wali flight dopahar se delay ho gayi.","Travel"
"customer support wale ne bola my monthly budget review karo","Finance"
"Aakhirkar this month's rent clear kar diya is mahine.","Finance"
"Aakhirkar baith kar poora monthly budget dobara banaya jab ehsaas hua ki kitni cheezon pe zaroorat se zyada kharch kar raha tha.","Finance"
"meri behen ne physics samjhaane mein madad ki kyunki poori raat jaagkar the group presentation complete kiya.","Education"
"i feel like chest tightness is getting worse next month since i've been dealing with acidity since last night.","Health"
"I skipped lunch and just had dosa instead.","Food"
"Aakhirkar a fixed deposit clear kar diya aaj shaam ko par my monthly budget auto-debit ho gaya is mahine.","Finance"
"I had to reinstall my laptop since morning, but my password manager suddenly stopped working last night.","Technology"
"Ladakh wali connecting flight dopahar se delay ho gayi","Travel"
"mere colleague ne physics samjhaane mein madad ki.","Education"
"the new furniture we bought came up randomly in conversation this weekend even though my professor mentioned the noisy construction nearby during our chat.","General/Other"
"mere bhai ne the Wi-Fi router fix karne mein madad ki.","Technology"
"the shopkeeper is not happy with how the sales deck turned out so there's a meeting about the hiring paperwork scheduled this weekend.","Work/Office"
"The restaurant's tacos was absolutely delicious.","Food"
"i've been feeling very motivated without any clear reason","Mood/Emotion"
"Aakhirkar client presentation close kar diya kal raat se.","Work/Office"
"I submitted the project timeline right now but haven't heard back yet even though our team is stuck on the code review last night.","Work/Office"
"sprint review ki deadline aage badh gayi kuch minute pehle, jabki aaj half day liya marketing plan complete karne ke liye.","Work/Office"
"agle mahine the scholarship application submit karna hai, uske upar se kal raat se wale mathematics ko lekar nervous hoon.","Education"
"customer support wale ne the group presentation samjhaane mein madad ki.","Education"
"mere roommate ne bola specialist ko dikhao badan dard ke liye","Health"
"Lunch skip karke seedha pav bhaji kha liya halaanki pichle teen din se ghar pe butter chicken banane ki koshish ki.","Food"
"I've been dealing with loose motions since morning, so my boss suggested I see a specialist because of chest tightness.","Health"
"customer support wale ne onboarding documents ke baare mein call rakhi hai do din se","Work/Office"
"I noticed the noisy construction nearby while walking since morning, but i spent some time dealing with the weekend plans a few minutes ago.","General/Other"
"Traffic ki wajah se connecting train miss ho gayi.","Travel"
"kal se Manali ghumne ka plan bana raha hoon","Travel"
"Ooty wali cab Friday tak delay ho gayi, isliye abhi Darjeeling ghumne ka plan bana raha hoon.","Travel"
"I feel like nausea is getting worse in a while","Health"
"customer support helped me understand the chemistry lab report better.","Education"
"I have to submit the final exams since yesterday.","Education"
"my neighbor helped me fix the office printer but i had to reinstall my email account by Friday.","Technology"
"My the loan application got auto-debited today.","Finance"
"i need to pack for Ooty tomorrow","Travel"
"Pata nahi kyun par wo message padhne ke baad bahut stressed lag raha hoon.","Mood/Emotion"
"aajkal walk karte waqt the family gathering this weekend dikha.","General/Other"
"dopahar se dinner mein butter chicken order kiya aur delivery wale ne ek jagah bataayi jahan ka paneer tikka zabardast hai.","Food"
"the tax filing auto-debit ho gaya parso.","Finance"
"Aakhirkar performance review close kar diya aaj.","Work/Office"
"Main nervous feel kar raha hoon news sunne ke baad.","Mood/Emotion"
"my phone internet se connect hi nahi ho raha raat se","Technology"
"I couldn't sleep properly because of a headache for the past three days and the delivery guy suggested I see a specialist because of loose motions.","Health"
"I can't shake off this restless feeling after getting that message.","Mood/Emotion"
"a pair of sneakers ki delivery late ho rahi hai kal raat se.","Shopping"
"kal se ghar pe tacos banane ki koshish ki.","Food"
"I finally cleared my online banking since yesterday","Finance"
"Our road trip to Delhi got delayed tomorrow.","Travel"
"mere neighbor ne my email account fix karne mein madad ki.","Technology"
"my email account suddenly stopped working this afternoon.","Technology"
"I submitted the status update next week but haven't heard back yet","Work/Office"
"I had to reinstall the office printer just now even though my external hard drive won't connect to the internet since morning.","Technology"
"my friend recommended a place that serves amazing tacos","Food"
"I had to reinstall the operating system since Monday.","Technology"
"my laptop baar crash ho raha hai aajkal jabki the office server internet se connect hi nahi ho raha aaj.","Technology"
"a new smartphone ki delivery late ho rahi hai aaj par store mein a study lamp pe badi sale lagi hai parso.","Shopping"
"The restaurant's momos was absolutely delicious.","Food"
"I can't shake off this restless feeling since the plans got cancelled.","Mood/Emotion"
"Store mein a pair of jeans pe badi sale lagi hai pichle hafte se.","Shopping"
"Mujhe kal raat se badan dard ho raha hai.","Health"
"Pata nahi kyun par itna busy rehne ki wajah se bahut thoda anxious lag raha hoon.","Mood/Emotion"
"aakhirkar the electricity bill clear kar diya Monday se","Finance"
"the shopkeeper scheduled a call about the marketing plan just now.","Work/Office"
"the doctor helped me understand mathematics better.","Education"
"I spent some time dealing with the weekend plans from tomorrow.","General/Other"
"do din se ghar pe momos banane ki koshish ki, jabki is weekend dinner mein a fruit salad order kiya.","Food"
"Just a heads up about a documentary I watched","General/Other"
"kuch bhi thik nahi ho raha isliye, bas ek ajeeb sa restless feeling aa rahi hai.","Mood/Emotion"
"I have to submit physics for a couple of hours.","Education"
"I spent some time dealing with the weekend plans since last night.","General/Other"
"I'm planning a trip to Ooty from tomorrow though i just checked in for my road trip to Kolkata.","Travel"
"I've been feeling completely drained after that conversation.","Mood/Emotion"
"a handbag ki delivery late ho rahi hai kuch ghanton se.","Shopping"
"Store mein a pair of running shoes pe badi sale lagi hai thodi der mein uske alawa mere roommate ne ek achi brand suggest ki a smartwatch ke liye.","Shopping"
"my friend recommended a place that serves amazing noodles, so we ordered a cheese pizza for dinner for the past three days.","Food"
"professor ne the chemistry lab report ki deadline badha di, par thodi der mein the final exams submit karna hai.","Education"
"I need to pay the EMI.","Finance"
"Ghar pe sab the long queue at the grocery store ke baare mein baat kar rahe the Friday tak.","General/Other"
"Ghar pe sab the traffic on the way home ke baare mein baat kar rahe the abhi.","General/Other"
"my landlord suggested I see a specialist because of dizziness.","Health"
"mere roommate ne my email account fix karne mein madad ki.","Technology"
"the mobile app keeps crashing this morning","Technology"
"the long queue at the grocery store came up randomly in conversation next week, while we talked about the neighborhood cat for a while today.","General/Other"
"Assignment is due today.","Education"
"I ordered sunglasses online since last night.","Shopping"
"meri behen ne ek jagah bataayi jahan ka a vegetable stir fry zabardast hai, isliye aajkal dost aa rahe hain aur tacos banane ka plan hai.","Food"
"I'm waiting for my refund for a new smartphone plus my boss recommended a good brand for a backpack.","Shopping"
"We talked about a documentary I watched for a while last night.","General/Other"
"I can't shake off this completely drained feeling thinking about the future","Mood/Emotion"
"Aakhirkar the personal loan EMI clear kar diya dopahar se kyunki the tax filing check kiya toh kuch ajeeb laga.","Finance"
"lately I feel proud after hearing the news and I don't know why","Mood/Emotion"
"I tried making pasta at home from tomorrow, and we ordered grilled sandwiches for dinner by Friday.","Food"
"kal walk karte waqt the weather dikha.","General/Other"
"I ordered a dining table online next month, and the delivery for a pair of running shoes is delayed in a while.","Shopping"
"Our road trip to Singapore got delayed since last night.","Travel"
"Lately I feel hopeful without any clear reason, and I don't know why","Mood/Emotion"
"my the electricity bill got auto-debited this weekend plus i need to pay the personal loan EMI last night.","Finance"
"kal se dinner mein butter chicken order kiya.","Food"
"Our team is stuck on the sales deck since last night.","Work/Office"
"Honestly, I feel content after that conversation.","Mood/Emotion"
"I tried making pancakes at home in a while","Food"
"I finally cleared my salary for the past three days.","Finance"
"Mujhe aajkal se jee michlana ho raha hai.","Health"
"the delivery guy helped me fix the office printer.","Technology"
"Rishikesh wali overnight bus subah se delay ho gayi uske alawa airport pe security check mein bahut time laga aaj.","Travel"
"I need to pay the personal loan EMI next week.","Finance"
"since I've been so busy, I've just been feeling a bit lonely.","Mood/Emotion"
"I've been feeling emotionally exhausted without any clear reason.","Mood/Emotion"
"We're hosting friends from tomorrow and planning to make a fruit salad so i tried making momos at home this evening.","Food"
"We ordered pav bhaji for dinner last night though we're hosting friends last night and planning to make pav bhaji.","Food"
"We talked about an old photo album for a while since morning though the new furniture we bought came up randomly in conversation since morning.","General/Other"
"My the personal loan EMI got auto-debited since noon.","Finance"
"lately I feel extremely stressed because I miss my old friends and I don't know why","Mood/Emotion"
"I'm planning a trip to Udaipur since morning.","Travel"
"teacher ne bola my online banking review karo.","Finance"
"I need to pay my bank statement last night.","Finance"
"Ghar pe sab the traffic on the way home ke baare mein baat kar rahe the do din se","General/Other"
"The delivery for a pair of sneakers is delayed this morning, but the store had a huge sale on a formal shirt this afternoon.","Shopping"
"I'm trying to figure out my mutual fund investment this month, since my manager advised me to review the tax filing.","Finance"
"badan dard ke liye appointment book karwa liya hai.","Health"
"is weekend the traffic on the way home ke baare mein baat hui.","General/Other"
"aajkal my monthly budget pay karna hai.","Finance"
"is hafte dinner mein pav bhaji order kiya.","Food"
"parso the neighbor's new dog ke baare mein baat hui.","General/Other"
"my password manager won't connect to the internet right now","Technology"
"mere roommate ne performance review ke baare mein call rakhi hai aajkal, jabki pichle hafte se work from home karke budget proposal complete karunga.","Work/Office"
"aajkal the tax filing pay karna hai.","Finance"
"project timeline ki deadline aage badh gayi is weekend, uske upar se hiring paperwork ki deadline aage badh gayi abhi.","Work/Office"
"kerala wali road trip is mahine delay ho gayi","Travel"
"Bilkul drained feel ho raha hai.","Mood/Emotion"
"I noticed the noisy construction nearby while walking this afternoon, while the weather came up randomly in conversation next week.","General/Other"
"I can't shake off this really happy feeling without any clear reason, but after a long day, I've just been feeling overwhelmed.","Mood/Emotion"
"mere roommate ne bola specialist ko dikhao naak behna ke liye, lekin doctor ne bola thoda rest kar jee michlana thik ho jayega.","Health"
"delivery wale ne the Wi-Fi router fix karne mein madad ki.","Technology"
"raat se wale the history assignment ko lekar nervous hoon halaanki mere neighbor ne the entrance exam samjhaane mein madad ki.","Education"
"my boss is not happy with how the performance review turned out.","Work/Office"
"Our overnight bus to Jaipur got delayed right now.","Travel"
"App baar freeze ho raha hai.","Technology"
"I ordered a handbag online tomorrow.","Shopping"
"I have to present the project timeline in front of the leadership since last week.","Work/Office"
"I spent some time dealing with the power cut yesterday from tomorrow.","General/Other"
"landlord ne khush nahi hai team meeting notes ke result se.","Work/Office"
"We're staying at a small hotel near Ladakh, though i just checked in for my cab to Pune.","Travel"
"a kitchen mixer ki delivery late ho rahi hai pichle teen din se.","Shopping"
"Aakhirkar hiring paperwork close kar diya abhi.","Work/Office"
"I noticed the new furniture we bought while walking today plus i noticed the long queue at the grocery store while walking this month.","General/Other"
"Mujhe parso se naak behna ho raha hai.","Health"
"doctor ne ek achi brand suggest ki a formal shirt ke liye","Shopping"
"mere bhai ne the class test samjhaane mein madad ki.","Education"
"my boss recommended a good brand for a laptop bag, while i'm waiting for my refund for a set of headphones.","Shopping"
"I'm returning a smartwatch because it didn't fit","Shopping"
"aaj se chakkar thik nahi ho raha","Health"
"Samajh nahi aa raha the office printer itna slow kyun hai is weekend.","Technology"
"the insurance premium auto-debit ho gaya raat se.","Finance"
"boss ne bola thoda rest kar kaafi khaansi thik ho jayega, jabki skin par rash ki wajah se do din se kaam pe nahi ja paaya.","Health"
"Pata nahi kyun par wo message padhne ke baad bahut proud lag raha hoon.","Mood/Emotion"
"the teacher suggested I see a specialist because of a skin rash plus i had to skip work due to an ear infection for the past three days.","Health"
"quarterly report submit kar diya aaj lekin abhi tak reply nahi aaya.","Work/Office"
"kal dinner mein butter chicken order kiya.","Food"
"The flight to Darjeeling was surprisingly comfortable.","Travel"
"We talked about the family gathering this weekend for a while last night, and on top of that we talked about the neighbor's new dog for a while since last week.","General/Other"
"kuch minute pehle the operating system reinstall karna pada.","Technology"
"The delivery for a backpack is delayed by Friday.","Shopping"
"Sach kahoon toh kuch bhi thik nahi ho raha isliye, mann bahut excited hai.","Mood/Emotion"
"Restaurant ka momos bahut tasty tha.","Food"
"customer support wale ne ek jagah bataayi jahan ka pasta zabardast hai.","Food"
"I had to reinstall the mobile app for a couple of hours because i can't figure out why the new software update is so slow by Friday.","Technology"
"marketing plan ki deadline aage badh gayi kuch minute pehle","Work/Office"
"The delivery for a study lamp is delayed today but the store had a huge sale on a kitchen mixer for a couple of hours.","Shopping"
"team meeting notes ko lekar meeting hai agle hafte.","Work/Office"
"I'm trying to figure out the personal loan EMI this month, so i finally cleared the loan application last night.","Finance"
"a pair of jeans ki delivery late ho rahi hai parso, jabki store mein a handbag pe badi sale lagi hai subah se.","Shopping"
"I noticed the family gathering this weekend while walking next month.","General/Other"
"i noticed the family gathering this weekend while walking this evening","General/Other"
"I had to reinstall my phone this morning, because my landlord helped me fix my external hard drive.","Technology"
"We ordered biryani for dinner this weekend.","Food"
"Abhi Ooty wali road trip ke liye check-in kar liya","Travel"
"cheezein plan ke hisaab se na hone ki wajah se, bas ek ajeeb sa akela feeling aa rahi hai.","Mood/Emotion"
"I need to pay my savings account from tomorrow, and i finally cleared the insurance premium by Friday.","Finance"
"We talked about the garden we're planting for a while since two days.","General/Other"
"I can't shake off this quite anxious feeling after a long day.","Mood/Emotion"
"since the plans got cancelled, I've just been feeling completely drained","Mood/Emotion"
"It's been a quiet day, mostly thinking about the family gathering this weekend.","General/Other"
"my monthly budget jaldi close karne ke liye paise bacha raha hoon.","Finance"
"i'm nervous about the literature essay scheduled a few minutes ago plus i have to submit the thesis draft right now.","Education"
"Our connecting flight to Bangalore got delayed in a while.","Travel"
"my cousin recommended a place that serves amazing momos.","Food"
"I noticed stomach pain in a while and it's not going away, though i noticed acidity this evening and it's not going away.","Health"
"Sach kahoon toh lambe din ke baad, mann bahut poori tarah drained hai.","Mood/Emotion"
"aajkal the chemistry lab report submit karna hai.","Education"
"aaj shaam ko online a pair of sneakers order kiya, par store mein a dining table pe badi sale lagi hai is hafte.","Shopping"
"my bank statement auto-debit ho gaya Friday tak.","Finance"
"Ghar pe sab a documentary I watched ke baare mein baat kar rahe the kal raat se.","General/Other"
"I took a half day a few minutes ago to catch up on the project timeline.","Work/Office"
"my colleague scheduled a call about the project timeline from tomorrow.","Work/Office"
"pichle teen din se thoda time the power cut yesterday sambhalne mein laga.","General/Other"
"Aakhirkar a fixed deposit clear kar diya kal.","Finance"
"Monday se dinner mein grilled sandwiches order kiya kyunki abhi dost aa rahe hain aur momos banane ka plan hai.","Food"
"the delivery for a formal shirt is delayed since last week, so the store had a huge sale on a pair of running shoes next week.","Shopping"
"gale mein kharash ki wajah se aaj kaam pe nahi ja paaya.","Health"
"Pune wali road trip is mahine delay ho gayi.","Travel"
"Bahar baarish ho rahi hai.","General/Other"
"aajkal the group presentation submit karna hai","Education"
"The deadline for the project timeline got moved up since last week.","Work/Office"
"my friend helped me understand the chemistry lab report better.","Education"
"It's hard to explain but I feel so frustrated because nothing seems to be going right.","Mood/Emotion"
"my father asked me to revise the quarterly report this morning","Work/Office"
"my browser suddenly stopped working in a while.","Technology"
"Taking a leave tomorrow.","Work/Office"
"aaj shaam ko wale the literature essay ko lekar nervous hoon.","Education"
"I can't shake off this unusually calm feeling after a long day.","Mood/Emotion"
"Abhi Goa wali road trip ke liye check-in kar liya.","Travel"
"my friend helped me understand the entrance exam better","Education"
"status update ko lekar meeting hai kal.","Work/Office"
"Aakhirkar hiring paperwork close kar diya aajkal.","Work/Office"
"There's a strange feeling of being a bit lonely without any clear reason, and honestly, I feel so frustrated because nothing seems to be going right.","Mood/Emotion"
"I'm nervous about the coding assignment scheduled just now.","Education"
"Aakhirkar my bank statement clear kar diya raat se.","Finance"
"I'll be working from home since yesterday to complete the client presentation, since our team is stuck on the client presentation for a couple of hours.","Work/Office"
"aaj se acidity thik nahi ho raha","Health"
"Aajkal bahut excited feel ho raha hai cheezein plan ke hisaab se na hone ki wajah se.","Mood/Emotion"
"my neighbor mentioned the community meeting during our chat","General/Other"
"kal this month's rent pay karna hai.","Finance"
"Store mein a kitchen mixer pe badi sale lagi hai kal raat se.","Shopping"
"pichle teen din se leadership ke saamne marketing plan present karna hai.","Work/Office"
"is weekend my email account reinstall karna pada, kyunki my smartwatch app internet se connect hi nahi ho raha is mahine.","Technology"
"honestly I feel completely drained after hearing the news","Mood/Emotion"
"Everyone at home was discussing the community meeting this morning.","General/Other"
"the thesis draft is turning out to be tougher than I expected.","Education"
"Everyone at home was discussing the neighborhood cat since yesterday.","General/Other"
"I feel like a bad cough is getting worse since noon, because i couldn't sleep properly because of a skin rash by Friday.","Health"
"I need to pay my bank statement since Monday though i finally cleared a fixed deposit next week.","Finance"
"The store had a huge sale on a pair of sneakers this evening.","Shopping"
"Ghar pe sab the garden we're planting ke baare mein baat kar rahe the aaj shaam ko.","General/Other"
"I'm not sure whether to take a train or drive to Shimla.","Travel"
"My credit score got auto-debited this afternoon.","Finance"
"Salary got credited finally.","Finance"
"kuch minute pehle thoda time the neighbor's new dog sambhalne mein laga.","General/Other"
"We talked about the traffic on the way home for a while tomorrow.","General/Other"
"the delivery for a formal shirt is delayed last night but the delivery for a handbag is delayed since last night.","Shopping"
"abhi a fixed deposit pay karna hai.","Finance"
"my roommate advised me to review my salary, since my the insurance premium got auto-debited next month.","Finance"
"I'm craving pasta right now.","Food"
"the Wi-Fi router suddenly stopped working this afternoon","Technology"
"Mumbai wali connecting flight agle hafte delay ho gayi.","Travel"
"Pata nahi kyun par bina kisi wajah ke bahut akela lag raha hoon.","Mood/Emotion"
"Store mein a smartwatch pe badi sale lagi hai kal se.","Shopping"
"Pata nahi kyun par wo message padhne ke baad bahut thoda anxious lag raha hoon.","Mood/Emotion"
"kal dost aa rahe hain aur butter chicken banane ka plan hai.","Food"
"I ordered a set of headphones online tomorrow.","Shopping"
"there's a meeting about the sprint review scheduled right now while my father scheduled a call about the budget proposal these days.","Work/Office"
"pichle hafte se ghar pe grilled sandwiches banane ki koshish ki.","Food"
"Sach kahoon toh aakhirkar kaam khatam karne ke baad, mann bahut hopeful hai.","Mood/Emotion"
"I have to submit the history assignment last night.","Education"
"I had to skip work due to a sore throat a few minutes ago","Health"
"mummy ne budget proposal ke baare mein call rakhi hai do din se","Work/Office"
"Sach kahoon toh future ke baare mein soch kar, mann bahut kaafi frustrated hai.","Mood/Emotion"
"a smartwatch ki delivery late ho rahi hai is weekend halaanki store mein a pair of running shoes pe badi sale lagi hai aaj.","Shopping"
"project timeline ko lekar meeting hai aajkal","Work/Office"
"mere neighbor ne bola my online banking review karo.","Finance"
"Ghar pe sab the garden we're planting ke baare mein baat kar rahe the kuch minute pehle.","General/Other"
"aajkal ghar pe biryani banane ki koshish ki, kyunki agle mahine ghar pe grilled sandwiches banane ki koshish ki.","Food"
"aakhirkar my savings account clear kar diya raat se","Finance"
"kal raat se tak client presentation complete karna hai.","Work/Office"
"I had to reinstall my laptop this morning, so i can't figure out why my password manager is so slow since last night.","Technology"
"We're hosting friends right now and planning to make momos though the teacher recommended a place that serves amazing grilled sandwiches.","Food"
"I ordered a laptop bag online by Friday because i ordered a backpack online in a while.","Shopping"
"Mujhe abhi se chakkar ho raha hai.","Health"
"is mahine Bangalore ke liye packing karni hai.","Travel"
"Ghar pe sab the noisy construction nearby ke baare mein baat kar rahe the pichle hafte se.","General/Other"
"I ordered a handbag online right now.","Shopping"
"the delivery guy recommended a place that serves amazing a fruit salad","Food"
"my browser won't connect to the internet this morning","Technology"
"I stayed up until three in the morning trying to finish the chemistry lab report, and I still don't think I explained the results section clearly enough.","Education"
"the long queue at the grocery store came up randomly in conversation since morning","General/Other"
"Mujhe thodi der mein se kamar dard ho raha hai.","Health"
"I have to submit mathematics since last night, because i'm nervous about physics scheduled since two days.","Education"
"thodi der mein work from home karke marketing plan complete karunga, uske upar se agle hafte work from home karke budget proposal complete karunga.","Work/Office"
"My mother taught me her secret recipe for rajma chawal over a video call, and I finally managed to get the consistency just right this time.","Food"
"i had to reinstall the operating system this evening, while the mobile app won't connect to the internet this evening.","Technology"
"the Wi-Fi router suddenly stopped working this morning","Technology"
"delivery wale ne bola the electricity bill review karo par aakhirkar the electricity bill clear kar diya pichle teen din se.","Finance"
"i ordered a laptop bag online since yesterday, and the delivery for a pair of sneakers is delayed next month.","Shopping"
"my laptop keeps crashing since last night.","Technology"
"abhi thoda time the weekend plans sambhalne mein laga.","General/Other"
"There's a strange feeling of being a little low without any clear reason, and since things didn't go as planned, I've just been feeling pretty disappointed.","Mood/Emotion"
"kal raat se work from home karke status update complete karunga","Work/Office"
"ghar pe sab the family gathering this weekend ke baare mein baat kar rahe the is weekend","General/Other"
"Friday tak Mumbai ghumne ka plan bana raha hoon kyunki samajh nahi aa raha connecting flight loon ya khud drive karke Rishikesh jaaun.","Travel"
"mere manager ne ek jagah bataayi jahan ka rajma chawal zabardast hai.","Food"
"I ordered a formal shirt online for the past three days.","Shopping"
"the mobile app keeps crashing since noon.","Technology"
"My online banking got auto-debited since two days.","Finance"
"I ordered a formal shirt online today.","Shopping"
"aaj Bangalore ke liye packing karni hai.","Travel"
"the operating system achanak kaam karna band kar diya is hafte.","Technology"
"kal se random mein the weather ki baat chal padi.","General/Other"
"kuch minute pehle dinner mein pancakes order kiya.","Food"
"the group presentation is turning out to be tougher than I expected.","Education"
"is mahine half day liya vendor contract complete karne ke liye, isliye sprint review ki deadline aage badh gayi thodi der mein.","Work/Office"
"Aakhirkar sales deck close kar diya aaj shaam ko.","Work/Office"
"mere cousin ne bola thoda rest kar migraine thik ho jayega","Health"
"parso dinner mein pav bhaji order kiya.","Food"
"my landlord suggested I see a specialist because of weakness","Health"
"customer support recommended a place that serves amazing momos, while i tried making momos at home a few minutes ago.","Food"
"Us naye cafe ka dosa bahut mehenga tha","Food"
"The delivery for a kitchen mixer is delayed by Friday.","Shopping"
"I finally cleared my salary since yesterday.","Finance"
"aajkal the neighborhood cat ke baare mein baat hui","General/Other"
"Abhi Manali wali connecting flight ke liye check-in kar liya, jabki raat se Bangalore ke liye packing karni hai.","Travel"
"We ordered a fruit salad for dinner since two days while my neighbor recommended a place that serves amazing dosa.","Food"
"I have to submit the semester project since yesterday.","Education"
"We ordered momos for dinner for the past three days, because we're hosting friends this afternoon and planning to make pasta.","Food"
"I need to finish the performance review before this afternoon because i need to finish the status update before this morning.","Work/Office"
"I feel like acidity is getting worse in a while even though i noticed a migraine this morning and it's not going away.","Health"
"Ghar pe sab the noisy construction nearby ke baare mein baat kar rahe the is mahine.","General/Other"
"pichle hafte se thoda time the traffic on the way home sambhalne mein laga.","General/Other"
"Main irritated feel kar raha hoon itna busy rehne ki wajah se.","Mood/Emotion"
"kuch ghanton se Dubai ke liye packing karni hai.","Travel"
"kuch minute pehle random mein the long queue at the grocery store ki baat chal padi","General/Other"
"my colleague suggested I see a specialist because of stomach pain.","Health"
"my external hard drive suddenly stopped working by Friday and the delivery guy helped me fix my laptop.","Technology"
"papa ne an old photo album ka zikr kiya baat cheet mein","General/Other"
"is mahine a fixed deposit pay karna hai","Finance"
"parso this month's rent pay karna hai.","Finance"
"I need to pay the insurance premium for the past three days.","Finance"
"I can't shake off this really excited feeling after getting that message.","Mood/Emotion"
"kuch minute pehle online sunglasses order kiya.","Shopping"
"aaj the loan application pay karna hai.","Finance"
"subah se dinner mein pasta order kiya.","Food"
"Sach kahoon toh sab kuch ek saath ho raha hai isliye, mann bahut thoda low hai","Mood/Emotion"
"Store mein a winter jacket pe badi sale lagi hai agle mahine.","Shopping"
"aaj the new furniture we bought ke baare mein baat hui","General/Other"
"i just checked in for my road trip to Delhi","Travel"
"The store had a huge sale on a laptop bag from tomorrow but the delivery for a handbag is delayed next week.","Shopping"
"aakhirkar marketing plan close kar diya agle mahine kyunki mere bhai ne khush nahi hai audit checklist ke result se.","Work/Office"
"my landlord recommended a good brand for a pair of sneakers","Shopping"
"the office printer suddenly stopped working since yesterday but i need to reset the office printer completely.","Technology"
"We ordered dosa for dinner today.","Food"
"is mahine wale the history assignment ko lekar nervous hoon.","Education"
"I have to submit the entrance exam for the past three days.","Education"
"performance review ko lekar meeting hai kal.","Work/Office"
"my smartwatch app achanak kaam karna band kar diya is hafte.","Technology"
"The delivery for a study lamp is delayed by Friday.","Shopping"
"The a handbag I ordered arrived damaged.","Shopping"
"mere cousin ne bola specialist ko dikhao ghutno mein dard ke liye.","Health"
"The delivery for a pair of sneakers is delayed this month though i ordered a new smartphone online next month.","Shopping"
"Hamari team hiring paperwork pe atki hui hai dopahar se.","Work/Office"
"the delivery guy helped me understand the scholarship application better.","Education"
"Main demotivated feel kar raha hoon us baat cheet ke baad.","Mood/Emotion"
"I noticed a documentary I watched while walking since Monday.","General/Other"
"We ordered paneer tikka for dinner since morning, but i tried making a fruit salad at home these days.","Food"
"I finally cleared my monthly budget since last week.","Finance"
"It's hard to explain but I feel completely drained since I've been so busy but it's hard to explain but I feel hopeful after getting that message.","Mood/Emotion"
"Aakhirkar project timeline close kar diya is mahine aur hamari team vendor contract pe atki hui hai kal se.","Work/Office"
"the thesis draft expectation se zyada tough nikal raha hai.","Education"
"I spent some time dealing with the garden we're planting since morning.","General/Other"
"I need to pay a fixed deposit tomorrow, but i need to pay this month's rent just now.","Finance"
"quarterly report ki deadline aage badh gayi aaj isliye thodi der mein work from home karke quarterly report complete karunga.","Work/Office"
"Teacher ne the class test ka extra homework de diya aur is weekend wale physics ko lekar nervous hoon.","Education"
"I couldn't sleep properly because of stomach pain by Friday and chest tightness has been bothering me for a couple of hours.","Health"
"Everyone at home was discussing the power cut yesterday since noon.","General/Other"
"I have to submit mathematics since morning.","Education"
"agle hafte physics submit karna hai","Education"
"kal se the practical exam submit karna hai uske alawa mummy ne the chemistry lab report samjhaane mein madad ki.","Education"
"I noticed the long queue at the grocery store while walking a few minutes ago.","General/Other"
"I need to pay the insurance premium this month because my neighbor advised me to review my savings account.","Finance"
"the operating system achanak kaam karna band kar diya subah se uske alawa my external hard drive baar crash ho raha hai is weekend.","Technology"
"kuch minute pehle the personal loan EMI pay karna hai isliye pichle teen din se this month's rent pay karna hai.","Finance"
"I need to exchange sunglasses for a different size, and on top of that the delivery for a set of headphones is delayed from tomorrow.","Shopping"
"Samajh nahi aa raha the office server itna slow kyun hai Friday tak.","Technology"
"Airport pe security check mein bahut time laga agle mahine, uske upar se abhi Manali wali road trip ke liye check-in kar liya.","Travel"
"i had to reinstall the Wi-Fi router next week because i had to reinstall the office printer since last week.","Technology"
"is mahine dinner mein pasta order kiya.","Food"
"kal raat se my email account reinstall karna pada","Technology"
"pichle hafte se wale the final exams ko lekar nervous hoon.","Education"
"Recovering slowly from chest tightness by Friday.","Health"
"It's hard to explain but I feel completely drained since things didn't go as planned because i woke up feeling nervous after hearing the news.","Mood/Emotion"
"I'm not sure whether to take a local train or drive to Ladakh, because i just checked in for my overnight bus to Kolkata.","Travel"
"boss ne ek jagah bataayi jahan ka a vegetable stir fry zabardast hai","Food"
"I finally cleared my credit score just now.","Finance"
"Sach kahoon toh lambe din ke baad, mann bahut nervous hai.","Mood/Emotion"
"my professor recommended a good brand for a laptop bag.","Shopping"
"We talked about the family gathering this weekend for a while by Friday.","General/Other"
"I've been dealing with nausea since yesterday.","Health"
"The airport security took forever since Monday.","Travel"
"I spent some time dealing with the family gathering this weekend since last night.","General/Other"
"my browser achanak kaam karna band kar diya Monday se.","Technology"
"client presentation submit kar diya kal se lekin abhi tak reply nahi aaya.","Work/Office"
"mere cousin ne the neighborhood cat ka zikr kiya baat cheet mein.","General/Other"
"I finally cleared my credit score next week.","Finance"
"Our team is stuck on the quarterly report next week","Work/Office"
"my external hard drive keeps crashing next month.","Technology"
"Sach kahoon toh purane dosto ki yaad aane se, mann bahut hopeful hai.","Mood/Emotion"
"I can't shake off this a little low feeling since I've been so busy.","Mood/Emotion"
"mummy ne ek jagah bataayi jahan ka tacos zabardast hai uske alawa pichle teen din se dinner mein rajma chawal order kiya.","Food"
"i noticed back pain today and it's not going away","Health"
"do din se Goa ghumne ka plan bana raha hoon.","Travel"
"we ordered idli sambar for dinner tomorrow","Food"
"the teacher helped me fix the operating system.","Technology"
"The restaurant's rajma chawal was absolutely delicious.","Food"
"Pata nahi kyun par sab kuch ek saath ho raha hai isliye bahut irritated lag raha hoon.","Mood/Emotion"
"aankhon mein dhundhlapan ki wajah se dopahar se kaam pe nahi ja paaya par meri behen ne bola thoda rest kar kaan mein infection thik ho jayega.","Health"
"kuch minute pehle dost aa rahe hain aur a vegetable stir fry banane ka plan hai.","Food"
"pichle hafte se the final exams submit karna hai, kyunki poori raat jaagkar the entrance exam complete kiya.","Education"
"I'm planning a trip to Ooty today.","Travel"
"my external hard drive baar crash ho raha hai kuch minute pehle par my external hard drive internet se connect hi nahi ho raha pichle teen din se.","Technology"
"kuch minute pehle the new software update reinstall karna pada uske alawa purana my phone baar hang hota tha isliye naya le liya.","Technology"
"after that argument, I've just been feeling restless.","Mood/Emotion"
"We finally closed the vendor contract since morning","Work/Office"
"my phone baar crash ho raha hai pichle teen din se.","Technology"
"i noticed the weather while walking since Monday","General/Other"
"We ordered biryani for dinner this morning.","Food"
"Friday tak the power cut yesterday ke baare mein baat hui.","General/Other"
"Professor ne the literature essay ki deadline badha di.","Education"
"I have to present the sprint review in front of the leadership by Friday.","Work/Office"
"I can't shake off this a bit lonely feeling after that conversation.","Mood/Emotion"
"I ordered a backpack online from tomorrow.","Shopping"
"I'm not sure whether to take a train or drive to Delhi.","Travel"
"kal raat se my smartwatch app reinstall karna pada.","Technology"
"abhi dinner mein rajma chawal order kiya.","Food"
"budget proposal ki deadline aage badh gayi agle hafte.","Work/Office"
"delivery wale ne ek jagah bataayi jahan ka dosa zabardast hai.","Food"
"Us naye cafe ka rajma chawal bahut mehenga tha.","Food"
"Manali wali connecting flight kaafi comfortable thi.","Travel"
"Ghar pe sab the garden we're planting ke baare mein baat kar rahe the kal se.","General/Other"
"Ghar pe sab the traffic on the way home ke baare mein baat kar rahe the is mahine.","General/Other"
"i feel like swelling in my ankle is getting worse since yesterday, because woke up with chest tightness and decided to rest today.","Health"
"kuch minute pehle dost aa rahe hain aur tacos banane ka plan hai par is weekend ghar pe idli sambar banane ki koshish ki.","Food"
"the office printer keeps crashing right now.","Technology"
"We're hosting friends since yesterday and planning to make butter chicken.","Food"
"The bank sent a notification about the insurance premium, while my a fixed deposit got auto-debited this month.","Finance"
"We're hosting friends since last week and planning to make momos.","Food"
"Ladakh wali local train kaafi comfortable thi.","Travel"
"i feel like a running nose is getting worse a few minutes ago","Health"
"We finally closed the onboarding documents tomorrow.","Work/Office"
"mere manager ne bola the electricity bill review karo, jabki monday se my bank statement pay karna hai.","Finance"
"purane dosto ki yaad aane se, bas ek ajeeb sa thoda anxious feeling aa rahi hai","Mood/Emotion"
"i feel like dizziness is getting worse this weekend","Health"
"agle mahine ghar pe dosa banane ki koshish ki.","Food"
"Monday se physics submit karna hai.","Education"
"my colleague helped me understand physics better","Education"
"I ordered a pair of sneakers online right now.","Shopping"
"i need to finish the audit checklist before this afternoon","Work/Office"
"abhi the office printer reinstall karna pada.","Technology"
"is weekend leadership ke saamne sprint review present karna hai.","Work/Office"
"Pichle chhe mahino se entrance exam ki taiyari kar raha hoon, aur confidence toh badha hai lekin date jaise paas aa rahi hai pressure bhi badh raha hai.","Education"
"my roommate recommended a good brand for a kitchen mixer, and on top of that customer support recommended a good brand for a formal shirt.","Shopping"
"my colleague helped me understand the class test better.","Education"
"sar dard ki wajah se agle hafte kaam pe nahi ja paaya, kyunki mere bhai ne bola specialist ko dikhao sar dard ke liye.","Health"
"I just checked in for my overnight bus to Ooty.","Travel"
"I've been feeling extremely dizzy since breakfast and I'm worried it might be something serious so I booked an appointment with my doctor for this afternoon.","Health"
"kuch ghanton se sar dard thik nahi ho raha.","Health"
"the new furniture we bought ke baare mein kuch interesting padha.","General/Other"
"my cousin asked me to revise the sprint review this month.","Work/Office"
"cheezein plan ke hisaab se na hone ki wajah se bas ek ajeeb sa hopeful feeling aa rahi hai","Mood/Emotion"
"Abhi Dubai wali local train ke liye check-in kar liya, aur aakhirkar Varanasi ke liye flight ki ticket book kar li.","Travel"
"My bank statement got auto-debited next week.","Finance"
"the mobile app baar crash ho raha hai Monday se.","Technology"
"kuch minute pehle random mein the power cut yesterday ki baat chal padi","General/Other"
"Ooty wali road trip kaafi comfortable thi","Travel"
"I couldn't sleep properly because of back pain today, and on top of that recovering slowly from loose motions since last week.","Health"
"Our cab to Kerala got delayed since Monday.","Travel"
"teacher ne ek jagah bataayi jahan ka tacos zabardast hai.","Food"
"parso online a pair of jeans order kiya","Shopping"
"the tax filing auto-debit ho gaya aaj","Finance"
"customer support wale ne the long queue at the grocery store ka zikr kiya baat cheet mein","General/Other"
"Aakhirkar my mutual fund investment clear kar diya aaj shaam ko.","Finance"
"monday se the family gathering this weekend ke baare mein baat hui","General/Other"
"I tried making tacos at home this weekend.","Food"
"Mujhe do din se pet dard ho raha hai.","Health"
"Aakhirkar my mutual fund investment clear kar diya agle mahine.","Finance"
"i'm planning a trip to Bangalore for the past three days","Travel"
"There's a strange feeling of being so frustrated after a long day.","Mood/Emotion"
"Kamar dard sehen nahi ho raha.","Health"
"Aakhirkar my bank statement clear kar diya aajkal aur mere bhai ne bola my online banking review karo.","Finance"
"My salary got auto-debited this morning.","Finance"
"I tried making pasta at home for the past three days","Food"
"I have to submit the literature essay next week since i have to submit the group presentation this month.","Education"
"The delivery for a winter jacket is delayed next month.","Shopping"
"I need to finish the budget proposal before right now.","Work/Office"
"my monthly budget auto-debit ho gaya agle mahine","Finance"
"aaj shaam ko dinner mein a vegetable stir fry order kiya, jabki teacher ne ek jagah bataayi jahan ka a vegetable stir fry zabardast hai.","Food"
"I couldn't concentrate on the thesis draft because of the noise so i stayed up all night finishing the group presentation.","Education"
"I finally booked a local train ticket to Dubai.","Travel"
"The pharmacist gave me some tablets for an ear infection, so i noticed stomach pain since two days and it's not going away.","Health"
"I'm planning a trip to Kolkata this evening plus i finally booked a flight ticket to Varanasi.","Travel"
"I woke up feeling hopeful without any clear reason","Mood/Emotion"
"subah se Ooty ghumne ka plan bana raha hoon, aur samajh nahi aa raha overnight bus loon ya khud drive karke Delhi jaaun.","Travel"
"Main demotivated feel kar raha hoon future ke baare mein soch kar.","Mood/Emotion"
"Store mein a backpack pe badi sale lagi hai kuch minute pehle, lekin a dining table ki delivery late ho rahi hai raat se.","Shopping"
"dopahar se random mein the long queue at the grocery store ki baat chal padi.","General/Other"
"Everyone at home was discussing the new furniture we bought this morning.","General/Other"
"the new software update won't connect to the internet this morning, while the office server suddenly stopped working next week.","Technology"
"I'm craving idli sambar right now.","Food"
"my friend suggested I see a specialist because of stomach pain since i feel like body aches is getting worse just now.","Health"
"my neighbor advised me to review my monthly budget.","Finance"
"marketing plan ko lekar meeting hai aaj.","Work/Office"
"after getting that message, I've just been feeling nervous, because honestly, I feel a little low thinking about the future.","Mood/Emotion"
"There's a strange feeling of being unusually calm because I miss my old friends","Mood/Emotion"
"I have to submit mathematics by Friday.","Education"
"dopahar se work from home karke budget proposal complete karunga.","Work/Office"
"the teacher helped me understand the literature essay better.","Education"
"I'm planning a trip to Dubai since morning.","Travel"
"i've been feeling really happy thinking about the future","Mood/Emotion"
"Aakhirkar my savings account clear kar diya kal raat se.","Finance"
"I'm planning a trip to Udaipur since last night, but i'm planning a trip to Dubai next month.","Travel"
"my friend recommended a good brand for a kitchen mixer.","Shopping"
"mere colleague ne the scholarship application samjhaane mein madad ki, aur raat se the literature essay submit karna hai.","Education"
"I woke up feeling really happy since I've been so busy","Mood/Emotion"
"boss ne bola specialist ko dikhao loose motion ke liye.","Health"
"ghar pe sab the garden we're planting ke baare mein baat kar rahe the dopahar se","General/Other"
"I need to pack for Darjeeling this evening since we're renting a car once we reach Kolkata.","Travel"
"I've been feeling quite anxious after finishing the task finally.","Mood/Emotion"
"a cheese pizza bahut spicy tha, poora khaya hi nahi gaya.","Food"
"I've been feeling extremely stressed because I miss my old friends, while i can't shake off this nervous feeling since the plans got cancelled.","Mood/Emotion"
"Sach kahoon toh cheezein plan ke hisaab se na hone ki wajah se, mann bahut akela hai.","Mood/Emotion"
"Main kaafi khush feel kar raha hoon us bahas ke baad.","Mood/Emotion"
"My bank statement got auto-debited by Friday","Finance"
"After comparing prices across at least four different websites, I finally decided to buy the smartwatch during the festive sale since it was almost forty percent off.","Shopping"
"my phone keeps crashing from tomorrow.","Technology"
"I have to submit the semester project tomorrow.","Education"
"bas ek reminder the new furniture we bought ke baare mein","General/Other"
"mere manager ne the office server fix karne mein madad ki.","Technology"
"the teacher mentioned the noisy construction nearby during our chat.","General/Other"
"the teacher recommended a good brand for a formal shirt.","Shopping"
"Aaj clinic jaana hai gale mein kharash check karwane, isliye blood test karwaya halka bukhar ki wajah se.","Health"
"is mahine ghar pe a fruit salad banane ki koshish ki, isliye dopahar se ghar pe momos banane ki koshish ki.","Food"
"aajkal se gale mein kharash thik nahi ho raha","Health"
"pichle hafte se dinner mein noodles order kiya.","Food"
"Mujhe subah se skin par rash ho raha hai, aur aaj shaam ko se jee michlana thik nahi ho raha.","Health"
"pichle teen din se Jaipur ghumne ka plan bana raha hoon","Travel"
"Yeh demotivated wala feeling jaa hi nahi raha us bahas ke baad.","Mood/Emotion"
"Results are out finally.","Education"
"the shopkeeper helped me fix my smartwatch app.","Technology"
"Lately I feel quite anxious thinking about the future, and I don't know why.","Mood/Emotion"
"project timeline ko lekar meeting hai aaj shaam ko lekin mere roommate ne vendor contract ke baare mein call rakhi hai Monday se.","Work/Office"
"Laptop abhi crash ho gaya.","Technology"
"dopahar se online sunglasses order kiya","Shopping"
"There's a strange feeling of being pretty disappointed after a long day","Mood/Emotion"
"the weekend plans came up randomly in conversation right now.","General/Other"
"We're hosting friends just now and planning to make pancakes.","Food"
"parso ghar pe grilled sandwiches banane ki koshish ki jabki thodi der mein ghar pe tacos banane ki koshish ki.","Food"
"agle hafte this month's rent pay karna hai","Finance"
"my sister is not happy with how the code review turned out.","Work/Office"
"Pata nahi kyun par sab kuch ek saath ho raha hai isliye bahut motivated lag raha hoon.","Mood/Emotion"
"I took a half day these days to catch up on the status update, because my mother scheduled a call about the quarterly report since two days.","Work/Office"
"I've been trying to build an emergency fund for months, but between rent, EMIs, and other monthly expenses, saving consistently has been harder than expected.","Finance"
"delivery wale ne ek achi brand suggest ki a winter jacket ke liye, kyunki landlord ne ek achi brand suggest ki a backpack ke liye.","Shopping"
"customer support recommended a place that serves amazing noodles.","Food"
"we finally closed the vendor contract this weekend","Work/Office"
"mere bhai ne the scholarship application samjhaane mein madad ki.","Education"
"Bataana mushkil hai lekin kuch bhi thik nahi ho raha isliye bahut akela hoon.","Mood/Emotion"
"is weekend ghar pe dosa banane ki koshish ki","Food"
"the electricity bill auto-debit ho gaya aaj shaam ko.","Finance"
"Pata nahi kyun par bina kisi wajah ke bahut thoda low lag raha hoon.","Mood/Emotion"
"The store had a huge sale on a study lamp a few minutes ago because customer support recommended a good brand for a kitchen mixer.","Shopping"
"Monday se walk karte waqt the noisy construction nearby dikha.","General/Other"
"I'm nervous about the semester project scheduled tomorrow","Education"
"I ordered a smartwatch online last night.","Shopping"
"my browser won't connect to the internet this month","Technology"
"Aakhirkar my savings account clear kar diya dopahar se par boss ne bola the loan application review karo.","Finance"
"I can't figure out why the office printer is so slow for the past three days.","Technology"
"acidity ke liye appointment book karwa liya hai aur kal se naak behna pareshan kar raha hai.","Health"
"boss ne the literature essay samjhaane mein madad ki.","Education"
"i'm nervous about the thesis draft scheduled this evening, though i have to submit the semester project from tomorrow.","Education"
"I finally booked a overnight bus ticket to Shimla since i'm planning a trip to Shimla just now.","Travel"
"The store had a huge sale on a pair of running shoes for a couple of hours","Shopping"
"Lunch skip karke seedha tacos kha liya.","Food"
"yeh akela wala feeling jaa hi nahi raha us bahas ke baad","Mood/Emotion"
"I feel like nausea is getting worse today.","Health"
"store mein a pair of jeans pe badi sale lagi hai thodi der mein","Shopping"
"Aakhirkar Singapore ke liye connecting flight ki ticket book kar li.","Travel"
"the personal loan EMI auto-debit ho gaya kuch minute pehle jabki aakhirkar the personal loan EMI clear kar diya pichle hafte se.","Finance"
"mummy ne bola my monthly budget review karo","Finance"
"abhi the loan application pay karna hai.","Finance"
"the personal loan EMI auto-debit ho gaya Monday se","Finance"
"It's hard to explain but I feel irritated since the plans got cancelled.","Mood/Emotion"
"I've been feeling extremely stressed after getting that message.","Mood/Emotion"
"I need to pay a fixed deposit since two days, because i'm trying to figure out my salary this month.","Finance"
"aajkal online a new smartphone order kiya.","Shopping"
"Subah se hi bahut stressed mehsoos ho raha hai us baat cheet ke baad.","Mood/Emotion"
"I transferred some money to cover my bank statement.","Finance"
"I noticed loose motions this evening and it's not going away, because i couldn't sleep properly because of a sore throat since noon.","Health"
"landlord ne ek jagah bataayi jahan ka noodles zabardast hai isliye agle mahine dost aa rahe hain aur dosa banane ka plan hai.","Food"
"Mumbai ke itinerary mein bahut saari sightseeing hai.","Travel"
"aajkal wale the online course ko lekar nervous hoon, lekin customer support wale ne mathematics samjhaane mein madad ki.","Education"
"the office server baar crash ho raha hai do din se uske alawa the office server internet se connect hi nahi ho raha is mahine.","Technology"
"agle hafte dost aa rahe hain aur idli sambar banane ka plan hai.","Food"
"My this month's rent got auto-debited a few minutes ago, but i finally cleared my monthly budget since morning.","Finance"
"cheezein plan ke hisaab se na hone ki wajah se, bas ek ajeeb sa thoda anxious feeling aa rahi hai.","Mood/Emotion"
"Lunch skip karke seedha a fruit salad kha liya.","Food"
"Us naye cafe ka grilled sandwiches bahut mehenga tha.","Food"
"Singapore wali road trip kaafi comfortable thi.","Travel"
"the company website achanak kaam karna band kar diya abhi.","Technology"
"We ordered momos for dinner right now.","Food"
"Kai mahino ki planning ke baad aakhirkar humne Kerala ki flights book kar li hain aur main backwaters ki photos dekh kar hi excited ho raha hoon.","Travel"
"thodi der mein dost aa rahe hain aur pav bhaji banane ka plan hai uske alawa pichle teen din se dost aa rahe hain aur pav bhaji banane ka plan hai.","Food"
"Bataana mushkil hai lekin sab kuch ek saath ho raha hai isliye bahut thoda anxious hoon.","Mood/Emotion"
"agle hafte my phone reinstall karna pada.","Technology"
"hamari team status update pe atki hui hai agle hafte","Work/Office"
"I need to pay the insurance premium this evening.","Finance"
"Friday tak wale the group presentation ko lekar nervous hoon.","Education"
"since the plans got cancelled, I've just been feeling demotivated.","Mood/Emotion"
"Yeh bahut overwhelmed wala feeling jaa hi nahi raha us baat cheet ke baad.","Mood/Emotion"
"Aakhirkar the electricity bill clear kar diya Friday tak, aur aaj shaam ko my credit score pay karna hai.","Finance"
"There's a strange feeling of being so frustrated after that argument.","Mood/Emotion"
"dukaandaar ne the office server fix karne mein madad ki.","Technology"
"my father recommended a good brand for a formal shirt","Shopping"
"Pata nahi kyun par lambe din ke baad bahut thoda low lag raha hoon.","Mood/Emotion"
"There's a strange feeling of being quite anxious because I miss my old friends.","Mood/Emotion"
"i finally booked a local train ticket to Darjeeling","Travel"
"subah se the neighborhood cat ke baare mein baat hui","General/Other"
"Ghar pe sab the neighborhood cat ke baare mein baat kar rahe the pichle teen din se","General/Other"
"Our overnight bus to Ooty got delayed a few minutes ago while our flight to Manali got delayed this afternoon.","Travel"
"We ordered tacos for dinner by Friday.","Food"
"Our road trip to Ooty got delayed right now.","Travel"
"I finally cleared a fixed deposit since last week.","Finance"
"Aakhirkar my online banking clear kar diya raat se.","Finance"
"subah se random mein a documentary I watched ki baat chal padi","General/Other"
"is hafte ghar pe tacos banane ki koshish ki.","Food"
"dopahar se mathematics submit karna hai.","Education"
"thodi der mein online a backpack order kiya, jabki store mein a smartwatch pe badi sale lagi hai is hafte.","Shopping"
"Lately I feel unusually calm since things didn't go as planned, and I don't know why.","Mood/Emotion"
"a fixed deposit auto-debit ho gaya Friday tak","Finance"
"client presentation ki deadline aage badh gayi is weekend, lekin hamari team vendor contract pe atki hui hai kuch ghanton se.","Work/Office"
"my colleague mentioned the weather during our chat.","General/Other"
"the electricity bill auto-debit ho gaya abhi.","Finance"
"subah se my browser reinstall karna pada.","Technology"
"Store mein a laptop bag pe badi sale lagi hai is weekend","Shopping"
"pichle teen din se the scholarship application submit karna hai","Education"
"kuch minute pehle ghar pe pav bhaji banane ki koshish ki.","Food"
"I'm nervous about the entrance exam scheduled just now.","Education"
"Dubai wali road trip kal se delay ho gayi.","Travel"
"Monday se walk karte waqt the community meeting dikha.","General/Other"
"The store had a huge sale on a smartwatch from tomorrow.","Shopping"
"We ordered paneer tikka for dinner by Friday.","Food"
"I tried making tacos at home this month.","Food"
"the traffic on the way home came up randomly in conversation for the past three days","General/Other"
"This discount is amazing.","Shopping"
"We ordered noodles for dinner by Friday.","Food"
"aaj the festival preparations ke baare mein baat hui.","General/Other"
"a kitchen mixer ki delivery late ho rahi hai dopahar se","Shopping"
"dopahar se dinner mein pasta order kiya","Food"
"professor ne ek jagah bataayi jahan ka a vegetable stir fry zabardast hai.","Food"
"I'm nervous about physics scheduled right now.","Education"
"kal dinner mein dosa order kiya","Food"
"Everyone at home was discussing the community meeting from tomorrow, since the noisy construction nearby came up randomly in conversation since Monday.","General/Other"
"mere manager ne ek achi brand suggest ki a handbag ke liye.","Shopping"
"my father scheduled a call about the project timeline next month.","Work/Office"
"The delivery for a set of headphones is delayed for the past three days.","Shopping"
"is weekend tak code review complete karna hai.","Work/Office"
"Lately I feel emotionally exhausted because nothing seems to be going right, and I don't know why.","Mood/Emotion"
"The store had a huge sale on a study lamp for a couple of hours.","Shopping"
"There's a strange feeling of being unusually calm since the plans got cancelled.","Mood/Emotion"
"Aakhirkar a fixed deposit clear kar diya aajkal lekin aakhirkar the tax filing clear kar diya kal.","Finance"
"I noticed the traffic on the way home while walking in a while","General/Other"
"Mujhe dopahar se acidity ho raha hai.","Health"
"the biryani at that new cafe was overpriced","Food"
"customer support wale ne bola thoda rest kar kaafi khaansi thik ho jayega.","Health"
"kal raat se kamzori thik nahi ho raha, par pet dard ki wajah se Monday se kaam pe nahi ja paaya.","Health"
"I couldn't sleep properly because of a migraine since two days.","Health"
"I'm not sure whether to take a connecting flight or drive to Rishikesh since i need to pack for Kolkata since two days.","Travel"
"Ghar pe sab the new furniture we bought ke baare mein baat kar rahe the is weekend.","General/Other"
"dukaandaar ne khush nahi hai client presentation ke result se","Work/Office"
"my laptop baar crash ho raha hai agle hafte.","Technology"
"I tried making biryani at home these days.","Food"
"I've been feeling restless after a long day.","Mood/Emotion"
"sach kahoon toh aakhirkar kaam khatam karne ke baad mann bahut thoda low hai","Mood/Emotion"
"We talked about the new furniture we bought for a while a few minutes ago.","General/Other"
"is hafte online sunglasses order kiya.","Shopping"
"I'm returning a laptop bag because it didn't fit","Shopping"
"I tried making tacos at home tomorrow.","Food"
"dopahar se the garden we're planting ke baare mein baat hui","General/Other"
"We're hosting friends this evening and planning to make a vegetable stir fry.","Food"
"Is hafte the weather ke baare mein baat karni chahiye.","General/Other"
"is mahine dinner mein a cheese pizza order kiya.","Food"
"I just checked in for my connecting flight to Udaipur.","Travel"
"the new software update internet se connect hi nahi ho raha is mahine.","Technology"
"kal raat se dinner mein a cheese pizza order kiya.","Food"
"Monday se thoda time the power cut yesterday sambhalne mein laga.","General/Other"
"thodi der mein a fixed deposit pay karna hai, jabki my salary pay karne ke liye reminder laga diya.","Finance"
"Delhi wali train Friday tak delay ho gayi.","Travel"
"the insurance premium auto-debit ho gaya abhi.","Finance"
"the office server internet se connect hi nahi ho raha kal isliye the company website baar crash ho raha hai is hafte.","Technology"
"I couldn't sleep properly because of dizziness these days, while stomach pain has been bothering me a few minutes ago.","Health"
"Honestly, I feel so frustrated after hearing the news.","Mood/Emotion"
"my manager asked me to revise the quarterly report this weekend.","Work/Office"
"aajkal the online course submit karna hai.","Education"
"Recovering slowly from swelling in my ankle in a while because the pharmacist gave me some tablets for dizziness.","Health"
"Ghar pe sab the long queue at the grocery store ke baare mein baat kar rahe the agle mahine.","General/Other"
"agle mahine random mein a documentary I watched ki baat chal padi.","General/Other"
"delivery wale ne audit checklist ke baare mein call rakhi hai is hafte.","Work/Office"
"The delivery for sunglasses is delayed next week though i ordered a set of headphones online this weekend.","Shopping"
"We talked about a documentary I watched for a while next month.","General/Other"
"I finally booked a cab ticket to Bangalore.","Travel"
"my landlord recommended a place that serves amazing dosa.","Food"
"my neighbor advised me to review my credit card bill.","Finance"
"Aaj kaafi shaant din raha, bas the traffic on the way home ke baare mein soch raha tha.","General/Other"
"i have to submit the scholarship application since morning","Education"
"aaj ghar pe pancakes banane ki koshish ki","Food"
"mere dost ne ek jagah bataayi jahan ka tacos zabardast hai","Food"
"We talked about the noisy construction nearby for a while right now.","General/Other"
"kal se acidity pareshan kar raha hai","Health"
"kuch bhi thik nahi ho raha isliye, bas ek ajeeb sa emotionally thaka hua feeling aa rahi hai.","Mood/Emotion"
"I tried making pancakes at home this weekend.","Food"
"I'm nervous about the scholarship application scheduled since last night, though i'm nervous about the practical exam scheduled tomorrow.","Education"
"do din se ghar pe a vegetable stir fry banane ki koshish ki.","Food"
"my sister asked me to revise the status update since last week.","Work/Office"
"abhi tak status update complete karna hai","Work/Office"
"dopahar se online a smartwatch order kiya.","Shopping"
"my smartwatch app suddenly stopped working next week","Technology"
"It's hard to explain but I feel a bit lonely after that conversation.","Mood/Emotion"
"is mahine random mein the festival preparations ki baat chal padi.","General/Other"
"We finally closed the onboarding documents a few minutes ago.","Work/Office"
"my browser baar crash ho raha hai pichle teen din se.","Technology"
"store mein a laptop bag pe badi sale lagi hai aaj","Shopping"
"It's hard to explain but I feel restless after that argument.","Mood/Emotion"
"aajkal online a handbag order kiya","Shopping"
"kuch minute pehle online a pair of jeans order kiya, uske upar se store mein a pair of sneakers pe badi sale lagi hai kal se.","Shopping"
"I'm nervous about the chemistry lab report scheduled since last week.","Education"
"meri behen ne bola my mutual fund investment review karo.","Finance"
"I need to pack for Mumbai since noon.","Travel"
"teacher ne ek jagah bataayi jahan ka idli sambar zabardast hai, aur delivery wale ne ek jagah bataayi jahan ka rajma chawal zabardast hai.","Food"
"my professor recommended a good brand for a backpack, but the delivery for a pair of running shoes is delayed from tomorrow.","Shopping"
"kal se the coding assignment submit karna hai aur agle hafte the practical exam submit karna hai.","Education"
"aaj random mein the weather ki baat chal padi.","General/Other"
"ghar pe sab the traffic on the way home ke baare mein baat kar rahe the pichle teen din se","General/Other"
"i need to pay the loan application next week","Finance"
"dopahar se the office printer reinstall karna pada.","Technology"
"Store mein a new smartphone pe badi sale lagi hai kuch ghanton se par dopahar se online a pair of running shoes order kiya.","Shopping"
"aajkal wale the history assignment ko lekar nervous hoon, par mere roommate ne the coding assignment samjhaane mein madad ki.","Education"
"I finally cleared my bank statement a few minutes ago.","Finance"
"Aakhirkar the personal loan EMI clear kar diya parso kyunki my online banking auto-debit ho gaya Friday tak.","Finance"
"Kai baar galat password try karne ke baad email account lock ho gaya, ab access wapas paane ke liye poora verification process karna padega.","Technology"
"skin par rash ki wajah se kuch ghanton se kaam pe nahi ja paaya.","Health"
"aaj shaam ko a fixed deposit pay karna hai.","Finance"
"The store had a huge sale on a pair of jeans right now, and on top of that i ordered a dining table online from tomorrow.","Shopping"
"I have to submit the history assignment a few minutes ago.","Education"
"delivery wale ne ek achi brand suggest ki a kitchen mixer ke liye","Shopping"
"my neighbor recommended a good brand for a study lamp.","Shopping"
"subah se hi restless mehsoos ho raha hai aakhirkar kaam khatam karne ke baad","Mood/Emotion"
"my email account keeps crashing since last week.","Technology"
"kal online a smartwatch order kiya","Shopping"
"my phone achanak kaam karna band kar diya abhi","Technology"
"The pancakes at that new cafe was overpriced.","Food"
"agle mahine random mein the garden we're planting ki baat chal padi","General/Other"
"recovering slowly from a running nose these days","Health"
"doctor ne the chemistry lab report samjhaane mein madad ki, aur agle hafte wale the coding assignment ko lekar nervous hoon.","Education"
"Aakhirkar this month's rent clear kar diya kal, lekin my bank statement auto-debit ho gaya kuch ghanton se.","Finance"
"My the electricity bill got auto-debited these days.","Finance"
"aaj shaam ko ghar pe pasta banane ki koshish ki.","Food"
"I noticed the long queue at the grocery store while walking since morning.","General/Other"
"My a fixed deposit got auto-debited since Monday","Finance"
"Store mein a pair of running shoes pe badi sale lagi hai agle mahine aur subah se online a laptop bag order kiya.","Shopping"
"mere colleague ne an old photo album ka zikr kiya baat cheet mein.","General/Other"
"teacher ne bola project timeline revise karo Monday se aur landlord ne code review ke baare mein call rakhi hai aaj.","Work/Office"
"I ordered a smartwatch online tomorrow.","Shopping"
"mere dost ne ek achi brand suggest ki a new smartphone ke liye","Shopping"
"Yeh nervous wala feeling jaa hi nahi raha bina kisi wajah ke.","Mood/Emotion"
"Friday tak dinner mein biryani order kiya","Food"
"I can't figure out why my browser is so slow from tomorrow, and on top of that i updated my email account and now nothing works properly.","Technology"
"The loan application process took much longer than I anticipated because the bank kept asking for additional documents every other week.","Finance"
"I can't figure out why the office printer is so slow since last week","Technology"
"i noticed joint pain since yesterday and it's not going away since a migraine has been bothering me since Monday.","Health"
"I finally cleared the tax filing tomorrow.","Finance"
"Aajkal kaafi disappointed feel ho raha hai wo message padhne ke baad.","Mood/Emotion"
"my password manager achanak kaam karna band kar diya abhi","Technology"
"delivery wale ne the coding assignment samjhaane mein madad ki, uske upar se mere manager ne mathematics samjhaane mein madad ki.","Education"
"We ordered a fruit salad for dinner last night.","Food"
"I ordered a pair of jeans online from tomorrow.","Shopping"
"aaj kaafi shaant din raha bas the neighbor's new dog ke baare mein soch raha tha","General/Other"
"I need to pay this month's rent tomorrow.","Finance"
"kuch ghanton se thoda time the long queue at the grocery store sambhalne mein laga","General/Other"
"Mujhe is mahine se gale mein kharash ho raha hai","Health"
"Aakhirkar paneer tikka ki recipe perfect ho gayi meri halaanki mere cousin ne ek jagah bataayi jahan ka paneer tikka zabardast hai.","Food"
"Mujhe thodi der mein se chakkar ho raha hai.","Health"
"the tax filing jaldi close karne ke liye paise bacha raha hoon.","Finance"
"Recovering slowly from chest tightness since Monday.","Health"
"I couldn't sleep properly because of a headache since last week.","Health"
"I noticed the neighborhood cat while walking for a couple of hours.","General/Other"
"the electricity bill jaldi close karne ke liye paise bacha raha hoon.","Finance"
"Lately I feel completely drained after a long day, and I don't know why.","Mood/Emotion"
"The deadline for the onboarding documents got moved up since last week, because our team is stuck on the sprint review since yesterday.","Work/Office"
"Pichle hafte order ki hui jacket sleeve ke paas se thodi phati hui aayi, ab dobara return aur refund process karna padega.","Shopping"
"I noticed the traffic on the way home while walking since two days.","General/Other"
"mere manager ne ek jagah bataayi jahan ka tacos zabardast hai.","Food"
"mere bhai ne bola my credit card bill review karo par aakhirkar my salary clear kar diya do din se.","Finance"
"We ordered pasta for dinner for a couple of hours.","Food"
"I spent some time dealing with the traffic on the way home for the past three days.","General/Other"
"Pichle hafte final exams ke liye study group join kiya, aur sach mein doosron ke saath tricky topics discuss karne se kaafi madad mili samajhne mein.","Education"
"is mahine walk karte waqt the garden we're planting dikha.","General/Other"
"my laptop baar crash ho raha hai kuch ghanton se, kyunki kuch ghanton se the Wi-Fi router reinstall karna pada.","Technology"
"Samajh nahi aa raha cab loon ya khud drive karke Varanasi jaaun.","Travel"
"kal tak vendor contract complete karna hai","Work/Office"
"I've been dealing with chest tightness next month","Health"
"The delivery for a formal shirt is delayed this morning, while i ordered a study lamp online this weekend.","Shopping"
"Aakhirkar my bank statement clear kar diya Friday tak halaanki teacher ne bola the personal loan EMI review karo.","Finance"
"Samajh nahi aa raha the company website itna slow kyun hai kal","Technology"
"I'm nervous about the group presentation scheduled this morning but i'm nervous about the coding assignment scheduled since last week.","Education"
"I finally perfected my recipe for dosa","Food"
"I noticed the noisy construction nearby while walking since Monday.","General/Other"
"my credit score auto-debit ho gaya aajkal","Finance"
"Airport pe security check mein bahut time laga dopahar se.","Travel"
"Lately I feel hopeful because of everything going on lately, and I don't know why, but lately I feel pretty disappointed after finishing the task finally and I don't know why.","Mood/Emotion"
"Our flight to Rishikesh got delayed this weekend.","Travel"
"thodi der mein walk karte waqt the community meeting dikha.","General/Other"
"after a long day, I've just been feeling really excited, but i can't shake off this emotionally exhausted feeling after that argument.","Mood/Emotion"
"The store had a huge sale on a laptop bag since two days because the store had a huge sale on a pair of sneakers this morning.","Shopping"
"my colleague advised me to review my savings account and i need to pay the tax filing next month.","Finance"
"my brother recommended a good brand for a laptop bag.","Shopping"
"I have to submit the group presentation this weekend so i'm nervous about the scholarship application scheduled right now.","Education"
"papa ne ek achi brand suggest ki a formal shirt ke liye.","Shopping"
"Aajkal bahut excited feel ho raha hai sab kuch ek saath ho raha hai isliye.","Mood/Emotion"
"I need to pack for Varanasi for a couple of hours","Travel"
"I ordered a backpack online since morning.","Shopping"
"I couldn't sleep properly because of stomach pain from tomorrow","Health"
"halka bukhar ki wajah se agle hafte kaam pe nahi ja paaya.","Health"
"Store mein a pair of sneakers pe badi sale lagi hai thodi der mein.","Shopping"
"is weekend Singapore ke liye packing karni hai.","Travel"
"the traffic on the way home came up randomly in conversation next week.","General/Other"
"project timeline submit kar diya is mahine lekin abhi tak reply nahi aaya.","Work/Office"
"our cab to Darjeeling got delayed this afternoon","Travel"
"the teacher helped me understand the scholarship application better.","Education"
"kuch minute pehle ghar pe paneer tikka banane ki koshish ki","Food"
"delivery wale ne the practical exam samjhaane mein madad ki","Education"
"I noticed acidity right now and it's not going away.","Health"
"do din se the insurance premium pay karna hai.","Finance"
"Store mein a kitchen mixer pe badi sale lagi hai is weekend.","Shopping"
"the teacher recommended a good brand for a smartwatch.","Shopping"
"I'll be working from home for the past three days to complete the status update, while my neighbor asked me to revise the budget proposal by Friday.","Work/Office"
"the insurance premium auto-debit ho gaya agle mahine kyunki abhi my mutual fund investment pay karna hai.","Finance"
"kal se wale the thesis draft ko lekar nervous hoon, aur pichle teen din se wale the class test ko lekar nervous hoon.","Education"
"Sach kahoon toh kuch bhi thik nahi ho raha isliye, mann bahut thoda anxious hai.","Mood/Emotion"
"parso the group presentation submit karna hai.","Education"
"I can't figure out why the office printer is so slow next week, so my roommate helped me fix my password manager.","Technology"
"aajkal the loan application pay karna hai.","Finance"
"The store had a huge sale on a kitchen mixer this morning.","Shopping"
"I need to reset my browser completely.","Technology"
"my smartwatch app won't connect to the internet today.","Technology"
"I'm troubleshooting the mobile app right now.","Technology"
"parso random mein the neighbor's new dog ki baat chal padi.","General/Other"
"my friend recommended a place that serves amazing momos.","Food"
"kuch bhi thik nahi ho raha isliye, bas ek ajeeb sa kaafi frustrated feeling aa rahi hai.","Mood/Emotion"
"I finally booked a flight ticket to Bangalore, but i'm planning a trip to Rishikesh since noon.","Travel"
"my mother helped me understand the class test better plus i couldn't concentrate on the semester project because of the noise.","Education"
"my boss mentioned the family gathering this weekend during our chat and we talked about the weekend plans for a while for a couple of hours.","General/Other"
"the delivery guy recommended a good brand for a winter jacket.","Shopping"
"I've been feeling proud after that argument.","Mood/Emotion"
"Lunch skip karke seedha grilled sandwiches kha liya.","Food"
"pichle teen din se dost aa rahe hain aur a fruit salad banane ka plan hai.","Food"
"I've been dealing with stomach pain this evening since customer support suggested I see a specialist because of swelling in my ankle.","Health"
"aaj online sunglasses order kiya.","Shopping"
"the mobile app won't connect to the internet for a couple of hours.","Technology"
"the loan application auto-debit ho gaya kal se.","Finance"
"aaj dost aa rahe hain aur momos banane ka plan hai halaanki kuch ghanton se dinner mein paneer tikka order kiya.","Food"
"parso thoda time the weather sambhalne mein laga.","General/Other"
"I took a half day for a couple of hours to catch up on the hiring paperwork.","Work/Office"
"agle hafte work from home karke sprint review complete karunga.","Work/Office"
"mere bhai ne khush nahi hai vendor contract ke result se","Work/Office"
"I ordered a laptop bag online since morning","Shopping"
"Abhi the noisy construction nearby ke baare mein soch raha tha.","General/Other"
"Honestly, I feel so frustrated thinking about the future.","Mood/Emotion"
"Shimla wali cab kaafi comfortable thi.","Travel"
"Khaansi ruk hi nahi rahi.","Health"
"is mahine Darjeeling ghumne ka plan bana raha hoon","Travel"
"papa ne the neighbor's new dog ka zikr kiya baat cheet mein","General/Other"
"Main nervous feel kar raha hoon kuch bhi thik nahi ho raha isliye.","Mood/Emotion"
"the Wi-Fi router baar crash ho raha hai pichle hafte se.","Technology"
"There's a strange feeling of being completely drained because of everything going on lately","Mood/Emotion"
"do din se Ooty ghumne ka plan bana raha hoon, aur mumbai wali road trip abhi delay ho gayi.","Travel"
"agle hafte online a laptop bag order kiya","Shopping"
"parso se kamzori thik nahi ho raha","Health"
"Aaj clinic jaana hai aankhon mein dhundhlapan check karwane, jabki mujhe abhi se aankhon mein dhundhlapan ho raha hai.","Health"
"I noticed a bad cough this weekend and it's not going away.","Health"
"mere roommate ne the thesis draft samjhaane mein madad ki, jabki customer support wale ne the semester project samjhaane mein madad ki.","Education"
"I ordered a pair of jeans online since last week.","Shopping"
"pichle teen din se random mein the long queue at the grocery store ki baat chal padi","General/Other"
"the teacher advised me to review my online banking since i need to pay a fixed deposit this morning.","Finance"
"Our team is stuck on the code review since noon.","Work/Office"
"professor ne ek jagah bataayi jahan ka grilled sandwiches zabardast hai.","Food"
"I tried making rajma chawal at home right now and we're hosting friends for the past three days and planning to make tacos.","Food"
"I ordered a kitchen mixer online this evening and the delivery for a winter jacket is delayed for a couple of hours.","Shopping"
"my colleague suggested I see a specialist because of weakness","Health"
"sach kahoon toh aakhirkar kaam khatam karne ke baad mann bahut stressed hai","Mood/Emotion"
"my father asked me to revise the client presentation tomorrow.","Work/Office"
"the new software update suddenly stopped working since two days.","Technology"
"I think I need a checkup for body aches, and on top of that my sister suggested I see a specialist because of loose motions.","Health"
"abhi my monthly budget pay karna hai.","Finance"
"I had to reinstall my password manager right now","Technology"
"I've been dealing with joint pain next month.","Health"
"I'm nervous about the group presentation scheduled tomorrow, and i have to submit the practical exam by Friday.","Education"
"mere cousin ne bola hiring paperwork revise karo is weekend.","Work/Office"
"I have to submit the final exams since noon but i couldn't concentrate on the practical exam because of the noise.","Education"
"Mujhe lagta hai gale mein kharash badhta ja raha hai kyunki pichle hafte se kaan mein infection thik nahi ho raha.","Health"
"Hamari team project timeline pe atki hui hai kal se isliye onboarding documents submit kar diya kal lekin abhi tak reply nahi aaya.","Work/Office"
"I noticed the family gathering this weekend while walking next week","General/Other"
"Bataana mushkil hai lekin bina kisi wajah ke bahut stressed hoon.","Mood/Emotion"
"I can't figure out why the operating system is so slow tomorrow.","Technology"
"There's a meeting about the status update scheduled from tomorrow.","Work/Office"
"a running nose has been bothering me since noon","Health"
"It's hard to explain but I feel completely drained after getting that message, though it's hard to explain but I feel pretty disappointed since I've been so busy.","Mood/Emotion"
"I've been feeling a little low after that argument.","Mood/Emotion"
"aajkal walk karte waqt the garden we're planting dikha.","General/Other"
"my neighbor scheduled a call about the audit checklist since yesterday","Work/Office"
"We ordered tacos for dinner next month.","Food"
"pichle hafte se sar dard thik nahi ho raha par migraine ke liye appointment book karwa liya hai.","Health"
"Store mein sunglasses pe badi sale lagi hai Monday se kyunki is weekend online a pair of jeans order kiya.","Shopping"
"Pata nahi kyun par us baat cheet ke baad bahut emotionally thaka hua lag raha hoon.","Mood/Emotion"
"I finally cleared the insurance premium a few minutes ago so i need to pay the tax filing this month.","Finance"
"I've been feeling overwhelmed thinking about the future.","Mood/Emotion"
"I'm nervous about the thesis draft scheduled next week.","Education"
"kal the long queue at the grocery store ke baare mein baat hui","General/Other"
"i woke up feeling a little low since things didn't go as planned","Mood/Emotion"
"is weekend tak client presentation complete karna hai","Work/Office"
"We're hosting friends for the past three days and planning to make a vegetable stir fry.","Food"
"the mobile app baar crash ho raha hai dopahar se","Technology"
"customer support wale ne bola thoda rest kar naak behna thik ho jayega","Health"
"the shopkeeper advised me to review my savings account plus i finally cleared the personal loan EMI since Monday.","Finance"
"our local train to Mumbai got delayed by Friday, and on top of that i just checked in for my overnight bus to Kerala.","Travel"
"I had to skip work due to a headache next month","Health"
"Class miss hone ki wajah se the coding assignment mein peeche reh gaya hoon.","Education"
"mere neighbor ne bola specialist ko dikhao halka bukhar ke liye.","Health"
"I updated the office server and now nothing works properly.","Technology"
"is mahine se ghutno mein dard thik nahi ho raha, kyunki dhire skin par rash se recover kar raha hoon.","Health"
"i had to skip work due to acidity this morning","Health"
"do din se online a pair of jeans order kiya","Shopping"
"subah se wale the group presentation ko lekar nervous hoon, jabki kuch ghanton se wale the coding assignment ko lekar nervous hoon.","Education"
"I have to present the onboarding documents in front of the leadership these days.","Work/Office"
"Sach kahoon toh lambe din ke baad, mann bahut thoda anxious hai.","Mood/Emotion"
"The store had a huge sale on a smartwatch since two days.","Shopping"
"my password manager baar crash ho raha hai pichle teen din se, isliye papa ne the mobile app fix karne mein madad ki.","Technology"
"is weekend wale the thesis draft ko lekar nervous hoon.","Education"
"the office printer baar crash ho raha hai agle hafte.","Technology"
"I ordered a winter jacket online this morning.","Shopping"
"Bangalore wali overnight bus abhi delay ho gayi","Travel"
"Hamari team onboarding documents pe atki hui hai kuch ghanton se.","Work/Office"
"aajkal Ooty ke liye packing karni hai.","Travel"
"I had to reinstall the office server this afternoon, and my email account suddenly stopped working this weekend.","Technology"
"aajkal the Wi-Fi router reinstall karna pada.","Technology"
"Jo a laptop bag order kiya tha wo damaged aaya.","Shopping"
"Main santusht feel kar raha hoon us bahas ke baad.","Mood/Emotion"
"Honestly, I feel so frustrated since the plans got cancelled.","Mood/Emotion"
"raat se ghar pe a vegetable stir fry banane ki koshish ki.","Food"
"my roommate helped me fix the new software update while the office printer won't connect to the internet since two days.","Technology"
"is hafte wale the literature essay ko lekar nervous hoon.","Education"
"Monday se random mein the family gathering this weekend ki baat chal padi.","General/Other"
"mere roommate ne ek jagah bataayi jahan ka pasta zabardast hai, lekin friday tak dost aa rahe hain aur pasta banane ka plan hai.","Food"
"raat se my monthly budget pay karna hai halaanki the personal loan EMI auto-debit ho gaya kuch ghanton se.","Finance"
"I can't shake off this irritated feeling because of everything going on lately.","Mood/Emotion"
"sach kahoon toh aakhirkar kaam khatam karne ke baad mann bahut santusht hai","Mood/Emotion"
"Bijli phir chali gayi.","General/Other"
"I'm not sure whether to take a road trip or drive to Ooty, since i finally booked a road trip ticket to Dubai.","Travel"
"Recovering slowly from swelling in my ankle for a couple of hours.","Health"
"the train to Dubai was surprisingly comfortable","Travel"
"is mahine wale the literature essay ko lekar nervous hoon.","Education"
"pichle teen din se the chemistry lab report submit karna hai.","Education"
"dopahar se dinner mein biryani order kiya.","Food"
"Friday tak Mumbai ke liye packing karni hai","Travel"
"my password manager keeps crashing since noon.","Technology"
"I've been dealing with acidity this morning.","Health"
"professor ne bola specialist ko dikhao badan dard ke liye, uske upar se migraine ki wajah se aajkal kaam pe nahi ja paaya.","Health"
"the weather came up randomly in conversation today.","General/Other"
"I submitted the project timeline today but haven't heard back yet.","Work/Office"
"my roommate suggested I see a specialist because of body aches.","Health"
"I'm nervous about mathematics scheduled since noon.","Education"
"There's a strange feeling of being extremely stressed after that conversation.","Mood/Emotion"
"I finally got my results for the chemistry lab report.","Education"
"I tried making rajma chawal at home this evening.","Food"
"I need to finish the client presentation before this evening.","Work/Office"
"landlord ne bola marketing plan revise karo kuch minute pehle","Work/Office"
"Dubai wali train kaafi comfortable thi.","Travel"
"acidity ki wajah se Monday se kaam pe nahi ja paaya.","Health"
"ghar pe sab the weekend plans ke baare mein baat kar rahe the do din se","General/Other"
"a fixed deposit auto-debit ho gaya parso.","Finance"
"My head is hurting.","Health"
"I ordered a backpack online by Friday","Shopping"
"subah se ghar pe pasta banane ki koshish ki.","Food"
"Abhi the weekend plans ke baare mein soch raha tha.","General/Other"
"hiring paperwork ki deadline aage badh gayi kuch minute pehle, jabki abhi half day liya sprint review complete karne ke liye.","Work/Office"
"Pata nahi kyun par purane dosto ki yaad aane se bahut stressed lag raha hoon","Mood/Emotion"
"aaj shaam ko my mutual fund investment pay karna hai.","Finance"
"The delivery for sunglasses is delayed today.","Shopping"
"aaj shaam ko dinner mein momos order kiya.","Food"
"the scholarship application is turning out to be tougher than I expected.","Education"
"Subah se hi ajeeb sa calm mehsoos ho raha hai future ke baare mein soch kar.","Mood/Emotion"
"my password manager suddenly stopped working this afternoon, because the operating system won't connect to the internet in a while.","Technology"
"Pata nahi kyun par purane dosto ki yaad aane se bahut poori tarah drained lag raha hoon.","Mood/Emotion"
"I had to reinstall my laptop last night.","Technology"
"Lately I feel a little low after getting that message, and I don't know why.","Mood/Emotion"
"the shopkeeper helped me fix my email account.","Technology"
"Main thoda anxious feel kar raha hoon us bahas ke baad.","Mood/Emotion"
"I finally booked a flight ticket to Jaipur, but i finally booked a connecting flight ticket to Goa.","Travel"
"Lately I feel irritated because nothing seems to be going right, and I don't know why.","Mood/Emotion"
"Bataana mushkil hai lekin us baat cheet ke baad bahut stressed hoon.","Mood/Emotion"
"I can't shake off this overwhelmed feeling after hearing the news.","Mood/Emotion"
"a bad cough has been bothering me since two days, since i got my blood test done because of loose motions.","Health"
"agle mahine thoda time the neighbor's new dog sambhalne mein laga.","General/Other"
"I can't figure out why my browser is so slow since Monday though my friend helped me fix my smartwatch app.","Technology"
"Khud pe bahut proud hoon.","Mood/Emotion"
"dukaandaar ne the thesis draft samjhaane mein madad ki.","Education"
"There's a meeting about the status update scheduled since last week, but my mother asked me to revise the quarterly report by Friday.","Work/Office"
"aajkal ghar pe rajma chawal banane ki koshish ki halaanki kuch minute pehle dinner mein a cheese pizza order kiya.","Food"
"is weekend walk karte waqt a documentary I watched dikha.","General/Other"
"agle mahine random mein the neighbor's new dog ki baat chal padi.","General/Other"
"bangalore wali road trip parso delay ho gayi","Travel"
"Great sale going on today.","Shopping"
"my browser baar crash ho raha hai dopahar se halaanki my laptop achanak kaam karna band kar diya kal se.","Technology"
"It's hard to explain but I feel very motivated after finishing the task finally.","Mood/Emotion"
"I'm nervous about the coding assignment scheduled today.","Education"
"my roommate helped me understand the literature essay better.","Education"
"The store had a huge sale on a handbag in a while.","Shopping"
"kal raat se half day liya client presentation complete karne ke liye isliye is mahine half day liya team meeting notes complete karne ke liye.","Work/Office"
"badan dard ki wajah se is mahine kaam pe nahi ja paaya.","Health"
"I spent some time dealing with the weekend plans since noon, and on top of that just a heads up about the traffic on the way home.","General/Other"
"my brother recommended a good brand for a pair of running shoes, but the store had a huge sale on a study lamp tomorrow.","Shopping"
"There's a strange feeling of being really happy because nothing seems to be going right.","Mood/Emotion"
"I ordered a pair of jeans online this weekend.","Shopping"
"kal se work from home karke onboarding documents complete karunga, uske upar se mere colleague ne bola onboarding documents revise karo is weekend.","Work/Office"
"my laptop won't connect to the internet last night","Technology"
"I woke up feeling pretty disappointed without any clear reason.","Mood/Emotion"
"aaj the family gathering this weekend ke baare mein baat hui.","General/Other"
"professor ne bola my salary review karo.","Finance"
"aaj ghar pe rajma chawal banane ki koshish ki, uske upar se parso ghar pe idli sambar banane ki koshish ki.","Food"
"professor ne the new software update fix karne mein madad ki, lekin my laptop internet se connect hi nahi ho raha raat se.","Technology"
"kal raat se wale the group presentation ko lekar nervous hoon par papa ne the group presentation samjhaane mein madad ki.","Education"
"the history assignment is turning out to be tougher than I expected","Education"
"aajkal the weather ke baare mein baat hui.","General/Other"
"I'm planning a trip to Dubai tomorrow.","Travel"
"do din se Singapore ghumne ka plan bana raha hoon.","Travel"
"I spent some time dealing with a documentary I watched right now.","General/Other"
"I'm nervous about the practical exam scheduled since noon.","Education"
"The cab to Darjeeling was surprisingly comfortable.","Travel"
"The restaurant's paneer tikka was absolutely delicious.","Food"
"I woke up feeling content since things didn't go as planned","Mood/Emotion"
"My mutual fund investment got auto-debited since yesterday","Finance"
"I ordered a study lamp online last night.","Shopping"
"It's hard to explain but I feel emotionally exhausted after a long day while lately I feel really happy after that argument, and I don't know why.","Mood/Emotion"
"Varanasi wali local train kaafi comfortable thi.","Travel"
"I need to pay my online banking from tomorrow, so i finally cleared my credit card bill for a couple of hours.","Finance"
"Aajkal bahut excited feel ho raha hai us bahas ke baad.","Mood/Emotion"
"friday tak dinner mein pancakes order kiya","Food"
"The deadline for the client presentation got moved up this afternoon.","Work/Office"
"I finally cleared my credit card bill tomorrow.","Finance"
"Store mein a laptop bag pe badi sale lagi hai dopahar se isliye kal online a set of headphones order kiya.","Shopping"
"Store mein sunglasses pe badi sale lagi hai agle mahine","Shopping"
"i have to submit the scholarship application right now so my manager helped me understand the online course better.","Education"
"I just checked in for my road trip to Udaipur while the overnight bus to Udaipur was surprisingly comfortable.","Travel"
"My savings account got auto-debited just now.","Finance"
"professor ne ek achi brand suggest ki a laptop bag ke liye.","Shopping"
"My the loan application got auto-debited this afternoon.","Finance"
"my landlord scheduled a call about the budget proposal today.","Work/Office"
"We're hosting friends for a couple of hours and planning to make a cheese pizza, so customer support recommended a place that serves amazing pasta.","Food"
"We're renting a car once we reach Ooty","Travel"
"boss ne bola my salary review karo.","Finance"
"professor ne sprint review ke baare mein call rakhi hai kal se","Work/Office"
"i need to pay the tax filing tomorrow and i need to pay my monthly budget since two days.","Finance"
"mere roommate ne bola thoda rest kar jee michlana thik ho jayega.","Health"
"the office server suddenly stopped working this afternoon, since i had to reinstall the new software update right now.","Technology"
"my colleague advised me to review the insurance premium, and on top of that my the tax filing got auto-debited this weekend.","Finance"
"budget proposal submit kar diya Monday se lekin abhi tak reply nahi aaya, par marketing plan ko lekar meeting hai pichle hafte se.","Work/Office"
"Aakhirkar audit checklist close kar diya dopahar se par meri behen ne audit checklist ke baare mein call rakhi hai subah se.","Work/Office"
"a winter jacket ki delivery late ho rahi hai pichle teen din se, kyunki delivery wale ne ek achi brand suggest ki a backpack ke liye.","Shopping"
"I had to skip work due to dizziness since yesterday.","Health"
"our team is stuck on the budget proposal since last night","Work/Office"
"I need to pack for Dubai in a while because i need to pack for Ladakh this afternoon.","Travel"
"My mutual fund investment got auto-debited since noon","Finance"
"my bank statement auto-debit ho gaya kal se kyunki the insurance premium mein kuch mismatch hai jise sort karna hai.","Finance"
"Our flight to Varanasi got delayed next week.","Travel"
"We ordered dosa for dinner just now.","Food"
"I ordered a backpack online next month.","Shopping"
"my friend recommended a good brand for a formal shirt","Shopping"
"I noticed the weather while walking tomorrow.","General/Other"
"After weeks of preparation, I finally presented the budget proposal to the leadership, and they asked for a few changes before final approval.","Work/Office"
"delivery wale ne bola specialist ko dikhao pet dard ke liye.","Health"
"It's hard to explain but I feel irritated after getting that message, but i woke up feeling extremely stressed since I've been so busy.","Mood/Emotion"
"the loan application cover karne ke liye paise transfer kiye.","Finance"
"a kitchen mixer ki delivery late ho rahi hai abhi.","Shopping"
"agle hafte wale mathematics ko lekar nervous hoon.","Education"
"my mother advised me to review my bank statement even though my friend advised me to review my mutual fund investment.","Finance"
"news sunne ke baad, bas ek ajeeb sa restless feeling aa rahi hai.","Mood/Emotion"
"I finally booked a overnight bus ticket to Rishikesh, but the overnight bus to Manali was surprisingly comfortable.","Travel"
"I noticed the garden we're planting while walking today so i spent some time dealing with a documentary I watched since two days.","General/Other"
"Our connecting flight to Kolkata got delayed since last week","Travel"
"kuch minute pehle se kamar dard thik nahi ho raha kyunki is hafte se halka bukhar thik nahi ho raha.","Health"
"I've been dealing with an ear infection since two days.","Health"
"Everyone at home was discussing an old photo album this weekend.","General/Other"
"my landlord recommended a good brand for a formal shirt, and the shopkeeper recommended a good brand for a set of headphones.","Shopping"
"I'm nervous about the literature essay scheduled these days.","Education"
"Mujhe kal raat se takhne mein sujan ho raha hai.","Health"
"kal se dinner mein noodles order kiya","Food"
"Subah se hi bahut motivated mehsoos ho raha hai purane dosto ki yaad aane se.","Mood/Emotion"
"Blood test karwaya takhne mein sujan ki wajah se.","Health"
"Our road trip to Ladakh got delayed tomorrow but i'm planning a trip to Udaipur last night.","Travel"
"store mein a handbag pe badi sale lagi hai kal","Shopping"
"Pata nahi kyun par news sunne ke baad bahut akela lag raha hoon","Mood/Emotion"
"my laptop won't connect to the internet a few minutes ago plus the doctor helped me fix the operating system.","Technology"
"wo message padhne ke baad, bas ek ajeeb sa ajeeb sa calm feeling aa rahi hai.","Mood/Emotion"
"i ordered a handbag online from tomorrow","Shopping"
"I finally cleared my credit score these days plus i need to pay the electricity bill these days.","Finance"
"aaj online a kitchen mixer order kiya","Shopping"
"I can't figure out why my external hard drive is so slow by Friday.","Technology"
"customer support wale ne bola thoda rest kar halka bukhar thik ho jayega, kyunki skin par rash ki wajah se aajkal kaam pe nahi ja paaya.","Health"
"I'm planning a trip to Ooty right now while i'm not sure whether to take a overnight bus or drive to Udaipur.","Travel"
"kal se half day liya sales deck complete karne ke liye, jabki mere roommate ne bola status update revise karo aajkal.","Work/Office"
"Lately I feel a bit lonely since I've been so busy, and I don't know why.","Mood/Emotion"
"I've started taking medicine for chest tightness.","Health"
"I can't shake off this overwhelmed feeling without any clear reason even though i woke up feeling so frustrated after a long day.","Mood/Emotion"
"i'm planning a trip to Kerala this evening","Travel"
"teen websites pe a set of headphones ka price compare kiya","Shopping"
"We ordered pasta for dinner tomorrow.","Food"
"I have to submit physics these days.","Education"
"parso online a set of headphones order kiya, kyunki dopahar se online a dining table order kiya.","Shopping"
"Aakhirkar the personal loan EMI clear kar diya pichle teen din se.","Finance"
"pichle hafte se work from home karke sales deck complete karunga.","Work/Office"
"the shopkeeper suggested I see a specialist because of blurry vision, because i had to skip work due to a mild fever this month.","Health"
"It's hard to explain but I feel irritated after that argument.","Mood/Emotion"
"nausea has been bothering me last night.","Health"
"We ordered a cheese pizza for dinner next month.","Food"
"pichle teen din se physics submit karna hai.","Education"
"I ordered a backpack online these days.","Shopping"
"subah se hi emotionally thaka hua mehsoos ho raha hai itna busy rehne ki wajah se","Mood/Emotion"
"It's hard to explain but I feel a little low because I miss my old friends.","Mood/Emotion"
"kuch minute pehle online a pair of sneakers order kiya","Shopping"
"subah se mathematics submit karna hai","Education"
"We talked about an old photo album for a while since two days.","General/Other"
"I need to return this.","Shopping"
"is hafte the scholarship application submit karna hai.","Education"
"Ghar pe sab the new furniture we bought ke baare mein baat kar rahe the raat se.","General/Other"
"my smartwatch app won't connect to the internet by Friday.","Technology"
"Manali wali overnight bus kal raat se delay ho gayi","Travel"
"The cab to Delhi was surprisingly comfortable.","Travel"
"the new software update baar crash ho raha hai is weekend, isliye the new software update ko poori tarah reset karna padega.","Technology"
"Pata nahi kyun par news sunne ke baad bahut stressed lag raha hoon.","Mood/Emotion"
"the shopkeeper recommended a good brand for a smartwatch","Shopping"
"a pair of jeans ki delivery late ho rahi hai raat se halaanki a dining table ki delivery late ho rahi hai aajkal.","Shopping"
"the Wi-Fi router internet se connect hi nahi ho raha raat se par samajh nahi aa raha the Wi-Fi router itna slow kyun hai Friday tak.","Technology"
"mere roommate ne bola thoda rest kar halka bukhar thik ho jayega.","Health"
"a fixed deposit auto-debit ho gaya kal","Finance"
"abhi my email account reinstall karna pada.","Technology"
"Bataana mushkil hai lekin wo message padhne ke baad bahut proud hoon.","Mood/Emotion"
"a pair of running shoes ki delivery late ho rahi hai aajkal","Shopping"
"professor ne bola thoda rest kar aankhon mein dhundhlapan thik ho jayega aur mujhe abhi se kaan mein infection ho raha hai.","Health"
"I have to submit the coding assignment a few minutes ago plus the delivery guy helped me understand the coding assignment better.","Education"
"agle mahine the operating system reinstall karna pada.","Technology"
"I have to submit the chemistry lab report by Friday.","Education"
"the power cut yesterday came up randomly in conversation this weekend because i spent some time dealing with the garden we're planting since yesterday.","General/Other"
"pichle hafte se badan dard thik nahi ho raha.","Health"
"store mein a set of headphones pe badi sale lagi hai Friday tak kyunki store mein a new smartphone pe badi sale lagi hai do din se.","Shopping"
"There's a strange feeling of being content because nothing seems to be going right.","Mood/Emotion"
"i need to finish the status update before since yesterday","Work/Office"
"my cousin recommended a place that serves amazing a cheese pizza.","Food"
"the company website baar crash ho raha hai dopahar se","Technology"
"Store mein a pair of running shoes pe badi sale lagi hai dopahar se isliye pichle hafte se online a kitchen mixer order kiya.","Shopping"
"Singapore wali train do din se delay ho gayi.","Travel"
"Our cab to Ooty got delayed this month while i'm planning a trip to Delhi a few minutes ago.","Travel"
"a formal shirt pe zabardast discount mila.","Shopping"
"my sister recommended a place that serves amazing paneer tikka.","Food"
"my email account keeps crashing from tomorrow.","Technology"
"teacher ne mathematics samjhaane mein madad ki.","Education"
"future ke baare mein soch kar, bas ek ajeeb sa kaafi disappointed feeling aa rahi hai.","Mood/Emotion"
"a pair of sneakers ki delivery late ho rahi hai thodi der mein","Shopping"
"loose motion ke liye appointment book karwa liya hai.","Health"
"Recovering slowly from a sore throat a few minutes ago, so i got my blood test done because of a migraine.","Health"
"We're hosting friends from tomorrow and planning to make paneer tikka.","Food"
"Our road trip to Kerala got delayed these days but the connecting flight to Kerala was surprisingly comfortable.","Travel"
"I have to submit the final exams these days.","Education"
"aaj online a backpack order kiya.","Shopping"
"is weekend se ghutno mein dard thik nahi ho raha","Health"
"After catching up with an old friend yesterday, I've been feeling nostalgic and a little sad about how much things have changed.","Mood/Emotion"
"thodi der mein my browser reinstall karna pada","Technology"
"boss ne bola specialist ko dikhao naak behna ke liye.","Health"
"Jaipur wali connecting flight pichle teen din se delay ho gayi.","Travel"
"teacher ne ek achi brand suggest ki a pair of jeans ke liye par raat se online a laptop bag order kiya.","Shopping"
"a new smartphone ki delivery late ho rahi hai pichle teen din se, isliye kal raat se online a laptop bag order kiya.","Shopping"
"landlord ne bola sales deck revise karo agle hafte.","Work/Office"
"is mahine Delhi ghumne ka plan bana raha hoon.","Travel"
"The deadline for the vendor contract got moved up tomorrow.","Work/Office"
"Pata nahi kyun par us baat cheet ke baad bahut nervous lag raha hoon.","Mood/Emotion"
"I tried making idli sambar at home last night since we're hosting friends today and planning to make paneer tikka.","Food"
"We're hosting friends since morning and planning to make idli sambar.","Food"
"mere bhai ne bola thoda rest kar takhne mein sujan thik ho jayega, par checkup ke liye jaana padega seene mein jakadan ke liye.","Health"
"I had to reinstall my phone since yesterday.","Technology"
"Samajh nahi aa raha flight loon ya khud drive karke Dubai jaaun.","Travel"
"I have to present the vendor contract in front of the leadership for a couple of hours.","Work/Office"
"We're hosting friends since two days and planning to make momos.","Food"
"i ordered a smartwatch online this evening","Shopping"
"Sach kahoon toh plan cancel hone ke baad, mann bahut ajeeb sa calm hai","Mood/Emotion"
"Aaj subah manager ne achanak meeting bulai kyunki client ko delivery timeline ko lekar concerns the, ab poori team plan revise karne mein lagi hai.","Work/Office"
"my friend recommended a place that serves amazing a cheese pizza","Food"
"We talked about an old photo album for a while next month.","General/Other"
"my bank statement ki wajah se budget dobara plan kar raha hoon.","Finance"
"I spent some time dealing with an old photo album for a couple of hours.","General/Other"
"customer support wale ne the power cut yesterday ka zikr kiya baat cheet mein.","General/Other"
"Darjeeling ke itinerary mein bahut saari sightseeing hai.","Travel"
"We finally closed the budget proposal this month","Work/Office"
"audit checklist submit kar diya pichle hafte se lekin abhi tak reply nahi aaya.","Work/Office"
"the company website won't connect to the internet these days, though i updated the company website and now nothing works properly.","Technology"
"Abhi Dubai wali flight ke liye check-in kar liya.","Travel"
"an old photo album came up randomly in conversation since noon","General/Other"
"The store had a huge sale on a winter jacket today","Shopping"
"samajh nahi aa raha the mobile app itna slow kyun hai is weekend","Technology"
"I can't shake off this really excited feeling because nothing seems to be going right.","Mood/Emotion"
"I can't shake off this pretty disappointed feeling after a long day.","Mood/Emotion"
"I noticed an old photo album while walking this evening, so the noisy construction nearby came up randomly in conversation a few minutes ago.","General/Other"
"our overnight bus to Dubai got delayed for a couple of hours, since i need to pack for Dubai this month.","Travel"
"is mahine dinner mein pancakes order kiya.","Food"
"subah se online a backpack order kiya.","Shopping"
"Yeh thoda anxious wala feeling jaa hi nahi raha wo message padhne ke baad.","Mood/Emotion"
"after finishing the task finally, I've just been feeling restless.","Mood/Emotion"
"the office printer keeps crashing a few minutes ago","Technology"
"Lately I feel really excited because I miss my old friends, and I don't know why.","Mood/Emotion"
"I took a half day next week to catch up on the client presentation.","Work/Office"
"Our local train to Delhi got delayed tomorrow.","Travel"
"Jo a formal shirt order kiya tha wo damaged aaya.","Shopping"
"I had to reinstall my password manager this evening.","Technology"
"i can't shake off this really excited feeling after that argument","Mood/Emotion"
"raat se the power cut yesterday ke baare mein baat hui.","General/Other"
"My appointment for stomach pain got rescheduled.","Health"
"dopahar se dost aa rahe hain aur butter chicken banane ka plan hai.","Food"
"Samajh nahi aa raha the company website itna slow kyun hai kuch ghanton se halaanki delivery wale ne the office printer fix karne mein madad ki.","Technology"
"aakhirkar tacos ki recipe perfect ho gayi meri","Food"
"Ghar pe sab the traffic on the way home ke baare mein baat kar rahe the aaj.","General/Other"
"kal se wale the semester project ko lekar nervous hoon","Education"
"because nothing seems to be going right, I've just been feeling emotionally exhausted, so lately I feel extremely stressed after getting that message, and I don't know why.","Mood/Emotion"
"Lately I feel restless after finishing the task finally, and I don't know why.","Mood/Emotion"
"I had to reinstall the company website for the past three days.","Technology"
"I tried making pasta at home this month.","Food"
"We ordered butter chicken for dinner in a while.","Food"
"since I've been so busy, I've just been feeling really excited.","Mood/Emotion"
"a set of headphones ki delivery late ho rahi hai thodi der mein, isliye is mahine online a dining table order kiya.","Shopping"
"I've been feeling demotivated after that conversation","Mood/Emotion"
"the company website keeps crashing right now.","Technology"
"Monday se Udaipur ke liye packing karni hai.","Travel"
"my roommate recommended a good brand for a laptop bag, though my professor recommended a good brand for a winter jacket.","Shopping"
"pichle hafte se work from home karke team meeting notes complete karunga.","Work/Office"
"customer support scheduled a call about the onboarding documents last night.","Work/Office"
"We're hosting friends since Monday and planning to make grilled sandwiches so we're hosting friends today and planning to make pancakes.","Food"
"the neighborhood cat came up randomly in conversation since yesterday","General/Other"
"is hafte se ghutno mein dard thik nahi ho raha.","Health"
"meri behen ne bola specialist ko dikhao naak behna ke liye.","Health"
"the company website won't connect to the internet just now.","Technology"
"kaan mein infection ki wajah se kuch minute pehle kaam pe nahi ja paaya.","Health"
"We ordered noodles for dinner since morning","Food"
"my smartwatch app internet se connect hi nahi ho raha Monday se.","Technology"
"I need to pack for Singapore this weekend so i need to pack for Goa a few minutes ago.","Travel"
"Nice weather today.","General/Other"
"I took a half day for a couple of hours to catch up on the budget proposal.","Work/Office"
"We're staying at a small hotel near Kerala, though the hotel in Mumbai upgraded our room for free.","Travel"
"I need to pay my salary right now.","Finance"
"My bank statement got auto-debited just now.","Finance"
"my colleague is not happy with how the onboarding documents turned out.","Work/Office"
"landlord ne my laptop fix karne mein madad ki.","Technology"
"Bank se the loan application ke baare mein notification aayi.","Finance"
"Jo a pair of sneakers order kiya tha wo damaged aaya.","Shopping"
"subah se work from home karke quarterly report complete karunga","Work/Office"
"main thoda anxious feel kar raha hoon bina kisi wajah ke","Mood/Emotion"
"customer support wale ne the thesis draft samjhaane mein madad ki.","Education"
"Bataana mushkil hai lekin plan cancel hone ke baad bahut nervous hoon.","Mood/Emotion"
"Samajh nahi aa raha cab loon ya khud drive karke Jaipur jaaun.","Travel"
"Store mein a backpack pe badi sale lagi hai do din se uske alawa store mein a set of headphones pe badi sale lagi hai raat se.","Shopping"
"We ordered pasta for dinner for the past three days because we're hosting friends a few minutes ago and planning to make idli sambar.","Food"
"Aakhirkar my salary clear kar diya kuch minute pehle.","Finance"
"the mobile app suddenly stopped working this weekend.","Technology"
"bataana mushkil hai lekin aakhirkar kaam khatam karne ke baad bahut excited hoon","Mood/Emotion"
"I'm not sure whether to take a cab or drive to Dubai","Travel"
"the delivery guy recommended a place that serves amazing momos.","Food"
"I took a half day for the past three days to catch up on the code review.","Work/Office"
"mere neighbor ne the thesis draft samjhaane mein madad ki","Education"
"kal se seene mein jakadan thik nahi ho raha halaanki mujhe parso se seene mein jakadan ho raha hai.","Health"
"kolkata wali overnight bus kal se delay ho gayi","Travel"
"thodi der mein dost aa rahe hain aur a vegetable stir fry banane ka plan hai.","Food"
"parso walk karte waqt the festival preparations dikha.","General/Other"
"Sach kahoon toh wo message padhne ke baad, mann bahut kaafi frustrated hai.","Mood/Emotion"
"I took a half day since last night to catch up on the performance review.","Work/Office"
"mere neighbor ne ek achi brand suggest ki a pair of jeans ke liye lekin kuch ghanton se online a study lamp order kiya.","Shopping"
"kal tak marketing plan complete karna hai","Work/Office"
"delivery wale ne ek achi brand suggest ki a study lamp ke liye jabki a pair of sneakers ki delivery late ho rahi hai kuch minute pehle.","Shopping"
"is mahine dinner mein grilled sandwiches order kiya.","Food"
"mere bhai ne ek jagah bataayi jahan ka idli sambar zabardast hai.","Food"
"dopahar se wale the semester project ko lekar nervous hoon.","Education"
"the personal loan EMI auto-debit ho gaya aajkal.","Finance"
"Aakhirkar Kolkata ke liye local train ki ticket book kar li.","Travel"
"i'm nervous about the scholarship application scheduled next month","Education"
"Shimla wali flight is hafte delay ho gayi.","Travel"
"Samajh nahi aa raha connecting flight loon ya khud drive karke Ooty jaaun","Travel"
"the delivery guy recommended a place that serves amazing noodles.","Food"
"Ladakh ke itinerary mein bahut saari sightseeing hai uske alawa kal Darjeeling ghumne ka plan bana raha hoon.","Travel"
"is mahine the online course submit karna hai","Education"
"my manager asked me to revise the sales deck in a while.","Work/Office"
"kal raat se my credit card bill pay karna hai.","Finance"
"Aakhirkar my savings account clear kar diya kal se.","Finance"
"I finally bought a smartwatch after weeks of thinking about it.","Shopping"
"the office server won't connect to the internet a few minutes ago.","Technology"
"the company website achanak kaam karna band kar diya parso","Technology"
"i finally cleared my salary since Monday","Finance"
"the insurance premium auto-debit ho gaya agle hafte","Finance"
"mere cousin ne bola my salary review karo.","Finance"
"kal se the final exams submit karna hai isliye pichle hafte se wale physics ko lekar nervous hoon.","Education"
"the company website won't connect to the internet since last week, and on top of that the delivery guy helped me fix my email account.","Technology"
"Blood test karwaya seene mein jakadan ki wajah se.","Health"
"the flight to Goa was surprisingly comfortable","Travel"
"the traffic on the way home came up randomly in conversation by Friday while i noticed the family gathering this weekend while walking since last night.","General/Other"
"agle mahine random mein the power cut yesterday ki baat chal padi.","General/Other"
"I can't figure out why my smartwatch app is so slow this month.","Technology"
"lately I feel emotionally exhausted because I miss my old friends and I don't know why","Mood/Emotion"
"Manali wali overnight bus kal se delay ho gayi, par pune wali local train pichle hafte se delay ho gayi.","Travel"
"my colleague helped me understand the final exams better.","Education"
"Kerala wali overnight bus kaafi comfortable thi.","Travel"
"the office printer achanak kaam karna band kar diya aaj.","Technology"
"ghar pe sab the community meeting ke baare mein baat kar rahe the aaj shaam ko","General/Other"
"Our road trip to Bangalore got delayed right now.","Travel"
"Lately I feel really excited because nothing seems to be going right, and I don't know why.","Mood/Emotion"
"We hosted a small dinner for friends last weekend and ended up making way too much food, so we've been eating leftovers for three days now.","Food"
"Subah se hi bahut excited mehsoos ho raha hai us bahas ke baad.","Mood/Emotion"
"Aakhirkar onboarding documents close kar diya abhi.","Work/Office"
"I need to pack for Ladakh right now","Travel"
"Aajkal thoda anxious feel ho raha hai itna busy rehne ki wajah se.","Mood/Emotion"
"mere cousin ne the new software update fix karne mein madad ki.","Technology"
"Store mein a smartwatch pe badi sale lagi hai thodi der mein, isliye a pair of sneakers ki delivery late ho rahi hai agle mahine.","Shopping"
"i ordered a backpack online since noon","Shopping"
"kharab mausam ki wajah se local train cancel ho gayi","Travel"
"Aakhirkar client presentation close kar diya parso.","Work/Office"
"kuch minute pehle my credit card bill pay karna hai.","Finance"
"I finally cleared my credit card bill since last night.","Finance"
"I've been feeling very motivated since things didn't go as planned.","Mood/Emotion"
"The delivery for a pair of running shoes is delayed by Friday.","Shopping"
"Sach kahoon toh plan cancel hone ke baad, mann bahut akela hai","Mood/Emotion"
"my sister helped me understand the history assignment better.","Education"
"parso online a kitchen mixer order kiya.","Shopping"
"mere colleague ne bola my credit score review karo lekin kal my credit card bill pay karna hai.","Finance"
"I tried making pasta at home since morning.","Food"
"i ordered a kitchen mixer online tomorrow","Shopping"
"agle mahine online a kitchen mixer order kiya","Shopping"
"There's a strange feeling of being content after that conversation","Mood/Emotion"
"is hafte walk karte waqt a documentary I watched dikha","General/Other"
"Sach kahoon toh cheezein plan ke hisaab se na hone ki wajah se, mann bahut restless hai.","Mood/Emotion"
"My the personal loan EMI got auto-debited since two days.","Finance"
"My appointment for chest tightness got rescheduled","Health"
"the delivery guy helped me understand the practical exam better","Education"
"I finally cleared my mutual fund investment since two days.","Finance"
"I had to reinstall the Wi-Fi router since morning.","Technology"
"Ghar pe sab the weekend plans ke baare mein baat kar rahe the thodi der mein.","General/Other"
"i feel like an ear infection is getting worse today","Health"
"seene mein jakadan ki wajah se parso kaam pe nahi ja paaya","Health"
"thodi der mein Kolkata ke liye packing karni hai.","Travel"
"Recovering slowly from a skin rash this afternoon.","Health"
"my father helped me understand physics better","Education"
"I finally booked a cab ticket to Kerala so our road trip to Udaipur got delayed by Friday.","Travel"
"onboarding documents ko lekar meeting hai aaj.","Work/Office"
"my manager is not happy with how the sales deck turned out.","Work/Office"
"a study lamp cart mein daala hai lekin checkout nahi kiya abhi tak","Shopping"
"Client call at noon.","Work/Office"
"aajkal half day liya team meeting notes complete karne ke liye","Work/Office"
"aaj a fixed deposit pay karna hai","Finance"
"We finally closed the vendor contract by Friday","Work/Office"
"my father scheduled a call about the marketing plan this weekend, since i took a half day since noon to catch up on the hiring paperwork.","Work/Office"
"Recovering slowly from a bad cough this evening.","Health"
"my browser baar crash ho raha hai is mahine","Technology"
"Pata nahi kyun par sab kuch ek saath ho raha hai isliye bahut akela lag raha hoon.","Mood/Emotion"
"raat se the thesis draft submit karna hai halaanki is mahine the literature essay submit karna hai.","Education"
"I'm planning a trip to Kolkata next month while i need to pack for Dubai right now.","Travel"
"Bukhar aa gaya hai.","Health"
"My credit card bill got auto-debited since last week.","Finance"
"We ordered a vegetable stir fry for dinner since yesterday.","Food"
"abhi walk karte waqt the long queue at the grocery store dikha.","General/Other"
"the new software update keeps crashing tomorrow.","Technology"
"my landlord recommended a place that serves amazing paneer tikka, though i tried making grilled sandwiches at home next week.","Food"
"aaj online a new smartphone order kiya.","Shopping"
"I'm returning sunglasses because it didn't fit.","Shopping"
"customer support wale ne khush nahi hai audit checklist ke result se","Work/Office"
"my mother mentioned the power cut yesterday during our chat","General/Other"
"the office server internet se connect hi nahi ho raha thodi der mein.","Technology"
"my phone internet se connect hi nahi ho raha pichle hafte se, par customer support wale ne my email account fix karne mein madad ki.","Technology"
"I tried making noodles at home this weekend.","Food"
"my savings account auto-debit ho gaya kal raat se","Finance"
"I finally cleared my savings account this morning.","Finance"
"I tried making butter chicken at home these days.","Food"
"is mahine the final exams submit karna hai halaanki teacher ne mathematics ka extra homework de diya.","Education"
"Kolkata wali local train is mahine delay ho gayi.","Travel"
"i finally booked a local train ticket to Kerala plus i need to pack for Delhi this month.","Travel"
"I finally booked a overnight bus ticket to Pune.","Travel"
"my father scheduled a call about the status update for a couple of hours.","Work/Office"
"the Wi-Fi router update kiya aur ab kuch bhi thik se kaam nahi kar raha.","Technology"
"agle hafte Shimla ke liye packing karni hai, par aakhirkar Manali ke liye train ki ticket book kar li.","Travel"
"i spent some time dealing with an old photo album by Friday","General/Other"
"Abhi the power cut yesterday ke baare mein soch raha tha.","General/Other"
"we finally closed the vendor contract since last night, and on top of that i need to finish the team meeting notes before since last week.","Work/Office"
"Monday se dost aa rahe hain aur tacos banane ka plan hai.","Food"
"Honestly, I feel proud after a long day, while since things didn't go as planned, I've just been feeling proud.","Mood/Emotion"
"my landlord suggested I see a specialist because of loose motions.","Health"
"I'm planning a trip to Delhi next week because i just checked in for my connecting flight to Varanasi.","Travel"
"Store mein a study lamp pe badi sale lagi hai Friday tak.","Shopping"
"dukaandaar ne budget proposal ke baare mein call rakhi hai parso","Work/Office"
"I tried making noodles at home from tomorrow.","Food"
"I finally cleared the electricity bill since two days, and on top of that i need to pay my savings account next month.","Finance"
"Aakhirkar audit checklist close kar diya aaj","Work/Office"
"I've been dealing with an ear infection in a while.","Health"
"I'm nervous about the coding assignment scheduled since last night, because i have to submit the online course this afternoon.","Education"
"the personal loan EMI check kiya toh kuch ajeeb laga.","Finance"
"mere cousin ne bola this month's rent review karo","Finance"
"Lately I feel unusually calm because of everything going on lately, and I don't know why","Mood/Emotion"
"my email account ka password bhool gaya.","Technology"
"I can't figure out why my laptop is so slow this evening.","Technology"
"the operating system won't connect to the internet next week.","Technology"
"I have to submit physics since yesterday.","Education"
"I noticed nausea a few minutes ago and it's not going away.","Health"
"is hafte random mein the long queue at the grocery store ki baat chal padi","General/Other"
"I'm nervous about the history assignment scheduled since last week, since customer support helped me understand the semester project better.","Education"
"aaj shaam ko the literature essay submit karna hai.","Education"
"I'm nervous about the entrance exam scheduled in a while.","Education"
"my savings account auto-debit ho gaya Monday se, jabki aakhirkar a fixed deposit clear kar diya is mahine.","Finance"
"Pata nahi kyun par wo message padhne ke baad bahut ajeeb sa calm lag raha hoon.","Mood/Emotion"
"my external hard drive suddenly stopped working this afternoon, because i had to reinstall my phone since last week.","Technology"
"Recovering slowly from stomach pain by Friday","Health"
"i woke up feeling pretty disappointed since things didn't go as planned","Mood/Emotion"
"a dining table ki delivery late ho rahi hai pichle hafte se.","Shopping"
"Ghar pe sab the family gathering this weekend ke baare mein baat kar rahe the pichle hafte se.","General/Other"
"parso random mein the garden we're planting ki baat chal padi.","General/Other"
"mere neighbor ne bola thoda rest kar kamar dard thik ho jayega.","Health"
"I ordered a study lamp online from tomorrow","Shopping"
"Aakhirkar my salary clear kar diya dopahar se.","Finance"
"Store mein a backpack pe badi sale lagi hai agle hafte.","Shopping"
"Mujhe parso se kamzori ho raha hai.","Health"
"Delhi ke hotel ne free mein room upgrade kar diya par samajh nahi aa raha connecting flight loon ya khud drive karke Darjeeling jaaun.","Travel"
"the community meeting came up randomly in conversation since two days.","General/Other"
"Everyone at home was discussing the traffic on the way home this evening.","General/Other"
"my friend advised me to review my bank statement.","Finance"
"Aakhirkar project timeline close kar diya aaj.","Work/Office"
"aajkal the thesis draft submit karna hai.","Education"
"There's a strange feeling of being quite anxious since the plans got cancelled.","Mood/Emotion"
"kaan mein infection ki wajah se do din se kaam pe nahi ja paaya.","Health"
"Everyone at home was discussing the community meeting last night while the neighborhood cat came up randomly in conversation last night.","General/Other"
"Udaipur wali overnight bus kal delay ho gayi.","Travel"
"It's hard to explain but I feel restless since the plans got cancelled.","Mood/Emotion"
"my browser internet se connect hi nahi ho raha parso.","Technology"
"mummy ne a documentary I watched ka zikr kiya baat cheet mein.","General/Other"
"papa ne a documentary I watched ka zikr kiya baat cheet mein.","General/Other"
"I need to pay my bank statement since yesterday, because my father advised me to review the insurance premium.","Finance"
"I've started taking medicine for a headache.","Health"
"kal se migraine thik nahi ho raha","Health"
"samajh nahi aa raha my laptop itna slow kyun hai pichle hafte se","Technology"
"The store had a huge sale on a smartwatch just now.","Shopping"
"kal se the garden we're planting ke baare mein baat hui.","General/Other"
"I need to pack for Varanasi since noon, though i need to pack for Jaipur by Friday.","Travel"
"jee michlana ki wajah se raat bhar so nahi paaya.","Health"
"cook karne ka mann nahi hai isliye tacos order kar rahe hain","Food"
"Yeh ajeeb sa calm wala feeling jaa hi nahi raha cheezein plan ke hisaab se na hone ki wajah se.","Mood/Emotion"
"I need to pack for Kolkata for the past three days.","Travel"
"The store had a huge sale on a backpack from tomorrow.","Shopping"
"The flight to Udaipur was surprisingly comfortable.","Travel"
"abhi Singapore ke liye packing karni hai.","Travel"
"I've been dealing with a skin rash right now.","Health"
"mere cousin ne bola quarterly report revise karo aajkal.","Work/Office"
"aajkal santusht feel ho raha hai wo message padhne ke baad","Mood/Emotion"
"naak behna ki wajah se is mahine kaam pe nahi ja paaya, uske upar se pichle hafte se acidity thik nahi ho raha.","Health"
"mummy ne khush nahi hai status update ke result se.","Work/Office"
"Mujhe raat se badan dard ho raha hai.","Health"
"team meeting notes submit kar diya aaj shaam ko lekin abhi tak reply nahi aaya isliye mummy ne bola status update revise karo kuch ghanton se.","Work/Office"
"Friday tak ghar pe rajma chawal banane ki koshish ki uske alawa meri behen ne ek jagah bataayi jahan ka noodles zabardast hai.","Food"
"I have to submit the entrance exam since yesterday.","Education"
"abhi mathematics submit karna hai.","Education"
"is hafte thoda time the family gathering this weekend sambhalne mein laga.","General/Other"
"there's a meeting about the performance review scheduled since two days","Work/Office"
"kuch minute pehle walk karte waqt the weather dikha.","General/Other"
"Recovering slowly from blurry vision tomorrow","Health"
"I'll be working from home last night to complete the sales deck, and i need to finish the code review before by Friday.","Work/Office"
"sunglasses pe zabardast discount mila.","Shopping"
"my brother helped me fix my email account.","Technology"
"I can't shake off this quite anxious feeling after hearing the news.","Mood/Emotion"
"the doctor recommended a place that serves amazing a fruit salad.","Food"
"We ordered rajma chawal for dinner tomorrow.","Food"
"Main santusht feel kar raha hoon purane dosto ki yaad aane se.","Mood/Emotion"
"Store mein a study lamp pe badi sale lagi hai aaj.","Shopping"
"is mahine tak project timeline complete karna hai.","Work/Office"
"my mother recommended a good brand for a smartwatch.","Shopping"
"Kal se pet mein itna dard ho raha hai ki khana khaane ka mann hi nahi kar raha aur weakness bhi mehsoos ho rahi hai.","Health"
"we're hosting friends a few minutes ago and planning to make dosa","Food"
"agle mahine Darjeeling ke liye packing karni hai aur aakhirkar Kerala ke liye connecting flight ki ticket book kar li.","Travel"
"Everyone at home was discussing the traffic on the way home for a couple of hours.","General/Other"
"I noticed the festival preparations while walking since morning.","General/Other"
"Delivery delay ke baare mein customer support ko reply karne mein poora hafta lag gaya, aur jab tak reply aaya tab tak item pahunch bhi gaya tha.","Shopping"
"kal se online a new smartphone order kiya, jabki mere colleague ne ek achi brand suggest ki a new smartphone ke liye.","Shopping"
"papa ne my phone fix karne mein madad ki aur the operating system baar crash ho raha hai aaj.","Technology"
"We're hosting friends this month and planning to make paneer tikka, while we ordered paneer tikka for dinner right now.","Food"
"the mobile app internet se connect hi nahi ho raha aaj.","Technology"
"i had to reinstall my email account next month","Technology"
"kal the literature essay submit karna hai","Education"
"Ghar pe sab a documentary I watched ke baare mein baat kar rahe the agle mahine.","General/Other"
"pichle hafte se wale the scholarship application ko lekar nervous hoon.","Education"
"I finally cleared the electricity bill in a while.","Finance"
"hiring paperwork ki deadline aage badh gayi aaj shaam ko","Work/Office"
"My appointment for joint pain got rescheduled.","Health"
"Yeh kaafi frustrated wala feeling jaa hi nahi raha bina kisi wajah ke.","Mood/Emotion"
"We're hosting friends from tomorrow and planning to make pancakes, and we're hosting friends just now and planning to make momos.","Food"
"I need to pack for Bangalore today.","Travel"
"Pata nahi kyun par us bahas ke baad bahut ajeeb sa calm lag raha hoon.","Mood/Emotion"
"I ordered a backpack online right now.","Shopping"
"Kerala wali flight pichle teen din se delay ho gayi par singapore wali overnight bus agle hafte delay ho gayi.","Travel"
"Lately I feel a little low after finishing the task finally, and I don't know why.","Mood/Emotion"
"kal dinner mein a fruit salad order kiya, par agle mahine ghar pe pav bhaji banane ki koshish ki.","Food"
"i can't shake off this proud feeling because of everything going on lately","Mood/Emotion"
"We talked about the community meeting for a while tomorrow.","General/Other"
"aaj kaafi shaant din raha bas the noisy construction nearby ke baare mein soch raha tha","General/Other"
"teacher ne bola thoda rest kar migraine thik ho jayega, par checkup ke liye jaana padega migraine ke liye.","Health"
"is weekend the entrance exam submit karna hai jabki parso wale the practical exam ko lekar nervous hoon.","Education"
"rishikesh wali cab is hafte delay ho gayi","Travel"
"my brother helped me fix the office printer so the mobile app won't connect to the internet since noon.","Technology"
"Sach kahoon toh itna busy rehne ki wajah se, mann bahut thoda low hai.","Mood/Emotion"
"I need to pay my bank statement since two days, because i finally cleared my savings account just now.","Finance"
"I ordered sunglasses online since yesterday.","Shopping"
"mere cousin ne bola audit checklist revise karo kuch minute pehle.","Work/Office"
"pichle teen din se Kerala ghumne ka plan bana raha hoon, uske upar se shimla ke itinerary mein bahut saari sightseeing hai.","Travel"
"There's a strange feeling of being a bit lonely because of everything going on lately.","Mood/Emotion"
"The deadline for the quarterly report got moved up tomorrow.","Work/Office"
"we ordered dosa for dinner a few minutes ago, while we're hosting friends since two days and planning to make butter chicken.","Food"
"the power cut yesterday came up randomly in conversation since last week.","General/Other"
"agle mahine online a new smartphone order kiya","Shopping"
"Varanasi wali local train agle mahine delay ho gayi, kyunki thodi der mein Kolkata ghumne ka plan bana raha hoon.","Travel"
"The store had a huge sale on a laptop bag next week.","Shopping"
"my monthly budget got auto-debited this month","Finance"
"status update submit kar diya aaj lekin abhi tak reply nahi aaya.","Work/Office"
"Recovering slowly from nausea tomorrow.","Health"
"There's a meeting about the code review scheduled next month and my boss scheduled a call about the hiring paperwork this month.","Work/Office"
"Bangalore wali local train is hafte delay ho gayi uske alawa abhi Darjeeling wali flight ke liye check-in kar liya.","Travel"
"I've been feeling irritated after that conversation","Mood/Emotion"
"I switched to a new my external hard drive because the old one kept freezing, so my cousin helped me fix my password manager.","Technology"
"i had to reinstall the company website right now","Technology"
"abhi online a smartwatch order kiya.","Shopping"
"I've been feeling quite anxious since things didn't go as planned though it's hard to explain but I feel so frustrated after finishing the task finally.","Mood/Emotion"
"i spent some time dealing with the weekend plans since Monday","General/Other"
"my professor helped me understand mathematics better.","Education"
"delivery wale ne bola specialist ko dikhao ghutno mein dard ke liye.","Health"
"papa ne bola my credit card bill review karo par the personal loan EMI auto-debit ho gaya kal.","Finance"
"We finally closed the quarterly report for the past three days since my cousin asked me to revise the vendor contract these days.","Work/Office"
"abhi my password manager reinstall karna pada.","Technology"
"Recovering slowly from a running nose tomorrow.","Health"
"itna busy rehne ki wajah se, bas ek ajeeb sa bahut stressed feeling aa rahi hai.","Mood/Emotion"
"mere neighbor ne ek achi brand suggest ki a handbag ke liye.","Shopping"
"My the insurance premium got auto-debited from tomorrow.","Finance"
"The store had a huge sale on a dining table this month","Shopping"
"Kal se aankhon mein dhundhlapan pareshan kar raha hai, jabki teacher ne bola thoda rest kar skin par rash thik ho jayega.","Health"
"Monday se the garden we're planting ke baare mein baat hui.","General/Other"
"I can't shake off this pretty disappointed feeling because I miss my old friends, though there's a strange feeling of being proud since things didn't go as planned.","Mood/Emotion"
"There's a strange feeling of being really excited after hearing the news so it's hard to explain but I feel pretty disappointed after that argument.","Mood/Emotion"
"Aakhirkar my monthly budget clear kar diya aaj.","Finance"
"agle hafte se kaafi khaansi thik nahi ho raha.","Health"
"Ever since the project got cancelled at the last minute, I've been feeling this weird mix of relief and disappointment that I can't quite put into words.","Mood/Emotion"
"Lunch skip karke seedha noodles kha liya.","Food"
"The deadline for the client presentation got moved up since two days.","Work/Office"
"doctor ne sprint review ke baare mein call rakhi hai kuch minute pehle.","Work/Office"
"subah se half day liya budget proposal complete karne ke liye.","Work/Office"
"Mujhe raat se ghutno mein dard ho raha hai.","Health"
"i'm craving butter chicken right now","Food"
"I can't shake off this demotivated feeling after a long day","Mood/Emotion"
"I'm nervous about the online course scheduled just now.","Education"
"Bataana mushkil hai lekin sab kuch ek saath ho raha hai isliye bahut motivated hoon.","Mood/Emotion"
"Aakhirkar my credit card bill clear kar diya subah se.","Finance"
"The flight to Singapore was surprisingly comfortable.","Travel"
"The momos at that new cafe was overpriced.","Food"
"We're hosting friends this month and planning to make noodles.","Food"
"the delivery guy mentioned the garden we're planting during our chat.","General/Other"
"I added a kitchen mixer to my cart but haven't checked out yet.","Shopping"
"my bank statement auto-debit ho gaya thodi der mein.","Finance"
"Our teacher gave extra homework for the thesis draft.","Education"
"our team is stuck on the budget proposal since morning","Work/Office"
"There's a meeting about the team meeting notes scheduled next week.","Work/Office"
"The airport security took forever right now.","Travel"
"Samajh nahi aa raha my laptop itna slow kyun hai raat se, aur kal se the office printer reinstall karna pada.","Technology"
"there's a strange feeling of being hopeful thinking about the future","Mood/Emotion"
"Honestly, I feel a bit lonely after hearing the news, though i can't shake off this so frustrated feeling since the plans got cancelled.","Mood/Emotion"
"I noticed the traffic on the way home while walking since Monday.","General/Other"
"the delivery guy advised me to review my bank statement.","Finance"
"Our team is stuck on the quarterly report since yesterday.","Work/Office"
"The store had a huge sale on a set of headphones since last week, because the store had a huge sale on sunglasses for the past three days.","Shopping"
"aaj the semester project submit karna hai.","Education"
"The store had a huge sale on a set of headphones for the past three days","Shopping"
"a formal shirt ko different size mein exchange karwana hai.","Shopping"
"I can't figure out why my phone is so slow this evening.","Technology"
"My credit score got auto-debited since yesterday.","Finance"
"raat se my external hard drive reinstall karna pada.","Technology"
"Mujhe kal raat se kaafi khaansi ho raha hai.","Health"
"delivery wale ne bola thoda rest kar aankhon mein dhundhlapan thik ho jayega halaanki gale mein kharash ki wajah se Friday tak kaam pe nahi ja paaya.","Health"
"I spent some time dealing with a documentary I watched since last week since an old photo album came up randomly in conversation by Friday.","General/Other"
"yeh kaafi khush wala feeling jaa hi nahi raha itna busy rehne ki wajah se","Mood/Emotion"
"I'm craving grilled sandwiches right now.","Food"
"aaj shaam ko se loose motion thik nahi ho raha.","Health"
"I've been feeling quite anxious after that conversation.","Mood/Emotion"
"the office server baar crash ho raha hai pichle teen din se.","Technology"
"sab kuch ek saath ho raha hai isliye, bas ek ajeeb sa hopeful feeling aa rahi hai","Mood/Emotion"
"I've been feeling pretty disappointed since I've been so busy.","Mood/Emotion"
"Aakhirkar Shimla ke liye local train ki ticket book kar li aur is weekend Bangalore ghumne ka plan bana raha hoon.","Travel"
"pichle teen din se Bangalore ghumne ka plan bana raha hoon.","Travel"
"Subah se hi poori tarah drained mehsoos ho raha hai sab kuch ek saath ho raha hai isliye.","Mood/Emotion"
"Ghar pe sab the neighborhood cat ke baare mein baat kar rahe the abhi.","General/Other"
"pichle teen din se ghar pe noodles banane ki koshish ki kyunki do din se dinner mein dosa order kiya.","Food"
"I added a laptop bag to my cart but haven't checked out yet.","Shopping"
"I had to skip work due to a running nose this evening though woke up with joint pain and decided to rest today.","Health"
"Abhi Singapore wali local train ke liye check-in kar liya.","Travel"
"the teacher advised me to review this month's rent","Finance"
"mere neighbor ne bola the insurance premium review karo, kyunki aakhirkar my savings account clear kar diya kuch minute pehle.","Finance"
"i submitted the vendor contract by Friday but haven't heard back yet","Work/Office"
"aaj shaam ko Bangalore ghumne ka plan bana raha hoon.","Travel"
"kal raat se dost aa rahe hain aur biryani banane ka plan hai","Food"
"Recovering slowly from a headache this month.","Health"
"We're hosting friends since morning and planning to make rajma chawal because we're hosting friends last night and planning to make grilled sandwiches.","Food"
"my smartwatch app won't connect to the internet last night.","Technology"
"Ladakh wali local train is weekend delay ho gayi kyunki varanasi wali local train kal raat se delay ho gayi.","Travel"
"it's been a quiet day mostly thinking about the garden we're planting","General/Other"
"my external hard drive achanak kaam karna band kar diya agle hafte","Technology"
"It's been a quiet day, mostly thinking about the neighbor's new dog, so i noticed the noisy construction nearby while walking these days.","General/Other"
"I finally cleared the tax filing today","Finance"
"my father suggested I see a specialist because of weakness.","Health"
"Aaj seene mein jakadan ki wajah se rest kar raha hoon.","Health"
"Darjeeling wali overnight bus subah se delay ho gayi, jabki jaipur wali cab kal raat se delay ho gayi.","Travel"
"the doctor recommended a good brand for a set of headphones since the delivery for a laptop bag is delayed since last week.","Shopping"
"do din se halka bukhar thik nahi ho raha.","Health"
"abhi my phone reinstall karna pada","Technology"
"Honestly, I feel restless because nothing seems to be going right.","Mood/Emotion"
"mere cousin ne bola specialist ko dikhao kaan mein infection ke liye.","Health"
"i need to pay the electricity bill last night even though i finally cleared this month's rent a few minutes ago.","Finance"
"quarterly report submit kar diya Friday tak lekin abhi tak reply nahi aaya, lekin mere roommate ne khush nahi hai team meeting notes ke result se.","Work/Office"
"Samajh nahi aa raha cab loon ya khud drive karke Pune jaaun, uske upar se varanasi wali road trip Monday se delay ho gayi.","Travel"
"Aajkal restless feel ho raha hai news sunne ke baad.","Mood/Emotion"
"I woke up feeling extremely stressed since the plans got cancelled.","Mood/Emotion"
"Sach kahoon toh cheezein plan ke hisaab se na hone ki wajah se, mann bahut motivated hai.","Mood/Emotion"
"Our team is stuck on the onboarding documents this afternoon.","Work/Office"
"my neighbor recommended a good brand for a backpack, but the teacher recommended a good brand for a pair of running shoes.","Shopping"
"landlord ne the traffic on the way home ka zikr kiya baat cheet mein.","General/Other"
"ghar pe sab the noisy construction nearby ke baare mein baat kar rahe the pichle teen din se","General/Other"
"Bataana mushkil hai lekin lambe din ke baad bahut stressed hoon.","Mood/Emotion"
"There's a strange feeling of being demotivated thinking about the future.","Mood/Emotion"
"Udaipur wali local train kaafi comfortable thi.","Travel"
"I spent some time dealing with the long queue at the grocery store next month.","General/Other"
"Everyone at home was discussing the neighbor's new dog from tomorrow.","General/Other"
"there's a strange feeling of being emotionally exhausted since things didn't go as planned","Mood/Emotion"
"Abhi Goa wali overnight bus ke liye check-in kar liya kyunki ladakh wali train raat se delay ho gayi.","Travel"
"Yeh emotionally thaka hua wala feeling jaa hi nahi raha bina kisi wajah ke.","Mood/Emotion"
"Samajh nahi aa raha cab loon ya khud drive karke Rishikesh jaaun, jabki abhi Delhi ghumne ka plan bana raha hoon.","Travel"
"my email account achanak kaam karna band kar diya raat se.","Technology"
"vendor contract ki deadline aage badh gayi is weekend.","Work/Office"
"the Wi-Fi router won't connect to the internet this weekend.","Technology"
"abhi se seene mein jakadan thik nahi ho raha, par mere cousin ne bola specialist ko dikhao naak behna ke liye.","Health"
"I woke up feeling a little low thinking about the future, and because I miss my old friends, I've just been feeling completely drained.","Mood/Emotion"
"I tried making momos at home for the past three days.","Food"
"Ghar pe sab the long queue at the grocery store ke baare mein baat kar rahe the dopahar se.","General/Other"
"is mahine mathematics submit karna hai.","Education"
"Abhi bhi the practical exam ki taiyari kar raha hoon.","Education"
"Ever since I caught a cold last week, I haven't been able to sleep properly at night because of the constant coughing and congestion.","Health"
"agle mahine dinner mein rajma chawal order kiya","Food"
"my external hard drive update kiya aur ab kuch bhi thik se kaam nahi kar raha.","Technology"
"The train to Pune was surprisingly comfortable.","Travel"
"the office printer won't connect to the internet tomorrow.","Technology"
"I need to pay my bank statement today.","Finance"
"the noisy construction nearby ke baare mein kuch interesting padha","General/Other"
"I'm not sure whether to take a connecting flight or drive to Dubai.","Travel"
"I woke up feeling extremely stressed without any clear reason.","Mood/Emotion"
"do din se Varanasi ke liye packing karni hai.","Travel"
"dopahar se kamzori thik nahi ho raha.","Health"
"Aajkal bahut motivated feel ho raha hai us baat cheet ke baad.","Mood/Emotion"
"Monday se ghar pe dosa banane ki koshish ki.","Food"
"I can't shake off this hopeful feeling thinking about the future.","Mood/Emotion"
"I need to pack for Kolkata since noon.","Travel"
"my boss recommended a good brand for a pair of jeans, though my colleague recommended a good brand for a pair of sneakers.","Shopping"
"I spent some time dealing with the long queue at the grocery store just now.","General/Other"
"customer support mentioned the neighbor's new dog during our chat.","General/Other"
"I'm not sure whether to take a connecting flight or drive to Darjeeling, though i need to pack for Delhi this afternoon.","Travel"
"chest tightness has been bothering me since last night.","Health"
"We ordered paneer tikka for dinner this weekend, while my brother recommended a place that serves amazing pancakes.","Food"
"I forgot the password for the office printer.","Technology"
"Aakhirkar Kolkata ke liye overnight bus ki ticket book kar li.","Travel"
"a winter jacket ki delivery late ho rahi hai pichle hafte se.","Shopping"
"I ordered a dining table online since yesterday","Shopping"
"dopahar se half day liya code review complete karne ke liye, kyunki mere cousin ne khush nahi hai client presentation ke result se.","Work/Office"
"The airport security took forever for the past three days.","Travel"
"my laptop keeps crashing since two days.","Technology"
"my brother helped me understand physics better.","Education"
"my browser keeps crashing from tomorrow.","Technology"
"kamzori ki wajah se aaj kaam pe nahi ja paaya.","Health"
"raat se loose motion thik nahi ho raha uske alawa badan dard ki wajah se aaj shaam ko kaam pe nahi ja paaya.","Health"
"Delhi wali cab kaafi comfortable thi.","Travel"
"my savings account auto-debit ho gaya is hafte.","Finance"
"It's hard to explain but I feel proud thinking about the future.","Mood/Emotion"
"I feel like an ear infection is getting worse since noon.","Health"
"the family gathering this weekend came up randomly in conversation next week.","General/Other"
"do din se the group presentation submit karna hai","Education"
"a backpack ki delivery late ho rahi hai pichle hafte se isliye store mein a new smartphone pe badi sale lagi hai is weekend.","Shopping"
"subah se the electricity bill pay karna hai, lekin aakhirkar my monthly budget clear kar diya kuch ghanton se.","Finance"
"I spent some time dealing with the family gathering this weekend today.","General/Other"
"the community meeting came up randomly in conversation this morning, though i spent some time dealing with the weather just now.","General/Other"
"my password manager suddenly stopped working this month so i can't figure out why the Wi-Fi router is so slow a few minutes ago.","Technology"
"I finally perfected my recipe for a cheese pizza.","Food"
"itna busy rehne ki wajah se, bas ek ajeeb sa bahut overwhelmed feeling aa rahi hai.","Mood/Emotion"
"i've been dealing with blurry vision for the past three days","Health"
"I feel like a mild fever is getting worse this morning.","Health"
"I tried making a cheese pizza at home next month, and we're hosting friends since two days and planning to make paneer tikka.","Food"
"I'm nervous about the entrance exam scheduled since last night though i have to submit mathematics since last week.","Education"
"Samajh nahi aa raha cab loon ya khud drive karke Delhi jaaun.","Travel"
"pichle teen din se dost aa rahe hain aur pancakes banane ka plan hai aur butter chicken bahut spicy tha, poora khaya hi nahi gaya.","Food"
"Bangalore wali local train aaj shaam ko delay ho gayi aur pichle teen din se Ladakh ke liye packing karni hai.","Travel"
"my smartwatch app achanak kaam karna band kar diya kuch minute pehle","Technology"
"Store mein a dining table pe badi sale lagi hai parso.","Shopping"
"I'm planning a trip to Rishikesh this month, but i finally booked a local train ticket to Rishikesh.","Travel"
"I noticed the weekend plans while walking since last night.","General/Other"
"abhi the semester project submit karna hai","Education"
"customer support wale ne ek achi brand suggest ki a pair of running shoes ke liye.","Shopping"
"I have to present the budget proposal in front of the leadership since last week but the deadline for the marketing plan got moved up for a couple of hours.","Work/Office"
"We ordered pasta for dinner this morning.","Food"
"my sister helped me understand the practical exam better.","Education"
"is hafte wale the scholarship application ko lekar nervous hoon aur mere cousin ne physics samjhaane mein madad ki.","Education"
"Our connecting flight to Darjeeling got delayed by Friday.","Travel"
"I need to pay my monthly budget this weekend.","Finance"
"I ordered a study lamp online this afternoon.","Shopping"
"my credit score auto-debit ho gaya kal raat se, kyunki aakhirkar the insurance premium clear kar diya parso.","Finance"
"I have to submit the practical exam since morning.","Education"
"the new software update suddenly stopped working since last night since i can't figure out why my browser is so slow for the past three days.","Technology"
"boss ne the long queue at the grocery store ka zikr kiya baat cheet mein.","General/Other"
"Everyone at home was discussing the family gathering this weekend by Friday.","General/Other"
"thodi der mein online a pair of jeans order kiya.","Shopping"
"aajkal my smartwatch app reinstall karna pada.","Technology"
"Main thoda anxious feel kar raha hoon sab kuch ek saath ho raha hai isliye.","Mood/Emotion"
"professor ne ek achi brand suggest ki a winter jacket ke liye.","Shopping"
"My the insurance premium got auto-debited this afternoon.","Finance"
"We ordered biryani for dinner this month.","Food"
"Ghar pe sab a documentary I watched ke baare mein baat kar rahe the abhi.","General/Other"
"Sach kahoon toh sab kuch ek saath ho raha hai isliye, mann bahut excited hai.","Mood/Emotion"
"I had to skip work due to weakness a few minutes ago.","Health"
